time/iterations,rollout/ep_len_mean,time/total_timesteps,rollout/ep_rew_mean,time/fps,time/time_elapsed,train/entropy_loss,train/loss,train/clip_fraction,train/std,train/explained_variance,train/value_loss,train/clip_range,train/policy_gradient_loss,train/n_updates,train/learning_rate,train/approx_kl
1,1000.0,12288,654.7212648333333,11882,1,,,,,,,,,,,
2,1000.0,24576,774.187847,8890,2,7.876343577106794,88.68269348144531,0.2478515625,0.13874079287052155,0.06117159128189087,226.6115750948588,0.2,-0.007412493319134228,11390,5e-05,0.017771626
3,966.8611111111111,36864,849.1242341388889,8269,4,7.877462178468704,50.24437713623047,0.1934326171875,0.13872544467449188,0.27811652421951294,118.22419230937957,0.2,-0.010370275029708864,11400,5e-05,0.01572903
4,959.6875,49152,857.2062743958335,7994,6,7.8779804835716885,57.37358474731445,0.23173014322916666,0.1387515813112259,0.7477774024009705,93.66589170296987,0.2,-0.009474950280370346,11410,5e-05,0.017553521
5,953.1,61440,841.9623607333335,7817,7,7.877233322461446,85.11978912353516,0.19908854166666667,0.13872851431369781,0.5292218923568726,229.06657134691875,0.2,-0.009574292516723896,11420,5e-05,0.014365193
6,939.9866666666667,73728,851.98883612,7720,9,7.876790585120519,53.68780517578125,0.24117838541666667,0.1387818604707718,0.5956880450248718,123.42343490918478,0.2,-0.005153203733304205,11430,5e-05,0.02006605
7,948.264367816092,86016,826.7726324367817,7655,11,7.874854961037636,78.1619644165039,0.3143717447916667,0.1388135552406311,0.774956464767456,137.55824786027273,0.2,-0.009861176940709508,11440,5e-05,0.026417697
8,954.5353535353536,98304,846.3976077979797,7591,12,7.873480292161306,114.7396011352539,0.1783935546875,0.13882336020469666,0.644647479057312,304.8603270530701,0.2,-0.00955755162043109,11450,5e-05,0.013595752
9,945.97,110592,817.9846826000003,7557,14,7.873941593368849,90.11095428466797,0.1760498046875,0.13877995312213898,0.8063756823539734,295.7132759730021,0.2,-0.007948075975097406,11460,5e-05,0.012861341
10,945.97,122880,847.8770404900001,7530,16,7.875349669655164,182.6817626953125,0.20673828125,0.13879947364330292,0.7996708154678345,453.70272776285805,0.2,-0.010106110524308558,11470,5e-05,0.016744392
11,959.82,135168,786.4116129100001,7498,18,7.8711982329686485,27.469532012939453,0.5592692057291667,0.13891705870628357,0.9151269197463989,85.1585545261701,0.2,0.012761847638951924,11480,5e-05,0.06544293
12,963.17,147456,764.2149034099999,7480,19,7.864748738209406,125.75145721435547,0.3098388671875,0.13893817365169525,0.8125050663948059,356.3578865369161,0.2,-0.008775443702810056,11490,5e-05,0.022291696
13,955.8,159744,741.4877074000001,7468,21,7.865037636955579,103.95902252197266,0.24209798177083333,0.1388891488313675,0.7643443942070007,234.6088459332784,0.2,-0.004191610471752938,11500,5e-05,0.017738791
14,965.29,172032,754.75085824,7452,23,7.867188054323196,65.28350830078125,0.39462890625,0.13889993727207184,0.8292999267578125,154.774156665802,0.2,0.0017735121694083015,11510,5e-05,0.035910875
15,965.29,184320,809.18586665,7440,24,7.861507868766784,59.720394134521484,0.8836588541666667,0.13896791636943817,0.7543982267379761,96.64503142038981,0.2,0.14301947812297536,11520,5e-05,1.7256025
16,965.29,196608,796.34928829,7433,26,7.8476928522189455,7.167572021484375,0.6566324869791667,0.13904571533203125,0.9223212003707886,19.87570931514104,0.2,0.04245160134548011,11530,5e-05,0.09450829
17,965.64,208896,873.64909316,7426,28,7.8380374044179915,50.2441520690918,0.4084065755208333,0.13915503025054932,0.7947286367416382,85.34977010885875,0.2,0.002587745417743766,11540,5e-05,0.03756198
18,966.69,221184,835.34841092,7417,29,7.81996403336525,3.8135485649108887,0.5794596354166667,0.1394454538822174,0.9394274353981018,16.38315822482109,0.2,0.023105969227132542,11550,5e-05,0.074589975
19,972.19,233472,917.4736836800001,7412,31,7.803095572193464,38.62870407104492,0.3494140625,0.13954584300518036,0.7934396862983704,103.80274646282196,0.2,-0.003164749971862572,11560,5e-05,0.02592148
20,970.73,245760,935.95398011,7403,33,7.8095857789119085,7.895354270935059,0.4887451171875,0.13935856521129608,0.9392268657684326,20.951664996147155,0.2,0.008470455508601541,11570,5e-05,0.050674606
21,978.1,258048,968.5164234499998,7404,34,7.817389706770579,20.876462936401367,0.427490234375,0.13936342298984528,0.8827917575836182,48.28962256113688,0.2,-0.0009553128378077721,11580,5e-05,0.044578716
22,985.48,270336,940.7834483399998,7402,36,7.808476962645849,10.558512687683105,0.5184244791666667,0.1395130455493927,0.9502931237220764,24.7709243953228,0.2,0.013137318635320602,11590,5e-05,0.052548688
23,970.05,282624,942.50884806,7404,38,7.804155685504278,41.39743423461914,0.38072102864583335,0.13942062854766846,0.8669468760490417,70.44666926066081,0.2,0.0014235262909399655,11600,5e-05,0.032905556
24,956.31,294912,929.85794042,7405,39,7.811847452322642,6.205195903778076,0.5102294921875,0.13925020396709442,0.9605168700218201,14.626218374570211,0.2,0.012202142514676476,11610,5e-05,0.05613594
25,956.31,307200,908.9869956900001,7403,41,7.817852463324865,24.821062088012695,0.413525390625,0.13918165862560272,0.9159061312675476,67.13238348166148,0.2,-0.0014566730863104264,11620,5e-05,0.03894386
26,963.93,319488,900.60691816,7403,43,7.817228335142135,109.22032165527344,0.3777994791666667,0.1392049342393875,0.8019253015518188,168.29664696852367,0.2,-0.003822301167626089,11630,5e-05,0.03943627
27,963.93,331776,882.4287677199999,7398,44,7.81683915356795,82.11634063720703,0.3295166015625,0.13920940458774567,0.7871341705322266,243.66275588671365,0.2,-0.005442515670680829,11640,5e-05,0.022333724
28,962.78,344064,878.4834553599999,7388,46,7.821549326181412,27.28129768371582,0.42938639322916666,0.1390887051820755,0.927730917930603,62.61530543963114,0.2,0.001384606844415733,11650,5e-05,0.040603355
29,954.96,356352,890.603093,7389,48,7.815712244311968,66.0021743774414,0.5078043619791667,0.13924993574619293,0.8484755158424377,183.4990142464638,0.2,0.0010996787750627846,11660,5e-05,0.05319948
30,941.02,368640,902.7094397099997,7386,49,7.811245509982109,5.783186912536621,0.5308349609375,0.1392715573310852,0.9559339880943298,12.458526279528936,0.2,0.013975279530859553,11670,5e-05,0.0713668
31,956.07,380928,914.82332068,7380,51,7.807621685663859,14.122315406799316,0.44182942708333334,0.13927794992923737,0.9571196436882019,34.95840670069059,0.2,0.0009755485967616551,11680,5e-05,0.049218494
32,952.81,393216,876.0348362699999,7379,53,7.79728922744592,15.783394813537598,0.49307454427083336,0.13944731652736664,0.9200686812400818,74.23240903615951,0.2,0.003950996040657628,11690,5e-05,0.047188774
33,952.81,405504,878.5798658799999,7379,54,7.788426552216212,44.83364486694336,0.34905598958333334,0.13950344920158386,0.7865888476371765,175.27071722348532,0.2,-0.002631271914287936,11700,5e-05,0.031117767
34,952.81,417792,884.5662698299999,7381,56,7.783211697141329,13.565391540527344,0.40699869791666665,0.13955560326576233,0.9526658654212952,38.42748285134633,0.2,0.0020027163681030895,11710,5e-05,0.04363683
35,952.81,430080,818.5205853000001,7381,58,7.7790230492750805,92.4048843383789,0.2888997395833333,0.13959383964538574,0.9315953850746155,207.36260692278543,0.2,-0.0025614737411766932,11720,5e-05,0.020807547
36,960.86,442368,836.2760551400002,7382,59,7.779596057534218,76.5698471069336,0.3438802083333333,0.13960230350494385,0.89247065782547,212.45001664161683,0.2,-0.00040801791668248675,11730,5e-05,0.032317866
37,968.68,454656,787.2854912999999,7381,61,7.78553658425808,43.587364196777344,0.3565266927083333,0.13947658240795135,0.9475793838500977,98.98626600901285,0.2,0.00038099022713140586,11740,5e-05,0.03276738
38,975.3,466944,756.19122463,7382,63,7.783747136592865,85.81613159179688,0.4112548828125,0.1396203339099884,0.9220350384712219,238.33733744621276,0.2,0.00159206396395651,11750,5e-05,0.037286196
39,971.5,479232,722.68093641,7382,64,7.779592569669088,30.800325393676758,0.46820475260416666,0.13953076303005219,0.9531666040420532,78.66162057717641,0.2,0.007707801520397576,11760,5e-05,0.044196922
40,986.53,491520,749.50025244,7382,66,7.782977302869161,106.2345962524414,0.4395833333333333,0.13950257003307343,0.8904673457145691,213.40276662508646,0.2,0.00264171275193803,11770,5e-05,0.04389186
41,986.53,503808,730.59219994,7380,68,7.7800296425819395,74.84793090820312,0.4160074869791667,0.13956739008426666,0.8917317390441895,266.39031993548076,0.2,0.002358278230531141,11780,5e-05,0.041244887
42,959.48,516096,744.56765073,7380,69,7.764604524771372,26.59530258178711,0.5679606119791667,0.13986526429653168,0.9485977292060852,65.44760446548462,0.2,0.02926884026043505,11790,5e-05,0.083497345
43,943.41,528384,718.16435276,7381,71,7.7511864046255745,51.536903381347656,0.481494140625,0.13986623287200928,0.9368517398834229,102.58044775327046,0.2,0.00791957066054844,11800,5e-05,0.05404422
44,935.75,540672,646.19219318,7380,73,7.74617915848891,189.3248291015625,0.38368326822916665,0.13998375833034515,0.8335265517234802,379.9744422912598,0.2,0.001228037027855559,11810,5e-05,0.02994141
45,943.07,552960,689.4439849600001,7381,74,7.740235471725464,88.47588348388672,0.37076009114583336,0.13997502624988556,0.8767217993736267,326.21365756988524,0.2,0.000800119640189223,11820,5e-05,0.038590867
46,943.06,565248,655.06264203,7381,76,7.7330860952536264,10.311233520507812,0.58564453125,0.14012157917022705,0.9583325386047363,29.18092168768247,0.2,0.02297752670904932,11830,5e-05,0.09042195
47,949.21,577536,677.5653139000002,7382,78,7.730944496393204,47.307334899902344,0.34027506510416666,0.14009065926074982,0.9553561806678772,109.39753997325897,0.2,-0.0017374741092983945,11840,5e-05,0.02607561
48,949.21,589824,663.1876861599999,7382,79,7.728653957446416,57.56424331665039,0.37128092447916666,0.1401797980070114,0.9489943981170654,138.14358417193094,0.2,0.0006201403011800721,11850,5e-05,0.029958129
49,956.13,602112,696.3518920199999,7382,81,7.719365856051445,64.83386993408203,0.37022298177083335,0.1403241753578186,0.9290490746498108,183.5538850625356,0.2,-0.0005661909274446467,11860,5e-05,0.0340769
50,960.27,614400,698.2133470399999,7382,83,7.701914902528127,7.614564895629883,0.5514078776041667,0.14057384431362152,0.9718121886253357,30.233501172065736,0.2,0.017191389192885254,11870,5e-05,0.070582055
51,968.15,626688,742.9592497900002,7383,84,7.691802032788595,82.90865325927734,0.4374267578125,0.14062175154685974,0.9241520166397095,189.75724062919616,0.2,0.004665789946739096,11880,5e-05,0.043823186
52,975.81,638976,794.64903624,7382,86,7.68178386191527,42.42607116699219,0.5772135416666667,0.1406758576631546,0.9202109575271606,129.62265543142954,0.2,0.01662682076227308,11890,5e-05,0.06461727
53,968.09,651264,763.1120434699999,7382,88,7.671232161919276,67.79988098144531,0.389013671875,0.1408078521490097,0.9511390924453735,153.36903733412424,0.2,0.0018997954427807902,11900,5e-05,0.033325326
54,959.09,663552,791.2142675000001,7384,89,7.663623728354772,23.840206146240234,0.4255859375,0.140862837433815,0.9720486998558044,54.17735337813695,0.2,0.000985733555717161,11910,5e-05,0.041855935
55,959.09,675840,790.9123851299998,7384,91,7.659969813625017,39.67521286010742,0.41842447916666664,0.14088784158229828,0.9381203651428223,103.77746958335241,0.2,-0.0003139456763165072,11920,5e-05,0.030591138
56,950.66,688128,725.01710009,7383,93,7.657073805729548,72.55074310302734,0.35133463541666665,0.14089535176753998,0.9485737681388855,155.66251627604166,0.2,-0.0012340887503038782,11930,5e-05,0.029639756
57,944.26,700416,688.2896884200001,7383,94,7.653427110115687,98.47474670410156,0.31521809895833336,0.14087487757205963,0.894480288028717,262.9203463236491,0.2,-0.003254365036264062,11940,5e-05,0.026485229
58,960.25,712704,731.5787175999999,7382,96,7.657422885298729,43.157630920410156,0.47337239583333335,0.14069627225399017,0.9612217545509338,77.30241213639577,0.2,0.010588545491433858,11950,5e-05,0.049936462
59,968.44,724992,721.0204644100002,7383,98,7.661549793680509,44.51459884643555,0.37555338541666666,0.14071661233901978,0.9471269249916077,103.99562426408131,0.2,-0.0004956938724111144,11960,5e-05,0.03127059
60,968.44,737280,749.3184306300001,7384,99,7.664418770869573,11.371207237243652,0.5434651692708333,0.1405734121799469,0.9753932952880859,35.61054835319519,0.2,0.025524223092361353,11970,5e-05,0.05940679
61,973.95,749568,770.8671140099998,7384,101,7.650524652997652,11.176547050476074,0.692138671875,0.14085175096988678,0.9206929206848145,36.78995027542114,0.2,0.06036360998502156,11980,5e-05,0.10405151
62,971.53,761856,785.6510133100002,7384,103,7.609412336349488,14.989562034606934,0.8241943359375,0.14131735265254974,0.8973090648651123,33.39990376631419,0.2,0.10591863731582028,11990,5e-05,0.4383578
63,971.53,774144,801.0448233699999,7382,104,7.5783174733320875,9.395930290222168,0.5029866536458333,0.14145711064338684,0.9625070095062256,21.3678795337677,0.2,0.005797993889427744,12000,5e-05,0.053910583
64,979.96,786432,804.5651471799999,7381,106,7.573827557762464,82.83414459228516,0.24752604166666667,0.14146095514297485,0.9377440214157104,143.17993785540264,0.2,-0.007862401886086445,12010,5e-05,0.020464236
65,986.36,798720,801.5308408100001,7379,108,7.574772399663925,93.29422760009766,0.22408854166666667,0.14146150648593903,0.9260994791984558,209.45600989659627,0.2,-0.0070721955179275636,12020,5e-05,0.01728618
66,963.64,811008,785.84222907,7380,109,7.574990330139796,54.25414276123047,0.2851643880208333,0.14149345457553864,0.9278538823127747,93.14799999396006,0.2,-0.0074904872710855365,12030,5e-05,0.024232352
67,963.64,823296,753.4650144299999,7380,111,7.573611815770467,43.70307159423828,0.4041666666666667,0.14154496788978577,0.955500602722168,94.15113385518391,0.2,0.0002488680576789193,12040,5e-05,0.034426894
68,958.02,835584,667.6610293900001,7374,113,7.573750436306,159.67050170898438,0.23404134114583333,0.14152346551418304,0.8419440984725952,417.30774157842,0.2,-0.00652077259728685,12050,5e-05,0.019909868
69,964.27,847872,618.60762619,7375,114,7.573012493054072,109.39398193359375,0.2854736328125,0.14153914153575897,0.8972920775413513,264.8358632087708,0.2,-0.006842565942012394,12060,5e-05,0.022090843
70,963.19,860160,582.6443187299999,7375,116,7.570093233386675,121.25778198242188,0.2811686197916667,0.141572043299675,0.9311816692352295,255.8966915130615,0.2,-0.0036474124678837444,12070,5e-05,0.025146447
71,956.74,872448,608.43840684,7374,118,7.567262332638105,65.78378295898438,0.419482421875,0.1415715217590332,0.9350664019584656,160.36282538572948,0.2,0.0005565688106192586,12080,5e-05,0.043678474
72,956.74,884736,622.94613765,7373,119,7.559897296627363,41.612220764160156,0.4278645833333333,0.14167045056819916,0.9631012082099915,79.08230177561443,0.2,0.004114954970524802,12090,5e-05,0.04448381
73,964.1,897024,598.22551762,7373,121,7.545061778028806,163.95484924316406,0.44810384114583335,0.14180362224578857,0.9069843888282776,320.78936227162677,0.2,0.0013906289318886896,12100,5e-05,0.052869577
74,979.46,909312,587.6163719499999,7373,123,7.529090724388758,81.09584045410156,0.5377197265625,0.14199601113796234,0.9362918734550476,193.55134628613789,0.2,0.012215926300268621,12110,5e-05,0.0778243
75,979.46,921600,587.15172572,7372,124,7.5156081567207975,103.69294738769531,0.44203287760416665,0.14201296865940094,0.9226429462432861,236.25249354044595,0.2,0.0017028707855691512,12120,5e-05,0.0472405
76,987.3,933888,642.58387034,7373,126,7.515725617607434,166.99461364746094,0.2982096354166667,0.14197470247745514,0.9349959492683411,324.5230055809021,0.2,-0.005255581247426259,12130,5e-05,0.028722202
77,979.47,946176,646.6557888999998,7373,128,7.522345292568207,59.92959976196289,0.40691731770833334,0.14187541604042053,0.956516683101654,123.26409707069396,0.2,-0.0011641190346078172,12140,5e-05,0.030948764
78,979.47,958464,621.34745998,7373,129,7.523529332876206,190.4796600341797,0.5406656901041667,0.14181819558143616,0.842924177646637,495.2258723258972,0.2,0.006015445942951677,12150,5e-05,0.07846362
79,985.72,970752,572.00993011,7374,131,7.520143128434817,50.36955261230469,0.5233154296875,0.14191760122776031,0.9563995003700256,158.17613507906597,0.2,0.008743720815012542,12160,5e-05,0.051389765
80,992.17,983040,598.35776468,7373,133,7.513570581873258,178.29237365722656,0.40330403645833335,0.14201737940311432,0.93048095703125,385.1138936042786,0.2,-9.524112586708118e-06,12170,5e-05,0.03420214
81,988.74,995328,611.70040895,7374,134,7.506747643152873,74.18736267089844,0.38653971354166666,0.14203567802906036,0.9402083158493042,164.05348105430602,0.2,-0.0032963514007860796,12180,5e-05,0.034444556
82,988.74,1007616,606.41027044,7373,136,7.503871122996013,56.36661911010742,0.45709635416666666,0.14204545319080353,0.9552748799324036,146.55436469713848,0.2,0.0038699709068168884,12190,5e-05,0.0478019
83,969.14,1019904,605.54357096,7373,138,7.494459633032481,138.35560607910156,0.39132486979166664,0.14218784868717194,0.9335940480232239,270.0130164941152,0.2,-0.0025627549601874005,12200,5e-05,0.03445845
84,969.14,1032192,616.09145406,7373,139,7.494776785373688,19.85603904724121,0.5139241536458333,0.1420784741640091,0.9619285464286804,58.10354909102122,0.2,0.01856488505048522,12210,5e-05,0.06426313
85,976.97,1044480,643.7233214200002,7372,141,7.494615174333254,19.09132957458496,0.5342041015625,0.14210523664951324,0.9639701843261719,39.30507883628209,0.2,0.013892951633776345,12220,5e-05,0.05721931
86,976.97,1056768,621.8884409799999,7371,143,7.492586758732796,71.79496002197266,0.3701985677083333,0.14210303127765656,0.9316797852516174,168.08114670117695,0.2,-0.001028757170327784,12230,5e-05,0.03252462
87,976.97,1069056,641.8364723999998,7369,145,7.493392179409663,122.08287811279297,0.2967447916666667,0.14212952554225922,0.9221735596656799,289.19093170166013,0.2,-0.005285522312139316,12240,5e-05,0.026260907
88,961.72,1081344,635.5367417799999,7370,146,7.48790571987629,54.064334869384766,0.36917317708333336,0.14228783547878265,0.9416449666023254,121.57750395139058,0.2,-0.002358164322989372,12250,5e-05,0.0322115
89,965.15,1093632,656.92848996,7370,148,7.466494091351827,51.5802001953125,0.6535725911458333,0.1425495594739914,0.9661018252372742,102.25830159187316,0.2,0.03524618576678525,12260,5e-05,0.09932771
90,965.15,1105920,679.2501998299999,7370,150,7.4507486452658975,58.91644287109375,0.5555826822916666,0.14283189177513123,0.9574037194252014,131.52712877591452,0.2,0.012072448854451068,12270,5e-05,0.06201814
91,968.4,1118208,711.6038068899999,7371,151,7.437079164385795,38.06177520751953,0.5147298177083334,0.14300112426280975,0.9291845560073853,97.45893007914225,0.2,0.011415572921396232,12280,5e-05,0.07620883
92,968.4,1130496,678.68605848,7369,153,7.430035476883252,40.18500900268555,0.330517578125,0.14297764003276825,0.9629138112068176,85.15718489487966,0.2,-0.0052583812629260745,12290,5e-05,0.025030905
93,950.42,1142784,657.91061723,7368,155,7.428090843558311,69.63436889648438,0.27125651041666665,0.14303340017795563,0.9484131336212158,163.43407390912373,0.2,-0.005352528427223054,12300,5e-05,0.02090806
94,950.42,1155072,755.4774434899997,7367,156,7.423152430852254,29.639562606811523,0.47236328125,0.14308150112628937,0.9504780173301697,59.976745851834615,0.2,0.008455990437263002,12310,5e-05,0.044279855
95,936.55,1167360,797.8036825999999,7366,158,7.415287566184998,3.364960193634033,0.607177734375,0.143241748213768,0.9755696654319763,9.672310873866081,0.2,0.0270141209946208,12320,5e-05,0.10447621
96,945.77,1179648,802.58208315,7364,160,7.409251178304355,5.974559307098389,0.5306396484375,0.1432153582572937,0.9737127423286438,13.644662848114967,0.2,0.01077986818612165,12330,5e-05,0.065292634
97,931.97,1191936,833.34462982,7357,161,7.408786187569301,7.738580226898193,0.46368001302083334,0.14315788447856903,0.9546062350273132,21.401516115665437,0.2,0.005200296213054874,12340,5e-05,0.043137144
98,927.61,1204224,821.3483400999999,7351,163,7.407664729158084,16.254549026489258,0.41941731770833335,0.14315450191497803,0.9799826741218567,32.43149431943893,0.2,-0.002972209974056265,12350,5e-05,0.045763656
99,943.96,1216512,838.1774181700001,7346,165,7.409655967354775,56.37766647338867,0.4052734375,0.1431703120470047,0.9311560988426208,121.9570416688919,0.2,0.00023004502824430044,12360,5e-05,0.041321095
100,946.53,1228800,873.9326199600001,7345,167,7.412297916412354,72.99959564208984,0.396240234375,0.14309723675251007,0.9418118596076965,87.24754056533178,0.2,-0.0025323117117901956,12370,5e-05,0.03045865
101,951.45,1241088,883.53270187,7345,168,7.412870807449023,11.114400863647461,0.47682291666666665,0.14314325153827667,0.9670156240463257,26.115148919820786,0.2,0.011305104189280732,12380,5e-05,0.07943667
102,953.35,1253376,854.7179827299998,7345,170,7.406062046686809,19.095651626586914,0.43446451822916665,0.14318260550498962,0.9689946174621582,48.33638453086217,0.2,0.003908564690694523,12390,5e-05,0.040726762
103,965.27,1265664,829.2111845100001,7344,172,7.401490966478984,40.34486389160156,0.4085774739583333,0.14319606125354767,0.9727649688720703,64.50865942637125,0.2,-0.0005753618446760811,12400,5e-05,0.045087915
104,965.27,1277952,846.50021827,7341,174,7.382392465074857,57.3518180847168,0.8370279947916667,0.14352716505527496,0.7206004858016968,206.79906610647836,0.2,0.10152058865545162,12410,5e-05,0.45953688
105,979.07,1290240,848.9224416799998,7341,175,7.371618706981341,4.141478538513184,0.547802734375,0.14349578320980072,0.9563950896263123,11.660243461529413,0.2,0.012375830141051362,12420,5e-05,0.07029063
106,983.43,1302528,865.44177667,7340,177,7.369317143162092,39.31529235839844,0.43792317708333334,0.14351923763751984,0.9670525193214417,56.569427049160005,0.2,0.0031456217882805506,12430,5e-05,0.0396938
107,983.43,1314816,843.9794962999999,7340,179,7.357631192604701,9.205848693847656,0.47607421875,0.1436888724565506,0.8991454839706421,32.33213000694911,0.2,0.010254652246658225,12440,5e-05,0.04621287
108,982.1,1327104,838.0021211799999,7341,180,7.346674617131551,21.650203704833984,0.360302734375,0.14370106160640717,0.8775863647460938,69.2715059041977,0.2,-0.007723498098494019,12450,5e-05,0.03167045
109,987.69,1339392,859.66555481,7339,182,7.348514037330945,11.337779998779297,0.3468424479166667,0.14367680251598358,0.9528946280479431,43.76456005970637,0.2,-0.005638950403469304,12460,5e-05,0.030622184
110,992.95,1351680,880.6289537099998,7337,184,7.350598631302516,16.84930992126465,0.3586018880208333,0.1436930149793625,0.9527003765106201,39.54905297557513,0.2,-0.000978278516655943,12470,5e-05,0.03225492
111,991.6,1363968,868.1476786700001,7337,185,7.352605851491292,24.03644561767578,0.3969482421875,0.1436968892812729,0.9659504890441895,43.90503825346629,0.2,-0.004756798699236242,12480,5e-05,0.036810193
112,986.11,1376256,854.0775850600002,7337,187,7.347964430848758,87.75167846679688,0.44085286458333334,0.14377962052822113,0.8765869140625,176.56331328550974,0.2,-0.0028344669988049037,12490,5e-05,0.045585673
113,986.11,1388544,855.6367499699998,7337,189,7.324005448818207,9.20291805267334,0.5700032552083333,0.14407141506671906,0.9576519131660461,21.455302504698434,0.2,0.02077981928086956,12500,5e-05,0.074208744
114,979.39,1400832,817.4181766500001,7338,190,7.312003123760223,15.967430114746094,0.31756998697916666,0.14408710598945618,0.96849125623703,46.050784997145335,0.2,-0.006487532453805519,12510,5e-05,0.026022134
115,972.59,1413120,809.8431013400001,7338,192,7.31067304511865,38.04370880126953,0.36216634114583335,0.144109845161438,0.9085202813148499,106.57764462629954,0.2,-0.0046149708830247015,12520,5e-05,0.037206523
116,978.82,1425408,806.8840090399999,7339,194,7.310457701484363,53.744266510009766,0.4324137369791667,0.14406956732273102,0.8989195227622986,108.14630868434907,0.2,0.0010166305073653348,12530,5e-05,0.04115002
117,972.19,1437696,732.4140163600001,7339,195,7.302083504199982,127.61006164550781,0.6107503255208333,0.14424540102481842,0.8982405066490173,191.52087666988373,0.2,0.026620771263939483,12540,5e-05,0.10922116
118,967.06,1449984,708.6683930300001,7339,197,7.288498689730962,206.06915283203125,0.41013997395833335,0.14432662725448608,0.8401578664779663,319.8486395994822,0.2,-0.0013547597474826035,12550,5e-05,0.037411034
119,969.23,1462272,690.3513806199999,7340,199,7.275099006295204,23.882081985473633,0.432470703125,0.14457084238529205,0.9218253493309021,45.87650122642517,0.2,0.00436949982540682,12560,5e-05,0.0365901
120,974.72,1474560,682.56866071,7340,200,7.264681838949522,207.48069763183594,0.43369954427083335,0.14461448788642883,0.872140645980835,278.9705413023631,0.2,0.0023148680202818165,12570,5e-05,0.044111878
121,974.72,1486848,646.5930597399998,7340,202,7.264617762962977,26.669992446899414,0.27389322916666664,0.144589364528656,0.9578382968902588,97.30101541678111,0.2,-0.006627767452785823,12580,5e-05,0.019416237
122,974.49,1499136,582.0637814400001,7341,204,7.266747648517291,24.722957611083984,0.51982421875,0.14449554681777954,0.9031391739845276,83.39996519088746,0.2,0.01607203499491637,12590,5e-05,0.05198605
123,949.44,1511424,606.57872268,7341,205,7.265225852529208,155.1774139404297,0.327001953125,0.14454607665538788,0.8472839593887329,427.8449770291646,0.2,-0.00048514467780478296,12600,5e-05,0.030319557
124,943.94,1523712,591.7398846500001,7341,207,7.258483009537061,29.471818923950195,0.5648030598958333,0.14462460577487946,0.9491086602210999,49.236815297603606,0.2,0.016274444288865198,12610,5e-05,0.093122266
125,945.49,1536000,558.99460414,7341,209,7.251166893045108,76.35128784179688,0.2687906901041667,0.14467643201351166,0.8725289702415466,172.00747532844542,0.2,-0.0035909232450649143,12620,5e-05,0.023459261
126,943.56,1548288,519.4680012199999,7341,210,7.249730857213338,130.49525451660156,0.32488606770833334,0.14466553926467896,0.8227176666259766,328.0551586151123,0.2,-0.006587837307112447,12630,5e-05,0.02979209
127,943.56,1560576,480.2236626900001,7342,212,7.243366294105848,53.82582473754883,0.411669921875,0.14483900368213654,0.8453831076622009,132.22045588493347,0.2,0.0036496462882496415,12640,5e-05,0.04856598
128,943.56,1572864,444.0215331999999,7341,214,7.237119943896929,177.58941650390625,0.28423665364583334,0.1448144167661667,0.8031697273254395,394.67280594507855,0.2,-0.0020908799585110196,12650,5e-05,0.023817023
129,941.97,1585152,360.87586901000003,7342,215,7.234978356957436,247.80401611328125,0.27838541666666666,0.1448170691728592,0.7863469123840332,663.6054933547973,0.2,-0.006409103727977102,12660,5e-05,0.024060844
130,939.38,1597440,359.68998258,7342,217,7.232655155658722,157.6190643310547,0.3534749348958333,0.14481982588768005,0.8553095459938049,267.64058729807533,0.2,-0.0008460459338190655,12670,5e-05,0.029021092
131,963.94,1609728,309.30194647,7342,219,7.231605708599091,253.64674377441406,0.42794596354166664,0.14482848346233368,0.8300297856330872,421.49418789545695,0.2,0.0023369361593116385,12680,5e-05,0.03788757
132,969.44,1622016,306.09756423999994,7342,220,7.220465724666913,229.34188842773438,0.4957356770833333,0.14509104192256927,0.8652358651161194,412.77306474049885,0.2,0.007040674681775272,12690,5e-05,0.054513544
133,968.54,1634304,341.74181986,7343,222,7.202644045154254,95.26607513427734,0.4177001953125,0.145227313041687,0.8986077904701233,261.58435850143434,0.2,0.0020371112341914946,12700,5e-05,0.036748305
134,968.54,1646592,282.30541163000004,7343,224,7.1983788778384525,106.25454711914062,0.4208251953125,0.14520910382270813,0.901435375213623,192.6199722290039,0.2,0.0029551648796768857,12710,5e-05,0.042561144
135,968.54,1658880,347.4261163499999,7341,225,7.19791983862718,233.1514892578125,0.288525390625,0.14525337517261505,0.873094916343689,437.4583003997803,0.2,-0.005569935035600793,12720,5e-05,0.024753697
136,968.54,1671168,419.74239149,7341,227,7.194761671622595,47.24085235595703,0.4821695963541667,0.14538048207759857,0.9195619821548462,156.20358096758525,0.2,0.009803965012542904,12730,5e-05,0.047088623
137,965.29,1683456,471.38502135999994,7341,229,7.186432882150014,144.5850067138672,0.46128743489583335,0.14552699029445648,0.8905283212661743,254.6060766061147,0.2,0.0030063207717224336,12740,5e-05,0.044084717
138,971.89,1695744,521.78315001,7341,230,7.177820799748103,29.234512329101562,0.4682210286458333,0.14559929072856903,0.9147153496742249,83.7644788980484,0.2,0.011520603284103951,12750,5e-05,0.05825709
139,979.18,1708032,464.64633740000005,7342,232,7.171447238326072,116.5707015991211,0.3586181640625,0.1456439197063446,0.8829041123390198,201.29348589579266,0.2,-0.0020107264550460967,12760,5e-05,0.034682285
140,971.51,1720320,429.72473019999995,7341,234,7.173411731918653,419.85302734375,0.3390299479166667,0.1456270068883896,0.8080217242240906,959.9656777699788,0.2,-0.0021030338992810964,12770,5e-05,0.029167851
141,973.18,1732608,356.04217672000004,7340,236,7.176509424050649,241.62294006347656,0.37787272135416666,0.14566051959991455,0.8742801547050476,544.4499227523804,0.2,-0.004032218771317275,12780,5e-05,0.027527584
142,969.18,1744896,381.39179671,7340,237,7.170592548449834,78.25880432128906,0.3418375651041667,0.14578810334205627,0.8939669728279114,221.3672218322754,0.2,-0.002935936042922549,12790,5e-05,0.030776158
143,969.18,1757184,343.02949676,7340,239,7.157974456747373,156.3121337890625,0.3255615234375,0.1459898203611374,0.8545606732368469,380.75652697881065,0.2,-0.0007351859220458816,12800,5e-05,0.023842612
144,954.62,1769472,356.95542414000005,7340,241,7.155742332339287,70.9101333618164,0.4377685546875,0.14601407945156097,0.9171507954597473,182.74769972165424,0.2,0.005049375443680522,12810,5e-05,0.0426911
145,955.93,1781760,297.22717414000005,7340,242,7.16923384865125,41.0169792175293,0.4137939453125,0.14583368599414825,0.9435441493988037,102.15785753726959,0.2,0.0014111583159926036,12820,5e-05,0.039301973
146,947.95,1794048,286.02335429,7340,244,7.175096416473389,195.09288024902344,0.41486002604166666,0.14582788944244385,0.8767129182815552,458.12042128245037,0.2,0.0026152089068394464,12830,5e-05,0.042753708
147,943.5,1806336,304.1951730100001,7341,246,7.172712882359822,176.83148193359375,0.4118245442708333,0.14587074518203735,0.886839747428894,454.87224458058677,0.2,0.0050647842566831965,12840,5e-05,0.030530402
148,943.29,1818624,354.9852981400001,7341,247,7.15975401699543,166.1792755126953,0.391064453125,0.14609487354755402,0.899307370185852,331.64882434209187,0.2,-0.002517878771565544,12850,5e-05,0.032224793
149,943.71,1830912,284.65416712,7341,249,7.137976408998171,180.76695251464844,0.5229248046875,0.14638862013816833,0.9185044765472412,544.4925835291544,0.2,0.013366015058515283,12860,5e-05,0.0601843
150,947.71,1843200,312.14644322,7336,251,7.122491995493571,202.8332977294922,0.3370849609375,0.14643852412700653,0.9019827246665955,468.15380433400475,0.2,-0.0029493588236315796,12870,5e-05,0.026625367
151,944.95,1855488,300.64169927,7335,252,7.107720080018043,71.26234436035156,0.4205403645833333,0.1467556208372116,0.9604231119155884,188.3857630252838,0.2,0.004857439626357518,12880,5e-05,0.036725145
152,950.76,1867776,332.73741960000007,7334,254,7.0980784346659975,82.17825317382812,0.3968098958333333,0.14668042957782745,0.9320827722549438,205.87806054751078,0.2,-0.0019774039079493376,12890,5e-05,0.034328893
153,957.23,1880064,380.1170743,7334,256,7.093590112527211,21.906963348388672,0.5072998046875,0.14666514098644257,0.971053957939148,49.7459131081899,0.2,0.008257230556531188,12900,5e-05,0.0544266
154,955.78,1892352,418.97769741,7333,258,7.086773343880972,40.11688995361328,0.41800130208333336,0.14671726524829865,0.9571297764778137,113.72838952541352,0.2,0.0009397854048681135,12910,5e-05,0.0416721
155,963.16,1904640,473.02175665000004,7332,259,7.07752157052358,231.26075744628906,0.4008382161458333,0.14681889116764069,0.9303543567657471,365.83074270884197,0.2,-0.00485600608420403,12920,5e-05,0.03843099
156,971.99,1916928,489.3360748200001,7326,261,7.074219129482905,38.35581588745117,0.30247395833333335,0.14684565365314484,0.9540513157844543,93.74285074869792,0.2,-0.007918206642595274,12930,5e-05,0.024627576
157,959.51,1929216,582.6783072399999,7326,263,7.069373075167338,105.86872100830078,0.33932291666666664,0.14694534242153168,0.9223669171333313,238.32799277305602,0.2,-0.003894025406528575,12940,5e-05,0.028629387
158,954.63,1941504,538.7649557300001,7326,265,7.063534981012344,74.53697967529297,0.3535400390625,0.14697465300559998,0.9496691226959229,159.49909575780234,0.2,-0.00011196068323139722,12950,5e-05,0.028599432
159,946.71,1953792,510.48674199,7326,266,7.060414091746012,55.62425231933594,0.35885416666666664,0.1469549983739853,0.9422568082809448,167.0867840607961,0.2,-0.001155729347859354,12960,5e-05,0.032149356
160,951.32,1966080,481.7809858600001,7325,268,7.051801399389903,128.48886108398438,0.4403076171875,0.1472460776567459,0.9129135608673096,457.6442188898722,0.2,0.005485347943613305,12970,5e-05,0.04350823
161,951.32,1978368,483.53297134,7325,270,7.038521386186281,164.8138427734375,0.3047119140625,0.1472732275724411,0.9529382586479187,215.09025595982868,0.2,-0.007385252116849491,12980,5e-05,0.025157765
162,949.07,1990656,512.42876872,7326,271,7.033948986728986,18.260881423950195,0.5457275390625,0.1474394053220749,0.9552606344223022,44.669104280074436,0.2,0.013591489790269407,12990,5e-05,0.063729875
163,941.47,2002944,500.77232053999995,7326,273,7.03179463048776,23.927724838256836,0.4795166015625,0.1473621129989624,0.9508841037750244,53.967624672253926,0.2,0.006250467061666616,13000,5e-05,0.04852688
