rollout/ep_rew_mean,time/iterations,time/total_timesteps,time/time_elapsed,rollout/ep_len_mean,time/fps,train/clip_range,train/loss,train/value_loss,train/approx_kl,train/entropy_loss,train/clip_fraction,train/std,train/policy_gradient_loss,train/learning_rate,train/explained_variance,train/n_updates
-0.6514548333333702,1,12288,1,1000.0,11844,,,,,,,,,,,
325.67179795833334,2,24576,2,971.4583333333334,8871,0.2,356.75244140625,976.2583131790161,0.010020015,7.875797053178151,0.15677897135416666,0.13874384760856628,-0.007312228709148864,5e-05,0.018939077854156494,11390
414.38408808333327,3,36864,4,975.4722222222222,8248,0.2,193.44752502441406,382.1668996810913,0.019121192,7.876793122291565,0.21166178385416667,0.13872991502285004,-0.008322127119754441,5e-05,0.32873260974884033,11400
524.1781676874999,4,49152,6,958.8333333333334,7964,0.2,316.8994140625,545.2556639989217,0.008760363,7.876956559220949,0.1170654296875,0.13874199986457825,-0.009996252163061096,5e-05,0.411484956741333,11410
491.57417035,5,61440,7,952.7,7812,0.2,34.542625427246094,99.74821784496308,0.015595707,7.87710394859314,0.2082763671875,0.13871650397777557,-0.011502082480001263,5e-05,0.8567017316818237,11420
476.4433799333334,6,73728,9,934.96,7700,0.2,140.9768524169922,318.1358736991882,0.017424291,7.87721126973629,0.20712076822916667,0.13873665034770966,-0.0068126658496718544,5e-05,0.4839717745780945,11430
380.05213147727267,7,86016,11,939.2954545454545,7631,0.2,792.41259765625,1272.2932735443114,0.014814678,7.877624155084292,0.18568522135416668,0.13873249292373657,-0.010223898831948948,5e-05,0.4409624934196472,11440
348.66951274,8,98304,12,937.0,7580,0.2,857.9881591796875,2018.2166028340657,0.008270181,7.878206340471904,0.09083658854166667,0.13873475790023804,-0.007564968468795996,5e-05,0.38342392444610596,11450
412.24961989,9,110592,14,943.7,7501,0.2,417.4233093261719,1345.9498020172118,0.008666818,7.879127783576648,0.09965006510416667,0.1387047916650772,-0.007772622253348042,5e-05,0.6653033494949341,11460
456.46405173,10,122880,16,945.83,7472,0.2,500.7349548339844,910.4118170420329,0.011082995,7.880327880382538,0.13694661458333332,0.13870994746685028,-0.008535742636498374,5e-05,0.7855017781257629,11470
409.0402280900001,11,135168,18,937.32,7432,0.2,29.605552673339844,110.14870475927988,0.08248601,7.881806104381879,0.5161865234375,0.13874691724777222,0.014330364346581822,5e-05,0.9041745662689209,11480
309.24254226,12,147456,19,941.89,7389,0.2,269.55523681640625,536.0759488423665,0.0349673,7.872434517741203,0.3815185546875,0.1388968974351883,0.0022451084325439295,5e-05,0.6030194759368896,11490
300.49782919000006,13,159744,21,938.7,7375,0.2,347.9674987792969,826.0099095026652,0.018028593,7.868424516916275,0.236181640625,0.13878239691257477,-0.006276001387353365,5e-05,0.5805699825286865,11500
354.70571652000007,14,172032,23,947.33,7367,0.2,199.510009765625,646.0677595774333,0.030005267,7.872571197152138,0.34012044270833336,0.1387789249420166,-0.006728632130640714,5e-05,0.75730961561203,11510
483.6410534800001,15,184320,25,958.26,7358,0.2,401.17108154296875,619.2272203763326,0.05037381,7.8690655062596,0.5041097005208334,0.13888420164585114,0.008373319753445685,5e-05,0.6416481733322144,11520
577.6816690100001,16,196608,26,961.55,7354,0.2,137.4715118408203,291.4140813827515,0.03757402,7.861532917618751,0.4294921875,0.13895945250988007,0.000998728131041086,5e-05,0.8248206973075867,11530
633.21034987,17,208896,28,960.76,7348,0.2,38.96087646484375,97.33337292671203,0.07742489,7.853077355027199,0.554736328125,0.13893373310565948,0.022811934123698543,5e-05,0.8493160009384155,11540
637.5128932,18,221184,30,953.9,7343,0.2,56.88743209838867,129.3514275630315,0.07175746,7.847318655252456,0.5505289713541667,0.13907939195632935,0.01455115684075281,5e-05,0.8442878127098083,11550
752.00131817,19,233472,31,973.34,7325,0.2,35.59782409667969,82.00125964482625,0.05351605,7.841234007477761,0.46328125,0.13910402357578278,0.0032732010212688087,5e-05,0.8884409666061401,11560
772.8835161900001,20,245760,33,976.57,7320,0.2,28.46975326538086,49.806652239958446,0.063132875,7.832843885819117,0.539892578125,0.13927094638347626,0.018891108218425264,5e-05,0.9052837491035461,11570
814.3592901,21,258048,35,978.82,7317,0.2,289.08642578125,689.9185862223308,0.017275663,7.828082963824272,0.24268391927083333,0.1392333209514618,-0.009563632851253109,5e-05,0.6445673704147339,11580
839.6896591600001,22,270336,36,986.17,7313,0.2,108.03358459472656,237.94662030537924,0.030509671,7.829294874270757,0.31381022135416664,0.13922052085399628,-0.0022926319667021743,5e-05,0.813300609588623,11590
846.5852485800001,23,282624,38,977.31,7314,0.2,41.04472732543945,138.21791302363079,0.044537455,7.824970390399297,0.4439778645833333,0.1392565220594406,0.0030816345761801736,5e-05,0.8571951389312744,11600
851.8440401000001,24,294912,40,962.12,7315,0.2,18.182109832763672,57.709052725632986,0.057884157,7.815450129906337,0.5052571614583333,0.1393938511610031,0.007124889879196417,5e-05,0.8978731632232666,11610
819.6867053399999,25,307200,41,962.12,7315,0.2,25.925199508666992,54.72635906934738,0.05818228,7.811834475398063,0.5024088541666667,0.1394849270582199,0.006383156711187136,5e-05,0.9394426941871643,11620
792.55878954,26,319488,43,963.94,7314,0.2,179.0350341796875,329.1343907992045,0.032458164,7.806407193342845,0.3558268229166667,0.13959644734859467,-0.0016503227860084734,5e-05,0.7216273546218872,11630
749.64512154,27,331776,45,963.94,7312,0.2,77.50716400146484,226.106702931722,0.0327331,7.802257379889488,0.38968098958333336,0.13959360122680664,-0.003229919766454259,5e-05,0.8883212208747864,11640
741.61748678,28,344064,47,962.36,7311,0.2,214.706298828125,364.11226847966515,0.034889672,7.801289012034734,0.3639322916666667,0.13956142961978912,0.0011660979216685519,5e-05,0.8529403209686279,11650
806.4299502699997,29,356352,48,967.72,7310,0.2,235.24868774414062,481.3629945119222,0.03208748,7.802707504232725,0.38736165364583336,0.1394992470741272,-0.00044915236697609846,5e-05,0.8047001361846924,11660
801.7862649599999,30,368640,50,967.72,7308,0.2,16.94573211669922,57.8569442431132,0.103314586,7.791941218574842,0.6451822916666666,0.1397673338651657,0.0364888529938374,5e-05,0.8914951682090759,11670
802.7297638599999,31,380928,52,971.04,7310,0.2,40.46562576293945,84.56770617167155,0.08589437,7.7603799561659494,0.624658203125,0.1401284635066986,0.039974035332367444,5e-05,0.7442786693572998,11680
769.9986902799999,32,393216,53,941.82,7311,0.2,27.899982452392578,72.54164741834005,2.4436193,7.72406980295976,0.8699869791666667,0.1404816061258316,0.15840427301009186,5e-05,0.7491821050643921,11690
726.1428107900001,33,405504,55,929.24,7313,0.2,57.46758270263672,126.26158389250438,0.029841585,7.712475137909253,0.35966796875,0.14046770334243774,-0.004467532885610126,5e-05,0.7831768989562988,11700
769.5899638699999,34,417792,57,934.28,7315,0.2,175.99298095703125,460.4632960319519,0.020852745,7.717308591802915,0.27169596354166664,0.1404085010290146,-0.010112969486848063,5e-05,0.5350610017776489,11710
775.13593809,35,430080,58,933.88,7316,0.2,29.010526657104492,69.99656348228454,0.050751846,7.717951917648316,0.4519449869791667,0.1404418796300888,0.002137682410345102,5e-05,0.7841536998748779,11720
772.4262935099999,36,442368,60,924.9,7318,0.2,189.28366088867188,303.52960977554324,0.03763065,7.716544123490651,0.4384521484375,0.14046867191791534,0.0024304404728657876,5e-05,0.4166547656059265,11730
716.9524192399999,37,454656,62,895.54,7320,0.2,153.95986938476562,342.0576899210612,0.049279656,7.7119611938794455,0.4668701171875,0.1404709368944168,0.004306994837922199,5e-05,0.5585918426513672,11740
749.0219803400001,38,466944,63,885.68,7322,0.2,89.9684066772461,257.38645057678224,0.047836185,7.702774265408516,0.4648518880208333,0.14059625566005707,-0.003597952839724409,5e-05,0.6641796827316284,11750
767.88034562,39,479232,65,910.78,7323,0.2,3.6165692806243896,11.284101559718449,0.07379854,7.687128044168154,0.6293050130208333,0.14078332483768463,0.043140087739448066,5e-05,0.8959627747535706,11760
833.8560653700001,40,491520,67,923.28,7325,0.2,27.92835235595703,57.34934096733729,0.06258315,7.674193112055461,0.50302734375,0.14095963537693024,0.00969627538822048,5e-05,0.5261866450309753,11770
762.41193214,41,503808,68,892.99,7326,0.2,54.91986846923828,99.19885231256485,0.04395446,7.665825751423836,0.4691650390625,0.14096738398075104,0.00011830569904608031,5e-05,0.5782431960105896,11780
748.73885975,42,516096,70,893.39,7328,0.2,270.27911376953125,485.2399588902791,0.02247333,7.665740932027499,0.2806477864583333,0.1410064548254013,-0.006990078071248717,5e-05,0.47244882583618164,11790
749.5128405199998,43,528384,72,886.43,7330,0.2,108.56275939941406,215.61610104242962,0.026149215,7.665315983692805,0.3113199869791667,0.14091064035892487,-0.007192970382554146,5e-05,0.6007311344146729,11800
759.00809412,44,540672,73,893.46,7331,0.2,223.84945678710938,447.6670457204183,0.021835988,7.665793031454086,0.26548665364583335,0.1409141570329666,-0.008779496406350517,5e-05,0.3923768997192383,11810
738.8811477900001,45,552960,75,906.57,7305,0.2,83.712646484375,207.85705879529317,0.034847412,7.662023076415062,0.3909505208333333,0.14098389446735382,0.00019411647323674212,5e-05,0.6854939460754395,11820
739.1730412999999,46,565248,77,910.99,7292,0.2,67.34566497802734,121.8443674882253,0.050693292,7.651443897684415,0.5335693359375,0.14108991622924805,0.0112888396542985,5e-05,0.729520320892334,11830
746.4351012999999,47,577536,79,908.96,7294,0.2,9.523961067199707,17.714415094256402,0.088584386,7.643714579939842,0.6170572916666667,0.14120666682720184,0.025628986931405962,5e-05,0.8256233334541321,11840
668.5417241199998,48,589824,80,922.77,7296,0.2,73.55496978759766,149.200958720843,0.039925158,7.633548235893249,0.4868245442708333,0.14132775366306305,0.0019610703025440064,5e-05,0.49465250968933105,11850
710.7469867200001,49,602112,82,942.39,7297,0.2,236.5303955078125,539.2669593811036,0.020684937,7.63344218035539,0.275390625,0.14127008616924286,-0.002386901847300275,5e-05,0.25790005922317505,11860
730.0522425099998,50,614400,84,932.09,7297,0.2,78.15203857421875,199.72372536659242,0.029790523,7.637502788503965,0.3196614583333333,0.14127282798290253,-0.008737196005434574,5e-05,0.6879334449768066,11870
750.7998218899999,51,626688,85,932.72,7297,0.2,73.41327667236328,153.99255963961284,0.03458537,7.636935526132584,0.3845621744791667,0.14127328991889954,-0.0026558326683395234,5e-05,0.6918670535087585,11880
782.3787823799998,52,638976,87,932.08,7299,0.2,31.283512115478516,80.0479038476944,0.040182665,7.636179176966349,0.4518961588541667,0.14127178490161896,0.003193403913610382,5e-05,0.8333735466003418,11890
798.48900365,53,651264,89,926.18,7298,0.2,7.675199031829834,19.21366793314616,0.08245785,7.620110508799553,0.587646484375,0.14153866469860077,0.025149210095211552,5e-05,0.8208850622177124,11900
752.49278306,54,663552,90,915.83,7298,0.2,24.19345474243164,53.83782058556874,0.03459694,7.59741833905379,0.40789388020833334,0.1417214721441269,0.0004780707483102257,5e-05,0.7661883234977722,11910
766.4568208699999,55,675840,92,915.83,7299,0.2,42.77949142456055,95.2326896349589,0.026101843,7.59215579132239,0.299267578125,0.14169944822788239,-0.007805339452170301,5e-05,0.7731745839118958,11920
872.4692963699999,56,688128,94,923.65,7300,0.2,16.905500411987305,29.135026238361995,0.0448759,7.587420615553856,0.4881184895833333,0.14175035059452057,0.007694854510191362,5e-05,0.8824234008789062,11930
907.31504068,57,700416,95,932.87,7300,0.2,5.202402591705322,15.324844310681025,0.0798166,7.56320659617583,0.6165120442708333,0.1419764906167984,0.03339839897622975,5e-05,0.6847503185272217,11940
936.2844724799996,58,712704,97,949.16,7295,0.2,14.688045501708984,45.53583743174871,0.027717886,7.544186089436213,0.316357421875,0.14203156530857086,-0.0005927958967125354,5e-05,0.719416081905365,11950
973.3281917500001,59,724992,99,970.02,7295,0.2,16.917762756347656,41.47268948554993,0.041523173,7.540423920750618,0.44041341145833335,0.14212915301322937,0.0031938906919094733,5e-05,0.5090497732162476,11960
985.4212737899999,60,737280,101,977.54,7292,0.2,5.167201995849609,15.548402359088263,0.072287,7.5314721445242565,0.5479654947916667,0.142259418964386,0.02102169132170578,5e-05,0.8550039529800415,11970
975.8796318799998,61,749568,102,987.62,7290,0.2,30.20064926147461,69.02810515960057,0.028504714,7.522043922543526,0.39498697916666664,0.14230261743068695,-0.00028681802893212687,5e-05,0.4083952307701111,11980
966.0403787800001,62,761856,104,992.16,7291,0.2,38.01084518432617,88.16783583164215,0.024667183,7.520247115691503,0.31500651041666666,0.14232350885868073,-0.005150914973880086,5e-05,0.65336674451828,11990
894.51751009,63,774144,106,997.43,7291,0.2,159.9823760986328,366.88950758775076,0.035567593,7.52080725133419,0.3548665364583333,0.14226244390010834,-0.0035840476727268347,5e-05,0.6336650252342224,12000
864.0819907900001,64,786432,107,997.43,7292,0.2,112.86578369140625,1074.800476360321,0.017798562,7.523435761531194,0.24794108072916668,0.1422618329524994,-0.010433352939435281,5e-05,0.5655090808868408,12010
872.1599993399999,65,798720,109,984.67,7293,0.2,13.432676315307617,56.363921936353044,0.045314956,7.525414714217186,0.42236328125,0.14215239882469177,0.0029496756891603582,5e-05,0.688919186592102,12020
755.66673583,66,811008,111,960.18,7294,0.2,23.825092315673828,43.77129836877187,0.05600209,7.523343748847643,0.4575276692708333,0.14226292073726654,0.005546761032989404,5e-05,0.8437014222145081,12030
680.0672896200001,67,823296,112,942.45,7295,0.2,346.9167175292969,713.9800367355347,0.019937826,7.521223448713621,0.24635416666666668,0.14223651587963104,-0.006917664584276887,5e-05,0.4906699061393738,12040
680.59449046,68,835584,114,934.3,7296,0.2,73.22702026367188,158.93398485183715,0.05158809,7.5232912013928095,0.47112630208333334,0.14219671487808228,0.002867470147126975,5e-05,0.6708430051803589,12050
633.7261530599999,69,847872,116,927.69,7298,0.2,10.46250057220459,49.412894463539125,0.09189811,7.513402847448985,0.6533040364583333,0.14229725301265717,0.038043267063524885,5e-05,0.8641331195831299,12060
644.0794020199999,70,860160,117,909.48,7298,0.2,89.04685974121094,175.395938372612,0.0383217,7.507413009802501,0.4080810546875,0.14231492578983307,-0.0018708734125539195,5e-05,0.6882368326187134,12070
733.9017483,71,872448,119,898.37,7297,0.2,20.137725830078125,45.79710445404053,0.04051323,7.5069787234067915,0.4070963541666667,0.14233644306659698,-0.0017431169738604997,5e-05,0.9131546020507812,12080
656.1448530199999,72,884736,121,891.33,7298,0.2,36.70770263671875,79.17976645628612,0.042051066,7.500279195110003,0.38225911458333334,0.1424449235200882,-0.002404869799890245,5e-05,0.9304146766662598,12090
649.5048666899999,73,897024,122,916.31,7299,0.2,189.9803009033203,393.4058796882629,0.018436566,7.495704118410746,0.23587239583333333,0.14242425560951233,-0.007240846049292789,5e-05,0.7272875308990479,12100
744.7697432199998,74,909312,124,925.37,7301,0.2,107.82351684570312,371.25741109848025,0.053963404,7.49626001616319,0.49508463541666664,0.14245308935642242,0.008110777102895856,5e-05,0.48319387435913086,12110
726.8524783,75,921600,126,924.53,7301,0.2,100.50521087646484,261.83612626393636,0.0444847,7.492022337516149,0.4097900390625,0.1424988955259323,0.002245557908220993,5e-05,0.6397576332092285,12120
676.2806752700001,76,933888,127,918.02,7302,0.2,40.31974411010742,89.08239778677623,0.03410579,7.492579490939776,0.3953857421875,0.14241498708724976,-0.004055137057245399,5e-05,0.8886941075325012,12130
607.5049653300001,77,946176,129,932.76,7303,0.2,887.7830810546875,2094.5580136617023,0.01683478,7.494349286953608,0.27220052083333335,0.14242491126060486,-0.004836411869716054,5e-05,0.46716493368148804,12140
510.93613293999994,78,958464,131,927.38,7303,0.2,57.5084114074707,173.90309420426686,0.09359664,7.481452718377113,0.5834309895833333,0.14257697761058807,0.021647841913121132,5e-05,0.8548892736434937,12150
402.2701215999998,79,970752,132,945.08,7302,0.2,172.17047119140625,480.3160925229391,0.03276123,7.471735422809918,0.40834147135416665,0.142605260014534,-0.002556514036647665,5e-05,0.703117847442627,12160
377.18441017,80,983040,134,934.63,7300,0.2,730.8873901367188,2041.8605272928874,0.01695262,7.468844056129456,0.231982421875,0.14260245859622955,-0.008534575271672415,5e-05,0.53571617603302,12170
391.83210194,81,995328,136,937.96,7300,0.2,855.8906860351562,2030.6675371805827,0.042349983,7.46190469165643,0.43583984375,0.14275658130645752,-0.001524547154258471,5e-05,0.6417890787124634,12180
392.5750709099999,82,1007616,138,941.0,7298,0.2,76.04821014404297,145.30224328041078,0.03932214,7.452999826272329,0.4266438802083333,0.14275430142879486,0.002576452375797089,5e-05,0.8531380295753479,12190
408.87335671999995,83,1019904,139,962.51,7299,0.2,229.7510528564453,304.2761787255605,0.044826318,7.445140546560287,0.5219889322916667,0.1428566575050354,0.011188333448080812,5e-05,0.7407772541046143,12200
331.27749363999993,84,1032192,141,955.9,7300,0.2,719.5540161132812,1690.5745938618977,0.021694161,7.437773157159487,0.24905598958333333,0.14284436404705048,-0.009180151148272368,5e-05,0.6126002073287964,12210
276.72319459999994,85,1044480,143,959.89,7301,0.2,776.5065307617188,1782.3007909138998,0.020227605,7.436531534790992,0.2614990234375,0.1428859829902649,-0.009248936465883161,5e-05,0.6058452129364014,12220
255.18262958,86,1056768,144,963.44,7301,0.2,638.5770874023438,1123.0603314081827,0.026014084,7.433698964118958,0.3123291015625,0.142874613404274,-0.0036830515911181767,5e-05,0.767662763595581,12230
290.83557297999994,87,1069056,146,954.55,7302,0.2,255.91249084472656,850.2617187182109,0.059921723,7.4253826628128685,0.4871419270833333,0.1429980844259262,0.005928361581269807,5e-05,0.8166152834892273,12240
325.19601341,88,1081344,148,958.99,7302,0.2,1019.2359008789062,2047.90785446167,0.10698068,7.40871808330218,0.5612630208333333,0.1432531327009201,0.01858968413095378,5e-05,0.7101086378097534,12250
316.84938472,89,1093632,149,958.99,7300,0.2,96.67772674560547,306.9307811419169,0.0400375,7.395561430851618,0.455078125,0.14330917596817017,0.0027967640887557837,5e-05,0.8789545297622681,12260
345.14897792000005,90,1105920,151,953.17,7299,0.2,19.268159866333008,46.196736538410185,0.077779084,7.383409546812375,0.5730387369791666,0.1435278058052063,0.024174376048419315,5e-05,0.9134647250175476,12270
440.4095804599999,91,1118208,153,954.55,7300,0.2,45.009029388427734,130.10084856351216,0.033630285,7.369429486989975,0.36778157552083335,0.1434793621301651,0.0017974906848394312,5e-05,0.8817024230957031,12280
510.18006739,92,1130496,154,943.25,7301,0.2,17.821565628051758,53.06371656258901,0.0636561,7.366133689880371,0.49379069010416665,0.14362281560897827,0.011536921016522683,5e-05,0.9482377171516418,12290
579.36763521,93,1142784,156,943.25,7301,0.2,60.95142364501953,113.1941260655721,0.09199923,7.339054386814436,0.65458984375,0.14415867626667023,0.0412779364574817,5e-05,0.8972187638282776,12300
514.40479857,94,1155072,158,947.07,7302,0.2,123.32564544677734,437.63500080108645,0.035531923,7.323170215884844,0.4095947265625,0.1441119760274887,-0.0005306724919743526,5e-05,0.851752758026123,12310
585.10115221,95,1167360,159,943.8,7303,0.2,779.7532958984375,1892.8449862162272,0.016368866,7.325743452707926,0.20889485677083333,0.14410445094108582,-0.008778268552850932,5e-05,0.6883227825164795,12320
597.01601131,96,1179648,161,946.87,7304,0.2,118.33527374267578,266.27178382873535,0.024434643,7.325649999578794,0.2945068359375,0.14417113363742828,-0.006856589349141965,5e-05,0.7737281322479248,12330
469.7097511,97,1191936,163,925.22,7304,0.2,449.9079284667969,1176.4095582962036,0.02246049,7.323562704523405,0.29180501302083334,0.14416998624801636,-0.007089029610991323,5e-05,0.7784557342529297,12340
409.27921468,98,1204224,164,910.8,7305,0.2,253.7637939453125,330.9839520931244,0.04039383,7.321765488386154,0.42848307291666665,0.1441674381494522,0.001695975255279336,5e-05,0.8533560633659363,12350
376.4165896,99,1216512,166,906.12,7305,0.2,422.2431335449219,1287.7934182484944,0.016974982,7.322453345855077,0.23234049479166666,0.14416851103305817,-0.004781362832000013,5e-05,0.712182879447937,12360
375.59930123,100,1228800,168,889.25,7306,0.2,163.6464385986328,292.69908402760825,0.05432042,7.325201285878817,0.45350748697916665,0.14412562549114227,-0.0023173402757189856,5e-05,0.8432840704917908,12370
469.22200081000005,101,1241088,169,886.89,7307,0.2,14.7307710647583,42.02015633583069,0.07823264,7.318782372275988,0.567138671875,0.14434875547885895,0.02042098006180216,5e-05,0.9405230283737183,12380
430.66918402000005,102,1253376,171,896.1,7307,0.2,31.6416015625,91.12944703896841,0.04753961,7.297841088970502,0.5050374348958333,0.1445016860961914,0.0064152972850327694,5e-05,0.8974331021308899,12390
465.62501440000005,103,1265664,173,890.92,7308,0.2,238.44017028808594,628.8388588269552,0.0737859,7.2861212462186815,0.4115397135416667,0.14462094008922577,0.0008834362585427394,5e-05,0.586979866027832,12400
567.6518259599999,104,1277952,174,900.07,7308,0.2,103.90843200683594,478.16960350672406,0.03998358,7.279170302549998,0.41461588541666666,0.14466407895088196,-0.0010755506499360004,5e-05,0.8696119785308838,12410
548.8909250199999,105,1290240,176,928.2,7308,0.2,100.25959777832031,243.95088772773744,0.037024677,7.279631790518761,0.3905110677083333,0.14459174871444702,-0.004576359528679556,5e-05,0.9189013838768005,12420
654.65019532,106,1302528,178,949.33,7309,0.2,92.21471405029297,179.0174228111903,0.037457187,7.275317416588465,0.42096354166666666,0.1447470784187317,-0.0010347312524875937,5e-05,0.928389310836792,12430
659.51728664,107,1314816,179,953.31,7309,0.2,39.17858123779297,107.99903779029846,0.0792951,7.261907414595286,0.5707438151041667,0.14487743377685547,0.007924442805233411,5e-05,0.9450087547302246,12440
504.2669803300001,108,1327104,181,934.35,7309,0.2,147.54942321777344,400.0265515009562,0.03022413,7.257890650629998,0.3788981119791667,0.14482079446315765,-0.0024264520034193993,5e-05,0.9064301252365112,12450
553.18450874,109,1339392,183,945.93,7308,0.2,809.9585571289062,1966.321702448527,0.017045682,7.256157104174296,0.22379557291666666,0.14491809904575348,-0.007841940562502713,5e-05,0.7883662581443787,12460
497.52577113000007,110,1351680,184,928.58,7309,0.2,30.366809844970703,65.9202099720637,0.06761584,7.252012725671133,0.48074544270833336,0.14481551945209503,0.008952230595847746,5e-05,0.9452447295188904,12470
289.27349492999997,111,1363968,186,928.74,7309,0.2,201.15188598632812,481.10007807413734,0.022099644,7.250962707400322,0.28631184895833334,0.1447962075471878,-0.005580083769018529,5e-05,0.8649409413337708,12480
295.07696409000005,112,1376256,188,924.96,7310,0.2,1081.779296875,2543.7512776692706,0.025255444,7.24730110069116,0.28509928385416666,0.1449175626039505,-0.006980228590934227,5e-05,0.7223875522613525,12490
224.68823752,113,1388544,189,908.79,7310,0.2,187.1215362548828,880.5439951896667,0.04993048,7.242756549517313,0.4041748046875,0.14492817223072052,0.0007400655151286629,5e-05,0.8232110738754272,12500
128.44311249000003,114,1400832,191,901.41,7310,0.2,117.23937225341797,253.12617053985596,0.05631486,7.237156629562378,0.4723307291666667,0.1450618952512741,0.0035083805725056056,5e-05,0.9201274514198303,12510
273.74600622,115,1413120,193,904.25,7310,0.2,713.8252563476562,1347.013111368815,0.03602184,7.238297402858734,0.4193115234375,0.14501124620437622,0.001877940354461316,5e-05,0.8329950571060181,12520
219.09730558000007,116,1425408,195,921.89,7309,0.2,86.9498519897461,124.11711374123891,0.06774817,7.235165042678515,0.5548502604166666,0.145135760307312,0.019494940781927046,5e-05,0.9160947203636169,12530
64.33212917999997,117,1437696,196,907.28,7309,0.2,508.2582092285156,1789.0534622192383,0.038459238,7.226538430651029,0.39812825520833334,0.14526042342185974,0.0009571103005631206,5e-05,0.8051236271858215,12540
93.11196672999996,118,1449984,198,911.07,7309,0.2,900.3289184570312,1495.2543807983398,0.03267694,7.216673250993093,0.42600911458333335,0.14543668925762177,-0.00012226086982991546,5e-05,0.8261435627937317,12550
270.30757264999994,119,1462272,200,910.29,7309,0.2,77.04811096191406,165.66630268096924,0.033823334,7.203191913167635,0.3768391927083333,0.14548228681087494,-0.0029869926162064075,5e-05,0.9359680414199829,12560
234.72821759999997,120,1474560,201,903.35,7309,0.2,882.6488647460938,1492.7823367436727,0.039082702,7.195017759005228,0.438330078125,0.14550866186618805,0.003189058238058351,5e-05,0.840130627155304,12570
-5.7353104499999885,121,1486848,203,899.54,7309,0.2,154.5515594482422,442.77566213607787,0.048572082,7.190752982099851,0.44070638020833336,0.14558999240398407,0.0038980713577378384,5e-05,0.9510420560836792,12580
6.911004880000016,122,1499136,205,894.57,7309,0.2,2041.5623779296875,3842.648197937012,0.017889423,7.186849501729012,0.24988606770833333,0.1455782800912857,-0.005789733335647421,5e-05,0.7983373999595642,12590
-2.4253866600000604,123,1511424,206,892.38,7309,0.2,160.7517547607422,347.5681000073751,0.031155443,7.188437076409658,0.34951171875,0.14552946388721466,-0.005027519846529079,5e-05,0.9512631297111511,12600
-24.503257800000046,124,1523712,208,889.12,7308,0.2,1385.3062744140625,2521.071308771769,0.04922871,7.18545651336511,0.4952392578125,0.1456470936536789,0.009115176035750967,5e-05,0.8557438850402832,12610
-37.55712997000003,125,1536000,210,893.39,7308,0.2,332.1966247558594,1015.6798132578532,0.0400714,7.178112698594729,0.42884928385416665,0.14560069143772125,0.0031897073436994105,5e-05,0.899864137172699,12620
-198.19585657000005,126,1548288,211,909.31,7306,0.2,884.18505859375,2542.3624000549316,0.025545515,7.1715037276347475,0.33527018229166666,0.14563816785812378,-0.0010300604946678505,5e-05,0.8170179128646851,12630
-202.28919573,127,1560576,213,909.75,7306,0.2,720.926025390625,1908.0261665344237,0.021039069,7.169662699103355,0.3276774088541667,0.14555583894252777,-0.003871250770559224,5e-05,0.8449932336807251,12640
-282.91098607,128,1572864,215,910.18,7307,0.2,457.6882019042969,1693.9251927693686,15.236542,7.173355240623156,0.8390787760416667,0.14556805789470673,0.13049796273116954,5e-05,0.8790245652198792,12650
-215.44656096000003,129,1585152,216,886.39,7307,0.2,747.1895141601562,1810.5176226298015,0.035360638,7.163044265906016,0.3677897135416667,0.1457705795764923,-0.008146679819280205,5e-05,0.6550500392913818,12660
-366.27869019999997,130,1597440,218,891.96,7308,0.2,864.7791137695312,2329.2448768615723,0.03401621,7.148335953553517,0.3467610677083333,0.14592964947223663,-0.0069847482062565785,5e-05,0.561318039894104,12670
-439.78376811000004,131,1609728,220,877.47,7308,0.2,1099.2838134765625,2794.2988843282064,0.028866537,7.1422604590654375,0.3521647135416667,0.14599545300006866,-0.008445577688932341,5e-05,0.38918817043304443,12680
-468.06212607000003,132,1622016,221,854.61,7309,0.2,1162.93798828125,3513.3924334208173,0.028000692,7.138193728526433,0.341748046875,0.14607445895671844,-0.006936835547094233,5e-05,0.2923496961593628,12690
-440.0519819499999,133,1634304,223,862.47,7309,0.2,1025.8865966796875,2155.0430661519367,0.045001414,7.12411061724027,0.518017578125,0.14619512856006622,0.004709530995266202,5e-05,0.559670090675354,12700
-682.18384505,134,1646592,225,857.97,7309,0.2,581.8577270507812,1741.7529819488525,0.049685344,7.114641094207764,0.4594807942708333,0.14622922241687775,0.0027425619831774385,5e-05,0.6333633661270142,12710
-800.683195,135,1658880,226,853.95,7310,0.2,1850.4605712890625,4542.040259297689,0.02367519,7.113538013895353,0.30320638020833335,0.14616207778453827,-0.0074314902323142935,5e-05,0.4714204668998718,12720
-756.4035357199999,136,1671168,228,889.17,7310,0.2,1371.465576171875,2446.9792510986326,0.032262087,7.109550813833873,0.3895263671875,0.14630655944347382,-0.005964673139290729,5e-05,0.5911531448364258,12730
-798.3468008299999,137,1683456,230,893.02,7310,0.2,1507.35693359375,2491.109828186035,0.03581949,7.1016107569138205,0.3890787760416667,0.14635072648525238,-0.0013504314573462275,5e-05,0.5752096176147461,12740
-872.1087533599999,138,1695744,231,897.2,7310,0.2,606.5405883789062,1234.1821907043457,0.026259646,7.098054038484891,0.3305419921875,0.14645230770111084,0.0005246199487980145,5e-05,0.7306517362594604,12750
-893.2092851900001,139,1708032,233,910.05,7311,0.2,1537.467529296875,4481.923665364583,0.021615766,7.094340190291405,0.26861979166666666,0.1464606076478958,-0.010630005774146412,5e-05,0.5023205876350403,12760
-948.4446575999999,140,1720320,235,893.35,7311,0.2,460.3753356933594,922.4461074193318,0.048755933,7.087859579920769,0.49049479166666665,0.1466570496559143,0.009180691441482243,5e-05,0.757169783115387,12770
-996.6351086099999,141,1732608,236,893.64,7311,0.2,816.8546142578125,2155.2335192362466,0.023843812,7.076852567990621,0.30367838541666664,0.14675956964492798,-0.004842116162277913,5e-05,0.498160719871521,12780
-866.9517100099999,142,1744896,238,878.07,7311,0.2,1152.1280517578125,3081.669713592529,0.025529554,7.082243114709854,0.28335774739583336,0.1465895026922226,-0.008564070285259125,5e-05,0.5560082197189331,12790
-1083.0771900699997,143,1757184,240,855.54,7311,0.2,1326.0299072265625,2820.5066487630206,0.022053463,7.084470881024997,0.3188883463541667,0.146619513630867,-0.007928348366112914,5e-05,0.5596441626548767,12800
-941.7913730999999,144,1769472,241,842.42,7312,0.2,1707.9398193359375,3175.436784362793,0.0204152,7.081679052114486,0.26909993489583334,0.1465865820646286,-0.01164181570056826,5e-05,0.6467392444610596,12810
-802.8505303599999,145,1781760,243,838.76,7311,0.2,202.23191833496094,684.9729101816813,0.04217879,7.082859633366267,0.358935546875,0.14656467735767365,-0.0030478585625436003,5e-05,0.8617553114891052,12820
-779.81146777,146,1794048,245,850.12,7310,0.2,810.83154296875,2391.254165140788,0.035716712,7.071478654940923,0.4760498046875,0.14684875309467316,0.005051930704697346,5e-05,0.6053193807601929,12830
-865.6530282000002,147,1806336,247,872.99,7311,0.2,1109.0228271484375,2690.3526270548505,0.034410734,7.065883862972259,0.40801595052083334,0.14676715433597565,5.9693295042961836e-05,5e-05,0.7173802852630615,12840
-759.96486338,148,1818624,248,853.65,7311,0.2,2306.027587890625,4589.0312840779625,0.029090708,7.063573188583056,0.3031982421875,0.14689455926418304,-0.006807049616569808,5e-05,0.438342809677124,12850
-849.8732342199997,149,1830912,250,867.74,7311,0.2,1887.6925048828125,3689.5762741088865,0.049390275,7.042328477899233,0.44716796875,0.14733439683914185,-0.0002642770419091297,5e-05,0.6500444412231445,12860
-829.8783363900001,150,1843200,252,876.74,7311,0.2,442.60760498046875,1184.7992734273275,0.03709731,7.0249896814425785,0.4149576822916667,0.14742104709148407,-0.0036526993421527247,5e-05,0.8474942445755005,12870
-977.50145561,151,1855488,253,887.6,7312,0.2,2334.9111328125,4681.299643452962,0.027530083,7.020581927895546,0.3453857421875,0.1475447565317154,-0.006111364376314062,5e-05,0.6902403831481934,12880
-1015.7273467899998,152,1867776,255,879.9,7311,0.2,1302.7762451171875,2979.9934529622396,0.026544685,7.012589445710182,0.32744954427083334,0.1477079689502716,-0.009268503753022135,5e-05,0.6543644070625305,12890
-1019.1799819699997,153,1880064,257,847.48,7312,0.2,1209.9580078125,2549.0827713012695,0.04123566,7.001171894868215,0.3868896484375,0.14785641431808472,-0.005313234873271237,5e-05,0.6306463479995728,12900
-851.3483018999999,154,1892352,258,834.0,7312,0.2,2150.126220703125,4250.205376688639,0.02896534,6.996045644084613,0.36057942708333335,0.14789369702339172,-0.004581092367394983,5e-05,0.723875880241394,12910
-823.0353039500001,155,1904640,260,848.85,7313,0.2,839.4349975585938,1487.2906489054362,0.040457856,6.997554637988409,0.49252115885416664,0.14788563549518585,0.00012214789749123156,5e-05,0.79428631067276,12920
-817.7491975400002,156,1916928,262,842.4,7313,0.2,715.9132690429688,1708.9235340118407,0.046183795,6.995792090892792,0.48648274739583336,0.1479855626821518,-0.0011240253695480836,5e-05,0.8226776123046875,12930
-758.9318592099999,157,1929216,263,851.29,7314,0.2,1450.877197265625,3777.728964742025,0.02478051,6.992763303716978,0.31544596354166665,0.14799553155899048,-0.008531137626171888,5e-05,0.7531387805938721,12940
-737.8652514599999,158,1941504,265,862.02,7314,0.2,2412.408203125,4547.937072753906,0.021879353,6.992614182829857,0.27752278645833334,0.14801059663295746,-0.009585018774184087,5e-05,0.7338837385177612,12950
-727.4732470499999,159,1953792,267,844.03,7315,0.2,947.7962646484375,2923.7807553609214,0.041203905,6.987596190969149,0.437744140625,0.14807535707950592,-0.0017449458537157625,5e-05,0.7864919900894165,12960
-483.12042905000004,160,1966080,268,829.55,7315,0.2,866.581787109375,1635.7056084314981,0.03800212,6.981732552250226,0.4270263671875,0.14815406501293182,-0.00290539757697843,5e-05,0.8275944590568542,12970
-587.5995568,161,1978368,270,838.37,7316,0.2,812.8890380859375,1965.3827120463054,0.047402214,6.981919027368227,0.46975911458333336,0.1480298489332199,0.0007743820184259676,5e-05,0.8616726994514465,12980
-598.80069467,162,1990656,272,847.13,7316,0.2,484.70086669921875,1232.7179609298705,0.043511968,6.9786650151014324,0.404443359375,0.1481744647026062,-0.0012791912464308552,5e-05,0.7952662706375122,12990
-604.28177296,163,2002944,273,864.02,7314,0.2,351.2683410644531,1093.508596801758,0.039430186,6.969895524779956,0.43324381510416665,0.14826975762844086,-0.002016968312091194,5e-05,0.8934019804000854,13000
-453.37027482999997,164,2015232,275,835.24,7315,0.2,1054.156005859375,2134.0412517547607,0.021700213,6.961859178543091,0.27740071614583334,0.14840981364250183,-0.00881983231471774,5e-05,0.7816251516342163,13010
-408.44687064000004,165,2027520,277,844.11,7314,0.2,494.4704284667969,1650.8198570251466,0.035524976,6.954361426830292,0.37029622395833334,0.14851295948028564,-0.0017506198681076057,5e-05,0.6853052377700806,13020
-288.6226828799999,166,2039808,278,845.01,7315,0.2,524.7783813476562,1664.3659732818603,0.042706024,6.944059531887373,0.4008382161458333,0.1486692875623703,-0.008132583243423142,5e-05,0.7933271527290344,13030
-255.09887426999998,167,2052096,280,865.35,7315,0.2,146.33847045898438,296.1917531967163,0.025563732,6.939847934246063,0.3431315104166667,0.14860109984874725,-0.007703964022706108,5e-05,0.9345135688781738,13040
-101.07326750000004,168,2064384,282,857.61,7315,0.2,108.93528747558594,208.78862380981445,0.05727436,6.939053588112196,0.4822021484375,0.1486242264509201,0.005133568492601626,5e-05,0.877776026725769,13050
-42.020842540000004,169,2076672,283,792.53,7316,0.2,39.43885040283203,118.50942545731863,0.052675027,6.936664233605067,0.5186116536458333,0.14858506619930267,0.008969856997525009,5e-05,0.9284411668777466,13060
-58.830703879999994,170,2088960,285,789.21,7316,0.2,682.2791748046875,1862.7368267059326,0.015321675,6.941168894370397,0.21018880208333332,0.148589625954628,-0.012714408062553655,5e-05,0.7377747297286987,13070
-75.16848069000004,171,2101248,287,797.55,7316,0.2,622.709228515625,1714.7209098815918,0.020631583,6.942956578731537,0.25289713541666664,0.14853346347808838,-0.009775296486865651,5e-05,0.5730977058410645,13080
-10.071119439999983,172,2113536,288,828.25,7317,0.2,383.7388610839844,455.68012822469075,0.03645407,6.939478081464768,0.42880045572916664,0.14866428077220917,-0.002040602933023668,5e-05,0.8751192688941956,13090
-99.78483364000002,173,2125824,290,829.31,7317,0.2,115.46882629394531,357.34684604008993,0.03782652,6.934811809659005,0.36676432291666666,0.14867447316646576,-0.00430424039271505,5e-05,0.8338804244995117,13100
-218.89269362,174,2138112,292,840.24,7317,0.2,828.1385498046875,1868.0491030375163,0.019898934,6.936710102359454,0.2620849609375,0.14865602552890778,-0.011480952635368642,5e-05,0.7356476783752441,13110
-275.33316117999993,175,2150400,293,851.07,7318,0.2,1088.850830078125,1886.2415026346841,0.019648395,6.93778700431188,0.27174479166666665,0.1486833244562149,-0.009580333375682433,5e-05,0.7863242626190186,13120
-236.26141226999997,176,2162688,295,864.07,7318,0.2,791.6016845703125,1610.9022477467854,0.025921186,6.93657335738341,0.29478352864583335,0.14870935678482056,-0.007831579579700095,5e-05,0.7877326607704163,13130
-219.19240854000003,177,2174976,297,904.14,7318,0.2,81.5855712890625,226.97256150245667,0.043043744,6.924668884277343,0.45391438802083334,0.14883215725421906,0.0029008706726017406,5e-05,0.9304397106170654,13140
-101.47596427,178,2187264,298,904.42,7319,0.2,509.10968017578125,1540.7663366953532,0.031786583,6.916262725989024,0.3744303385416667,0.1489861160516739,-0.007103028100391384,5e-05,0.7375551462173462,13150
-282.19839869000003,179,2199552,300,868.04,7319,0.2,76.89824676513672,190.19944914182028,0.04512042,6.912482910354933,0.44013671875,0.14899842441082,0.0011770408920710907,5e-05,0.9247917532920837,13160
-350.43259656999993,180,2211840,302,847.73,7319,0.2,1059.607177734375,2204.0349416097006,0.021286054,6.911137110988299,0.2721435546875,0.14896231889724731,-0.007635636328874777,5e-05,0.658836305141449,13170
-334.25093993,181,2224128,303,854.61,7319,0.2,534.9432373046875,1076.669592666626,0.03899734,6.90598635772864,0.41957194010416665,0.14913509786128998,-0.002513847346805657,5e-05,0.8267385959625244,13180
-443.18664157000006,182,2236416,305,870.11,7320,0.2,1375.44384765625,3138.5484331766766,0.028092323,6.896926119923592,0.36279296875,0.14925390481948853,-0.005793609346680265,5e-05,0.788147509098053,13190
-378.23831494000007,183,2248704,307,872.38,7317,0.2,920.958984375,1979.9146540323893,0.016796561,6.8928916921218235,0.20257975260416666,0.14929741621017456,-0.008573773883593578,5e-05,0.7389914989471436,13200
-359.76962199000013,184,2260992,308,872.69,7317,0.2,272.9239501953125,533.0793123881023,0.028398627,6.89312669535478,0.32041015625,0.14929908514022827,-0.007751938808845201,5e-05,0.8755050301551819,13210
-441.5391626500001,185,2273280,310,890.13,7318,0.2,484.5935363769531,884.8437636057536,0.024506733,6.890893192092578,0.2840576171875,0.14932776987552643,-0.009116751864591302,5e-05,0.8815411329269409,13220
-331.7673550400001,186,2285568,312,894.81,7318,0.2,286.9854736328125,601.0780006408692,0.03596737,6.88346346616745,0.3959147135416667,0.14948409795761108,-0.0013579638616647571,5e-05,0.9226229786872864,13230
-259.89696390000006,187,2297856,313,910.05,7318,0.2,468.2889709472656,1314.1447357177735,0.08296867,6.84711430768172,0.6369547526041667,0.15006841719150543,0.024785927142753888,5e-05,0.853209376335144,13240
-337.6204234600001,188,2310144,315,884.01,7318,0.2,478.2544250488281,868.9071872711181,0.04006069,6.822641103466352,0.39466959635416665,0.15009541809558868,-0.006413771036992936,5e-05,0.9269183278083801,13250
-247.02351864999997,189,2322432,317,866.97,7318,0.2,976.0460205078125,2095.2363192240396,0.019914614,6.82472404340903,0.2656982421875,0.15009427070617676,-0.011459728103848951,5e-05,0.8030044436454773,13260
-391.62580209999993,190,2334720,318,868.23,7318,0.2,1537.4495849609375,3133.8262771606446,0.017769778,6.8260931720336275,0.222265625,0.1500951498746872,-0.011273301760472048,5e-05,0.8433724641799927,13270
-321.39915625000003,191,2347008,320,859.6,7318,0.2,1216.26513671875,2439.999064509074,0.030229725,6.822719091176987,0.3522705078125,0.15017573535442352,-0.008767856935446617,5e-05,0.8134883642196655,13280
-461.40102753000014,192,2359296,322,852.37,7318,0.2,309.6470031738281,753.0520895004272,0.026112715,6.8160131474335985,0.2865804036458333,0.15022873878479004,-0.009109941560988469,5e-05,0.8395344018936157,13290
-538.6083901699999,193,2371584,324,843.27,7318,0.2,1195.019287109375,2389.0942665100097,0.016401159,6.811930128932,0.21587727864583334,0.15023057162761688,-0.009530695408466272,5e-05,0.8236512541770935,13300
-680.1350109699998,194,2383872,325,840.47,7318,0.2,636.9329833984375,1790.6435239156087,0.030935379,6.809581224123637,0.3528238932291667,0.1502552330493927,-0.00784237303014379,5e-05,0.8616036772727966,13310
-592.05243327,195,2396160,327,857.52,7319,0.2,1044.6478271484375,1945.4316755930583,0.038775202,6.811121237277985,0.40673828125,0.15021806955337524,-0.0013759633016888983,5e-05,0.859271764755249,13320
-521.3789146099999,196,2408448,329,866.03,7319,0.2,365.45745849609375,709.6040387471517,0.03494002,6.811285322904586,0.39453125,0.15024025738239288,-0.0034034147511799043,5e-05,0.8801761865615845,13330
-352.5634353400001,197,2420736,330,897.37,7320,0.2,978.3194580078125,1886.9724236806235,0.04027385,6.801129251718521,0.44961751302083336,0.15045104920864105,-0.0017042864996862288,5e-05,0.8312685489654541,13340
-353.5294870000001,198,2433024,332,871.3,7320,0.2,210.6682586669922,400.3953854560852,0.032261733,6.794538423418999,0.394091796875,0.1504530906677246,-0.003092903170424203,5e-05,0.9095876812934875,13350
-397.5670411700001,199,2445312,334,868.49,7320,0.2,605.3394165039062,1341.5261395772297,0.03285502,6.796552866697311,0.3706787109375,0.15040074288845062,-0.004027183955622604,5e-05,0.8670040369033813,13360
-405.71253680999996,200,2457600,335,871.59,7320,0.2,1312.4765625,2498.046752675374,0.02938953,6.800057799617449,0.3185546875,0.1503859907388687,-0.006783059758405822,5e-05,0.7515254020690918,13370
-297.39856691999995,201,2469888,337,862.54,7320,0.2,322.2217712402344,1819.2640997568767,0.029759789,6.793089269598325,0.359765625,0.1505008488893509,-0.006425804561392094,5e-05,0.8124847412109375,13380
-350.76107178999996,202,2482176,339,871.29,7321,0.2,890.3798828125,1676.6057996114096,0.031581525,6.783791560928027,0.3753580729166667,0.15056462585926056,-0.006064514697451766,5e-05,0.8435952067375183,13390
-303.08591098,203,2494464,340,852.84,7320,0.2,151.13525390625,475.5949687321981,0.04238103,6.776796607176463,0.4483642578125,0.15063722431659698,0.007164433529639306,5e-05,0.8869447708129883,13400
-317.71140426,204,2506752,342,844.65,7321,0.2,328.6219787597656,758.3709838231405,0.022307059,6.770824949940046,0.29296875,0.15074484050273895,-0.01092635854583932,5e-05,0.8613027334213257,13410
-378.60643186,205,2519040,344,856.74,7321,0.2,122.21681213378906,316.17026332219444,0.042580113,6.7644055416186655,0.45094401041666665,0.15083806216716766,0.0017306023587783177,5e-05,0.9282318353652954,13420
-265.57223278000004,206,2531328,345,875.08,7321,0.2,555.3214721679688,1100.1225896199544,0.017620513,6.761873022715251,0.2434326171875,0.1508643627166748,-0.009138295910088346,5e-05,0.8401124477386475,13430
-174.37263519000004,207,2543616,347,845.25,7321,0.2,411.7832946777344,1074.9360998789468,0.056367293,6.755663414796193,0.46318359375,0.15102730691432953,-0.008053978452032122,5e-05,0.7193518877029419,13440
-171.65665861000002,208,2555904,349,855.35,7322,0.2,483.15087890625,1041.007892036438,0.031991977,6.7476849565903345,0.34013671875,0.1510612517595291,-0.004843854993911615,5e-05,0.7917828559875488,13450
-103.15702972999998,209,2568192,350,847.5,7322,0.2,832.5270385742188,1474.2655239105225,0.03291579,6.7456749786933266,0.3979248046875,0.15100756287574768,-0.004073515222019827,5e-05,0.7656694650650024,13460
-172.90750013999997,210,2580480,352,847.86,7322,0.2,167.54031372070312,417.38659216562905,0.06262512,6.7430619597435,0.5483154296875,0.15101176500320435,0.012699406546501753,5e-05,0.6561360359191895,13470
-208.31589805000004,211,2592768,354,873.98,7322,0.2,387.6033020019531,1007.9238142649333,0.022977605,6.734802282849947,0.2970784505208333,0.15114180743694305,-0.008286695075609411,5e-05,0.8473666906356812,13480
-276.48800901000004,212,2605056,355,896.28,7322,0.2,737.2401733398438,2455.6130981445312,0.01855805,6.726029405991237,0.24332682291666666,0.15122029185295105,-0.011522381655716648,5e-05,0.781667947769165,13490
-267.52578800000003,213,2617344,357,852.95,7323,0.2,420.3460998535156,1243.075274149577,0.017931288,6.721785203615824,0.22217610677083333,0.15121999382972717,-0.00975534638176517,5e-05,0.7338451147079468,13500
-259.23291042999995,214,2629632,359,886.37,7323,0.2,133.90061950683594,432.79505723317465,0.022245929,6.720922103524208,0.28658854166666664,0.15123088657855988,-0.011491893241327489,5e-05,0.8582602739334106,13510
-288.96066607000006,215,2641920,360,897.71,7323,0.2,602.551025390625,1340.9956703186035,0.059440043,6.707013872265816,0.6177408854166667,0.15157392621040344,0.021218077638574567,5e-05,0.8832876682281494,13520
-303.44799971,216,2654208,362,896.52,7323,0.2,481.94635009765625,821.0531387329102,0.016609779,6.6959022690852485,0.21830240885416666,0.15161503851413727,-0.007956320079877817,5e-05,0.8655292391777039,13530
-387.6103551799999,217,2666496,364,879.27,7323,0.2,831.8956298828125,2142.311661783854,0.017788494,6.6935996294021605,0.23685709635416666,0.15159206092357635,-0.009262368631607388,5e-05,0.8725206851959229,13540
-261.07937629,218,2678784,365,868.87,7323,0.2,248.1149444580078,692.7700454711915,0.019570129,6.691049232085546,0.2403564453125,0.15164929628372192,-0.010536168464750518,5e-05,0.8327550888061523,13550
-280.04096057,219,2691072,367,868.87,7323,0.2,387.7660217285156,1016.0384379704793,0.023641353,6.6895499686400095,0.27357584635416665,0.15163443982601166,-0.008805947713941957,5e-05,0.8410792946815491,13560
-355.78063326000006,220,2703360,369,877.88,7322,0.2,943.8756713867188,1958.1007895151774,0.030956993,6.6875777324040735,0.33368326822916666,0.15173016488552094,-0.006385568879098477,5e-05,0.8402692079544067,13570
-606.2486777600001,221,2715648,370,860.57,7322,0.2,1565.1494140625,3471.6160657246905,0.02492764,6.6828611065944035,0.294921875,0.15174970030784607,-0.010188865226033765,5e-05,0.8200592994689941,13580
-708.4538666100001,222,2727936,372,868.77,7322,0.2,1581.6551513671875,4088.981106567383,0.018327946,6.684465447068215,0.2630859375,0.1516515016555786,-0.009847722854222715,5e-05,0.836982250213623,13590
-707.6865543700001,223,2740224,374,885.97,7322,0.2,805.9539794921875,1515.6472494125367,0.031522144,6.681145788232485,0.38165690104166666,0.15177474915981293,-0.0074379959507496094,5e-05,0.851445198059082,13600
-675.3228196100001,224,2752512,375,885.97,7322,0.2,1116.7117919921875,2039.4896648406982,0.0217311,6.671201995015144,0.30137532552083335,0.15192487835884094,-0.006730490405364738,5e-05,0.8676105737686157,13610
-752.3440067000001,225,2764800,377,879.88,7322,0.2,838.9107666015625,1644.3923979441324,0.025337301,6.663841526707014,0.3042805989583333,0.1520211547613144,-0.008596860785231305,5e-05,0.8936433792114258,13620
-716.4141265399999,226,2777088,379,883.06,7322,0.2,304.8564758300781,1142.2532218933106,0.04022115,6.660665762424469,0.46880696614583334,0.1519666463136673,0.00013635057645539444,5e-05,0.9058231115341187,13630
-731.0976645599997,227,2789376,380,882.02,7322,0.2,832.2509765625,1604.572123336792,0.03611373,6.654192132751147,0.43209635416666664,0.1521606296300888,-0.0024683846786501817,5e-05,0.8991510272026062,13640
-607.72856713,228,2801664,382,886.39,7323,0.2,770.6153564453125,2364.6959246317547,0.029192047,6.641899713873864,0.2874755859375,0.152274027466774,-0.005031777168915142,5e-05,0.8326260447502136,13650
-458.22861465999995,229,2813952,384,867.91,7323,0.2,505.4954833984375,1001.199445215861,0.028651075,6.6370691875616705,0.3449788411458333,0.1522829681634903,-0.006742310338449897,5e-05,0.9010407328605652,13660
-575.41683873,230,2826240,385,875.23,7323,0.2,604.1444702148438,1180.1401788075766,0.024957782,6.631064486503601,0.28871256510416665,0.15243051946163177,-0.008563099755944374,5e-05,0.9261678457260132,13670
-426.99644147,231,2838528,387,884.17,7323,0.2,642.2677612304688,2009.9399751027424,0.037656765,6.620024579763412,0.40362141927083334,0.1525266319513321,-0.0052964846792747265,5e-05,0.8811163902282715,13680
-408.35425181000005,232,2850816,389,879.54,7324,0.2,121.50929260253906,425.35807752609253,0.044833183,6.612058823307355,0.40443522135416665,0.152532696723938,0.0007490049761448366,5e-05,0.8925224542617798,13690
-357.74444842,233,2863104,390,854.9,7324,0.2,618.426025390625,1188.7790130615235,0.023957947,6.606216137607892,0.30685221354166664,0.15259981155395508,-0.008675992302111505,5e-05,0.8752642273902893,13700
-154.86652972000005,234,2875392,392,880.16,7324,0.2,104.08173370361328,247.29446784655252,0.039406493,6.601166160901387,0.3628336588541667,0.15269248187541962,-0.00630386198075333,5e-05,0.9481431245803833,13710
-226.14763425,235,2887680,394,859.81,7324,0.2,483.275634765625,1048.949233754476,0.024766212,6.589912670850754,0.304541015625,0.15287120640277863,-0.007237574436536913,5e-05,0.9433093667030334,13720
-112.04388696000005,236,2899968,395,857.75,7325,0.2,442.5455322265625,1447.6155086517333,0.028644944,6.582229890426,0.32908528645833335,0.1529395431280136,-0.008288659068057314,5e-05,0.9070923328399658,13730
44.293030329999986,237,2912256,397,737.75,7325,0.2,189.462890625,413.2863916714986,15.965503,6.5624694406986235,0.9555501302083333,0.1532243937253952,0.18286724440937785,5e-05,0.7968392372131348,13740
-30.47327254000002,238,2924544,399,644.49,7325,0.2,333.8616638183594,1249.9756148020426,0.044355627,6.554752329985301,0.373193359375,0.153224378824234,-0.002905659374179474,5e-05,0.7179492712020874,13750
55.83295465000002,239,2936832,400,540.47,7325,0.2,1477.97314453125,2587.6253761291505,0.02591849,6.5487381736437476,0.2807861328125,0.15335799753665924,-0.0032892800552266027,5e-05,0.6072490215301514,13760
72.64343912000001,240,2949120,402,540.43,7325,0.2,125.84713745117188,344.5535659154256,0.033287678,6.5386777718861895,0.39564615885416665,0.15351293981075287,-0.0010344476346896652,5e-05,0.8654878735542297,13770
29.72487579000001,241,2961408,404,539.52,7324,0.2,44.1801872253418,114.80819869041443,0.039901897,6.532348436117172,0.4377034505208333,0.1535424292087555,0.004897999203725097,5e-05,0.8926165103912354,13780
-2.615603180000012,242,2973696,406,556.91,7324,0.2,380.52166748046875,807.9006607691447,0.02833225,6.529276305437088,0.3303955078125,0.15352781116962433,-0.006577332683324736,5e-05,0.5698325634002686,13790
137.31479509000002,243,2985984,407,567.73,7324,0.2,703.2062377929688,1513.6055474599202,0.041342024,6.5322582721710205,0.4045166015625,0.15353213250637054,0.001225334560634413,5e-05,0.5480092167854309,13800
84.21658581000003,244,2998272,409,578.78,7324,0.2,339.35821533203125,1377.3057726542154,0.039162192,6.527166377504667,0.397216796875,0.15361276268959045,-0.00030503010906007453,5e-05,0.6547355055809021,13810
16.13161800000001,245,3010560,411,563.36,7324,0.2,304.107666015625,535.655162747701,0.046384305,6.518105095624923,0.44580078125,0.15380673110485077,0.0030226681604593373,5e-05,0.6433779001235962,13820
