rollout/ep_rew_mean,time/time_elapsed,time/total_timesteps,time/iterations,rollout/ep_len_mean,time/fps,train/entropy_loss,train/value_loss,train/clip_range,train/clip_fraction,train/std,train/explained_variance,train/n_updates,train/approx_kl,train/learning_rate,train/loss,train/policy_gradient_loss
1158.3729954166668,1,12288,1,1000.0,11874,,,,,,,,,,,
1154.601628125,2,24576,2,1000.0,8769,1.5948266637821993,0.6023373141884804,0.2,0.3275634765625,0.23632383346557617,0.8509387969970703,6520,0.02929118,5e-05,0.1936914026737213,-0.008804978250312463
1162.4998264166666,4,36864,3,1000.0,8148,1.5883856708804767,0.5203509878056745,0.2,0.3369059244791667,0.23633964359760284,0.9308474063873291,6530,0.028192766,5e-05,0.11298102140426636,-0.00694290062286503
1162.9488779375001,6,49152,4,1000.0,7876,1.5987905579308668,0.4250005644746125,0.2,0.3411946614583333,0.2359609156847,0.9555343389511108,6540,0.029478183,5e-05,0.08446688950061798,-0.006928471539868042
1151.6824018833333,7,61440,5,987.8,7720,1.621939064313968,0.362112490242968,0.2,0.3456787109375,0.23528806865215302,0.9630946516990662,6550,0.029042466,5e-05,0.0925113707780838,-0.008544226061591569
1156.3364703611112,9,73728,6,989.8333333333334,7614,1.6376712784171104,0.5119244702470799,0.2,0.363232421875,0.2351706475019455,0.9560911059379578,6560,0.03257951,5e-05,0.14894357323646545,-0.0066997814613084
1157.8379004404767,11,86016,7,987.3214285714286,7563,1.649422493080298,0.4629591348581016,0.2,0.3497395833333333,0.23480337858200073,0.9489784836769104,6570,0.03263186,5e-05,0.11960217356681824,-0.005884433783163937
1153.9607833854168,13,98304,8,988.90625,7521,1.6575618202487628,1.6693686929220954,0.2,0.31858723958333335,0.23480398952960968,0.9780640602111816,6580,0.030824115,5e-05,0.3640528619289398,-0.0057438102885498665
1157.51665601,14,110592,9,989.35,7473,1.6701751900215944,0.2115305150548617,0.2,0.3788330078125,0.23429560661315918,0.9949155449867249,6590,0.030863374,5e-05,0.06850292533636093,-0.006650990746857132
1163.54118453,16,122880,10,989.35,7362,1.695128511140744,0.19688117695041002,0.2,0.3723225911458333,0.23375730216503143,0.9961322546005249,6600,0.031020747,5e-05,0.08091036975383759,-0.007168643131444696
1154.8414366000002,18,135168,11,982.71,7336,1.7184953572849433,0.33003629570206006,0.2,0.3619791666666667,0.23333008587360382,0.9880985617637634,6610,0.03221711,5e-05,0.13081495463848114,-0.008610116284883892
1154.6286128,20,147456,12,982.71,7312,1.7383372873067855,0.4777206763935586,0.2,0.3646240234375,0.23295164108276367,0.9861420392990112,6620,0.032404333,5e-05,0.09310875833034515,-0.005530041186041975
1167.44623103,21,159744,13,990.03,7303,1.7703259716431299,0.17436084581228595,0.2,0.3753255208333333,0.23226667940616608,0.9952208995819092,6630,0.030924475,5e-05,0.08697983622550964,-0.006377897470762643
1167.75569016,23,172032,14,988.51,7299,1.804749240229527,0.20001732728754482,0.2,0.3654541015625,0.23182986676692963,0.9950928688049316,6640,0.032360878,5e-05,0.07661420106887817,-0.005438857763753428
1168.4261965300002,25,184320,15,989.0,7285,1.8215585072835287,2.890052588749677,0.2,0.3364501953125,0.23167449235916138,0.9511057138442993,6650,0.023908898,5e-05,1.8059563636779785,-0.0058402222028234975
1179.37142045,27,196608,16,989.0,7263,1.8343333671490352,3.5621793877954286,0.2,0.3688883463541667,0.23142246901988983,0.9341289401054382,6660,0.032382697,5e-05,4.666438579559326,-0.00347165657634226
1178.19041657,28,208896,17,984.11,7253,1.8573727098604043,0.18032534037095804,0.2,0.3932861328125,0.2307981252670288,0.9921485185623169,6670,0.028560126,5e-05,0.0698821172118187,-0.006482649444175574
1180.5498272199998,30,221184,18,984.11,7243,1.874865900973479,0.639144274359569,0.2,0.3829752604166667,0.2306838482618332,0.9732528924942017,6680,0.035034765,5e-05,0.049684278666973114,-0.004168200343459224
1193.46851973,32,233472,19,990.75,7244,1.8957708016037942,0.2213544113871952,0.2,0.38351236979166664,0.23032164573669434,0.9920921921730042,6690,0.033933457,5e-05,0.08484310656785965,-0.007164806590299122
1194.28929844,33,245760,20,990.75,7244,1.9248900897800922,0.1901543190702796,0.2,0.3732421875,0.22973091900348663,0.9959602355957031,6700,0.033745613,5e-05,0.046973008662462234,-0.008801787223395271
1194.98924001,35,258048,21,990.75,7249,1.9563920731345812,0.1615626397076994,0.2,0.36432291666666666,0.22927521169185638,0.9960745573043823,6710,0.02884671,5e-05,0.07256294041872025,-0.006529199654081216
1193.5166253199998,37,270336,22,990.75,7252,1.9854982390999794,0.16467413601155081,0.2,0.37574869791666665,0.22867126762866974,0.9950727820396423,6720,0.03316747,5e-05,0.0840718001127243,-0.00841561628136939
1195.55531629,38,282624,23,995.11,7257,2.0232220232486724,0.1536055980871121,0.2,0.3471435546875,0.22783534228801727,0.9960401058197021,6730,0.02850665,5e-05,0.05472305044531822,-0.010334454697052327
1189.67559972,40,294912,24,988.69,7252,2.048932511607806,0.5079428082952897,0.2,0.3543782552083333,0.22766323387622833,0.9741921424865723,6740,0.028438339,5e-05,0.2099241465330124,-0.005267694877208366
1197.55545646,42,307200,25,992.83,7256,2.0613527054588,4.256278552052875,0.2,0.39242350260416664,0.22752106189727783,0.9006835222244263,6750,0.030463645,5e-05,2.2357840538024902,-0.006486828002380207
1184.67347055,43,319488,26,986.4,7261,2.0847849448521933,0.2060587864058713,0.2,0.39348958333333334,0.22696392238140106,0.9915309548377991,6760,0.034321908,5e-05,0.05672500282526016,-0.005783146812852162
1178.97311443,45,331776,27,986.4,7265,2.1051700934767723,0.8225943597654501,0.2,0.39386393229166666,0.22666282951831818,0.9617409706115723,6770,0.034331616,5e-05,0.15858542919158936,-0.00556579704619556
1182.39477341,47,344064,28,984.39,7269,2.127781257033348,0.31904754505182303,0.2,0.3931070963541667,0.2260752171278,0.990548312664032,6780,0.03249227,5e-05,0.11055995523929596,-0.005094342437708595
1175.3401658,48,356352,29,975.66,7274,2.1487054372827212,1.014343973963211,0.2,0.40850423177083334,0.22564493119716644,0.9616234302520752,6790,0.02677685,5e-05,0.8391585350036621,-0.003438626233158478
1174.00812165,50,368640,30,972.19,7276,2.1640476807951927,0.7131847949698568,0.2,0.3998209635416667,0.22541366517543793,0.9816665649414062,6800,0.033604357,5e-05,0.4634064733982086,-0.005287088399927598
1165.85573718,52,380928,31,963.87,7279,2.18127945959568,2.5664246453593176,0.2,0.3824381510416667,0.22507603466510773,0.9423444271087646,6810,0.043342274,5e-05,0.3008788228034973,-0.0027527231233155664
1177.4443728299998,53,393216,32,971.04,7282,2.186023718615373,0.5411573418105642,0.2,0.46299641927083335,0.22521071135997772,0.9636284112930298,6820,0.04234987,5e-05,0.05757670849561691,-0.001432000440157329
1174.16499905,55,405504,33,971.04,7285,2.1906581406792003,3.3459757295126717,0.2,0.4024658203125,0.22504745423793793,0.9573402404785156,6830,0.03649294,5e-05,1.2643247842788696,-0.002134827351255808
1181.28589708,57,417792,34,976.14,7288,2.215481687088807,0.3202201004140079,0.2,0.43197428385416664,0.22427426278591156,0.9909242391586304,6840,0.038226966,5e-05,0.06436768174171448,-0.002619513743654049
1180.70551843,59,430080,35,976.14,7287,2.233531579375267,6.672752182806532,0.2,0.3188395182291667,0.22429539263248444,0.9431023597717285,6850,0.031061858,5e-05,4.223330974578857,-0.006354692306679984
1183.9084023700002,60,442368,36,978.15,7290,2.2376951331893604,0.980243073279659,0.2,0.4236328125,0.22399914264678955,0.9609661102294922,6860,0.035049792,5e-05,0.3482430875301361,-0.0026369366406773526
1181.6870683800003,62,454656,37,977.6,7292,2.2615369910995167,0.2344829314077894,0.2,0.4472249348958333,0.22323279082775116,0.993236243724823,6870,0.04224528,5e-05,0.1017625629901886,-0.0023957272399760163
1184.4742791800002,64,466944,38,978.05,7292,2.2775569116075833,2.8496059662352007,0.2,0.37032877604166664,0.22308307886123657,0.9415126442909241,6880,0.030718291,5e-05,0.39950165152549744,-0.006105639077820039
1196.48570542,65,479232,39,986.37,7294,2.2855694060524305,2.4631242635970314,0.2,0.3936279296875,0.22290073335170746,0.9686952233314514,6890,0.032931775,5e-05,0.261976420879364,-0.0023181479545504166
1189.02981821,67,491520,40,985.74,7296,2.292879978319009,3.0417614184940853,0.2,0.411767578125,0.22276771068572998,0.9708514213562012,6900,0.030855106,5e-05,4.206676006317139,-0.004061286892101635
1190.63033634,69,503808,41,985.74,7291,2.3240562414129573,0.2827524612036844,0.2,0.47112630208333334,0.2216336578130722,0.9906218647956848,6910,0.043286633,5e-05,0.1602398008108139,2.7013562794309108e-05
1191.48755786,70,516096,42,987.07,7293,2.3650439754128456,0.21472317902371288,0.2,0.39702962239583334,0.22115547955036163,0.9912980794906616,6920,0.034789126,5e-05,0.07379323244094849,-0.004918530400027521
1200.99662603,72,528384,43,987.07,7294,2.392001367608706,0.21484903569022815,0.2,0.39793294270833335,0.22073771059513092,0.9944442510604858,6930,0.034266826,5e-05,0.05870724469423294,-0.006393185972895784
1202.3783295,74,540672,44,985.46,7295,2.4147796422243117,0.17917734035290778,0.2,0.37489420572916665,0.22043831646442413,0.9961057305335999,6940,0.03015815,5e-05,0.07980486005544662,-0.0048378117207903415
1210.9136182800003,75,552960,45,994.74,7293,2.4258563394347825,4.158660475940754,0.2,0.3441080729166667,0.22031009197235107,0.9256798028945923,6950,0.03256774,5e-05,6.1634650230407715,-0.005502354906639084
1208.09118731,77,565248,46,992.43,7295,2.4423962766925493,0.767890257264177,0.2,0.4077392578125,0.22001953423023224,0.981768012046814,6960,0.030245734,5e-05,0.3472796678543091,-0.004000237611277649
1206.02244551,79,577536,47,993.06,7296,2.4568549901247025,1.9473717510079345,0.2,0.39463704427083335,0.21981333196163177,0.9663970470428467,6970,0.03616023,5e-05,0.1862926185131073,-0.0034263395621868162
1214.4956174600002,80,589824,48,993.06,7298,2.484772914648056,0.1821582806762308,0.2,0.4009521484375,0.21905648708343506,0.995409369468689,6980,0.034226816,5e-05,0.05472719669342041,-0.00433828368113609
1211.43123232,82,602112,49,993.06,7300,2.514399994413058,0.25628400697993736,0.2,0.38031412760416666,0.21869759261608124,0.993219792842865,6990,0.030852303,5e-05,0.06730964779853821,-0.00739471002210242
1216.72952497,84,614400,50,993.06,7302,2.533130037287871,0.31247367036218443,0.2,0.3867268880208333,0.21841876208782196,0.9910153150558472,7000,0.033378948,5e-05,0.11160075664520264,-0.0053335220257091955
1212.55294589,85,626688,51,993.06,7303,2.5593396628896397,0.14027718667251368,0.2,0.37254231770833335,0.21777112782001495,0.996618926525116,7010,0.033706162,5e-05,0.057383179664611816,-0.008178412797375738
1214.1342067700002,87,638976,52,993.06,7303,2.5873704105615616,0.14978654890631635,0.2,0.34103190104166664,0.21733999252319336,0.9968162775039673,7020,0.030078767,5e-05,0.05153946578502655,-0.005936461108891914
1222.62828015,89,651264,53,994.67,7305,2.621480273703734,0.14684613013329606,0.2,0.3555094401041667,0.21644942462444305,0.996019721031189,7030,0.029559406,5e-05,0.03643712028861046,-0.006182993348435654
1231.26647452,90,663552,54,999.67,7306,2.657551059126854,0.15555440522730352,0.2,0.3383056640625,0.21605618298053741,0.9936609268188477,7040,0.030133525,5e-05,0.05428915470838547,-0.008343057009430293
1231.1633442399998,92,675840,55,997.18,7308,2.6798976942896844,2.001042732534309,0.2,0.3453776041666667,0.21568399667739868,0.9668230414390564,7050,0.026415817,5e-05,1.6741092205047607,-0.004984044359298423
1225.5582615899998,94,688128,56,997.18,7309,2.6937168444196384,0.5547219836773972,0.2,0.3967366536458333,0.21552497148513794,0.9509201645851135,7060,0.035098214,5e-05,0.13767816126346588,-0.004577085148290886
1223.61097842,95,700416,57,997.18,7310,2.709416562318802,0.30549276471138,0.2,0.4127197265625,0.215185284614563,0.9897940754890442,7070,0.03858302,5e-05,0.11315134167671204,-0.006237903965908723
1214.19106702,97,712704,58,988.33,7310,2.7343394895394644,0.17812921426569422,0.2,0.4009928385416667,0.21465124189853668,0.9907354712486267,7080,0.03660056,5e-05,0.07588139921426773,-0.007571371541901802
1215.03818914,99,724992,59,988.33,7310,2.752950661877791,0.5965909985204537,0.2,0.40087890625,0.21434088051319122,0.9500249028205872,7090,0.034930598,5e-05,0.12515896558761597,-0.0034509146605463076
1199.02871209,100,737280,60,979.37,7311,2.7697864159941674,0.23585679571454723,0.2,0.3876220703125,0.2140384167432785,0.9849619269371033,7100,0.034430638,5e-05,0.060724325478076935,-0.005154925145325251
1185.21304336,102,749568,61,971.33,7306,2.7827312777439754,1.0526372449472547,0.2,0.3953938802083333,0.2137811928987503,0.9472761750221252,7110,0.03190583,5e-05,0.1588524729013443,-0.004468594758266894
1185.18184098,104,761856,62,971.66,7307,2.7937096998095514,2.0679315382614734,0.2,0.41490071614583335,0.213671013712883,0.9618401527404785,7120,0.03876036,5e-05,0.4943891763687134,-0.003029748224071227
1188.4296858999999,105,774144,63,974.15,7308,2.8097998638947805,0.21287675163087746,0.2,0.4315999348958333,0.2132863998413086,0.988906741142273,7130,0.03957035,5e-05,0.05250820890069008,-0.0007031788409221917
1179.06858761,107,786432,64,961.47,7309,2.841200225551923,0.181158300396055,0.2,0.3912109375,0.212515190243721,0.9951751828193665,7140,0.035635546,5e-05,0.05839701369404793,-0.006749045996305843
1179.75940372,109,798720,65,961.47,7310,2.859070001045863,2.539891064539552,0.2,0.36521809895833335,0.21249771118164062,0.9499799013137817,7150,0.03748827,5e-05,0.15335512161254883,-0.007124812047792754
1174.55519646,110,811008,66,961.83,7311,2.8721430584788323,0.22255912131319444,0.2,0.43589680989583335,0.21217715740203857,0.9848982095718384,7160,0.04492813,5e-05,0.049041301012039185,-0.002417752885473116
1156.87052622,112,823296,67,947.89,7312,2.884521521627903,0.7744533535093069,0.2,0.40640462239583336,0.211969256401062,0.969292402267456,7170,0.03269939,5e-05,1.318925380706787,-0.004584866566437995
1157.84041185,114,835584,68,948.65,7306,2.890764534473419,1.7417323147257169,0.2,0.3963216145833333,0.2119300365447998,0.9419537782669067,7180,0.0381635,5e-05,1.142626404762268,-0.007247649104101583
1171.38117593,116,847872,69,956.69,7307,2.8986840272943177,0.9158733611615996,0.2,0.4430338541666667,0.2116636484861374,0.9746976494789124,7190,0.045466874,5e-05,0.3239469826221466,-0.001726271756827676
1155.31813635,117,860160,70,944.04,7307,2.913176233569781,0.49407242313027383,0.2,0.4514892578125,0.21132010221481323,0.9728181958198547,7200,0.03613409,5e-05,0.39587023854255676,-0.00010551367546819771
1134.9154583499999,119,872448,71,933.98,7308,2.9251914004484814,5.656836485521247,0.2,0.4258544921875,0.2111712545156479,0.9433351159095764,7210,0.046162814,5e-05,1.1858528852462769,-0.003337049227169094
1143.0088826599997,121,884736,72,937.3,7308,2.9327082430322964,10.747300867736339,0.2,0.33307291666666666,0.21114300191402435,0.9345259666442871,7220,0.02417314,5e-05,7.016116619110107,-0.006865801403182559
1161.4369235099998,122,897024,73,945.79,7309,2.9342622896035513,7.715461742132902,0.2,0.3199055989583333,0.21113257110118866,0.9405335187911987,7230,0.028663302,5e-05,3.181093692779541,-0.007097976657193309
1162.1923379300001,124,909312,74,940.87,7310,2.9286783441901205,0.503057174012065,0.2,0.5236246744791667,0.2111443281173706,0.947222888469696,7240,0.050992563,5e-05,0.2023976594209671,0.006209904640369738
1178.52028196,126,921600,75,950.63,7311,2.928292223314444,3.2887650770135224,0.2,0.43739420572916665,0.21117185056209564,0.9583257436752319,7250,0.039738744,5e-05,0.6483017206192017,0.0008003956274478697
1180.63400743,127,933888,76,946.7,7311,2.927280616760254,4.413303896101812,0.2,0.44029134114583335,0.21105973422527313,0.9574014544487,7260,0.05239685,5e-05,0.83186936378479,0.00045577973893765983
1183.0375399600002,129,946176,77,950.16,7312,2.9311521569887797,4.527562242187559,0.2,0.4556966145833333,0.21094727516174316,0.954258382320404,7270,0.0478076,5e-05,0.7108644247055054,-0.00018078725406667218
1208.65841055,131,958464,78,968.05,7313,2.950545985500018,0.37322095843652886,0.2,0.4704996744791667,0.21045716106891632,0.983997642993927,7280,0.05069526,5e-05,0.12284589558839798,0.0011001024928797658
1214.9572394,132,970752,79,973.28,7313,2.964688923954964,0.19938588965063295,0.2,0.4268880208333333,0.2102096676826477,0.9926117658615112,7290,0.036083072,5e-05,0.1000167727470398,-0.0019299119873418629
1218.38488041,134,983040,80,974.33,7312,2.97843651175499,3.662828182335943,0.2,0.4062255859375,0.20984964072704315,0.9403167963027954,7300,0.033299036,5e-05,0.39008599519729614,-0.0006078511481367362
1202.0439367400002,136,995328,81,965.35,7307,2.992500905195872,0.8873101480926077,0.2,0.43146158854166666,0.20969367027282715,0.9253102540969849,7310,0.03858164,5e-05,0.11467016488313675,-0.003002966777906598
1207.68919439,137,1007616,82,970.27,7306,3.005551057557265,1.4457259324068825,0.2,0.39715169270833334,0.20952147245407104,0.9374492168426514,7320,0.03457326,5e-05,0.5069578289985657,-0.004721600859678195
1221.63879821,139,1019904,83,982.65,7306,3.0210735763112706,0.2538413144337634,0.2,0.4362711588541667,0.2093038409948349,0.9670171141624451,7330,0.039098773,5e-05,0.1387167125940323,-0.0018303448833952038
1218.3635672999999,141,1032192,84,986.58,7306,3.043935918311278,0.2042388237391909,0.2,0.4024658203125,0.20886869728565216,0.9886643290519714,7340,0.035902534,5e-05,0.1293126791715622,-0.004358116036746651
1200.79931248,142,1044480,85,970.65,7307,3.0632116496562958,0.2852144294107954,0.2,0.40382486979166665,0.20855115354061127,0.9922138452529907,7350,0.03354307,5e-05,0.1369515061378479,-0.0010121422572410665
1205.9985883900001,144,1056768,86,975.09,7307,3.0729184592763583,2.38228170586129,0.2,0.3820556640625,0.20850248634815216,0.9442430734634399,7360,0.02854737,5e-05,0.7504890561103821,-0.006730912756029284
1193.26129152,146,1069056,87,966.18,7307,3.078065729637941,1.4772958188628158,0.2,0.3909830729166667,0.20837688446044922,0.9386932849884033,7370,0.04150422,5e-05,0.5059689879417419,-0.004952990289893933
1181.2662887099998,147,1081344,88,963.0,7307,3.0830669323603312,0.47708101474369563,0.2,0.4276936848958333,0.20823514461517334,0.9902536869049072,7380,0.037702404,5e-05,0.09451420605182648,-0.0033167046140685367
1181.15542449,149,1093632,89,963.03,7307,3.105879388252894,2.864012080989778,0.2,0.4392496744791667,0.20772100985050201,0.9327914118766785,7390,0.0349517,5e-05,0.18272386491298676,0.00313619438772245
1154.9216885,151,1105920,90,945.22,7307,3.1247729500134787,0.656676321476698,0.2,0.4497314453125,0.2074652463197708,0.972339391708374,7400,0.03939582,5e-05,0.11239775270223618,-0.0029399974965296375
1157.6593734200003,153,1118208,91,945.22,7308,3.132138497630755,2.926565186679363,0.2,0.35944010416666666,0.20738458633422852,0.9764024019241333,7410,0.031745516,5e-05,0.6726234555244446,-0.006248710848740302
1163.0098513499997,154,1130496,92,945.22,7308,3.139828172326088,0.1868398455126832,0.2,0.4380859375,0.2070205956697464,0.9929993748664856,7420,0.041751463,5e-05,0.13535477221012115,0.00167504601025333
1179.67747419,156,1142784,93,961.15,7309,3.158355404933294,0.31912979019495347,0.2,0.44412434895833336,0.2067057490348816,0.980164110660553,7430,0.04178974,5e-05,0.12232246994972229,-0.002525107200805602
1195.08544605,158,1155072,94,970.06,7309,3.182933515806993,0.1349623883298288,0.2,0.39834798177083336,0.2062642127275467,0.995833158493042,7440,0.034316175,5e-05,0.041372328996658325,-0.004898916863991568
1182.75175719,159,1167360,95,956.35,7309,3.200347276031971,1.5935627026483417,0.2,0.3596598307291667,0.2061282843351364,0.9647810459136963,7450,0.038787607,5e-05,0.1860969513654709,-0.006064617062171844
1176.6272701199998,161,1179648,96,947.12,7309,3.2071891595919926,1.420782577370604,0.2,0.38223470052083336,0.20601265132427216,0.9797313213348389,7460,0.03968064,5e-05,0.5554820895195007,-0.006239894239600593
1171.50533032,163,1191936,97,939.82,7308,3.2096649537483852,0.6616350778068105,0.2,0.4246012369791667,0.20586778223514557,0.9807751774787903,7470,0.034515098,5e-05,0.10307849943637848,-0.004753776794192769
1170.74209247,164,1204224,98,939.61,7305,3.2185949206352236,0.9773569949902594,0.2,0.4470296223958333,0.20562897622585297,0.9665731191635132,7480,0.039885554,5e-05,1.3781434297561646,-0.002191507942431296
1167.51865634,166,1216512,99,939.61,7305,3.2258318240443864,5.293042749601105,0.2,0.42353515625,0.20550692081451416,0.9443936347961426,7490,0.04431793,5e-05,0.15961140394210815,-0.0024264458954955143
1164.8466317200002,168,1228800,100,939.61,7306,3.2404069155454636,0.2706065188162029,0.2,0.4838460286458333,0.20516736805438995,0.9638100266456604,7500,0.04132859,5e-05,0.08289414644241333,0.0022051381718483755
1158.26408807,169,1241088,101,936.9,7306,3.265523853401343,0.2445075634556512,0.2,0.4360432942708333,0.20477306842803955,0.9875738024711609,7510,0.043241035,5e-05,0.08232937008142471,-0.0027893098017860514
1168.83116676,171,1253376,102,945.45,7303,3.2840926254789036,0.970843208177636,0.2,0.402197265625,0.204599991440773,0.9496119022369385,7520,0.032758188,5e-05,0.2810900807380676,-0.006947058775889066
1182.3777021800001,173,1265664,103,953.79,7295,3.2996068755785624,0.4361202569367985,0.2,0.4265625,0.2042824774980545,0.9686075448989868,7530,0.04307169,5e-05,0.2384309321641922,-0.002361568533766937
1203.48654872,175,1277952,104,971.97,7294,3.318855181336403,0.2840823760566612,0.2,0.39776204427083334,0.20390351116657257,0.9863870143890381,7540,0.034760877,5e-05,0.09297724813222885,-0.006211311888910132
1200.27928986,176,1290240,105,970.34,7294,3.3370351334412893,0.20231317558015385,0.2,0.3965657552083333,0.20360936224460602,0.9947625398635864,7550,0.03538343,5e-05,0.07147989422082901,-0.003710502381727565
1226.2921506399998,178,1302528,106,988.36,7293,3.3491318504015606,0.5289651864518722,0.2,0.3761962890625,0.20353658497333527,0.9725119471549988,7560,0.033931803,5e-05,0.1139783263206482,-0.005611359419708606
1229.13580478,180,1314816,107,988.36,7291,3.372986682256063,0.20660903705284,0.2,0.3894287109375,0.202825665473938,0.9940896034240723,7570,0.036602024,5e-05,0.0651087760925293,-0.00532240839190005
1233.3254121300001,182,1327104,108,988.36,7289,3.4017241194844248,0.16713213038941224,0.2,0.38731282552083335,0.20242007076740265,0.9955840706825256,7580,0.03464425,5e-05,0.06939411908388138,-0.007483173359651119
1218.7669219600002,183,1339392,109,976.22,7289,3.421201760570208,0.1888497457218667,0.2,0.375439453125,0.2021656036376953,0.992886483669281,7590,0.03654609,5e-05,0.07424581050872803,-0.004320472590431261
1223.2279115800002,185,1351680,110,976.22,7287,3.434463408092658,1.1361949270280698,0.2,0.38385416666666666,0.20200049877166748,0.9599440097808838,7600,0.029191723,5e-05,0.09949985891580582,-0.007317658762622159
1219.41797137,187,1363968,111,976.22,7284,3.44571340829134,0.45857304182524483,0.2,0.423388671875,0.20179235935211182,0.9694645404815674,7610,0.04327481,5e-05,0.07825926691293716,-0.004337244499765802
1212.42218174,189,1376256,112,968.52,7281,3.4698075001438458,0.359210595038409,0.2,0.409326171875,0.2012438029050827,0.9430602788925171,7620,0.035630897,5e-05,0.0811956599354744,-0.001600668319830826
1225.2245351099998,190,1388544,113,977.45,7279,3.483086834847927,0.9320439494835834,0.2,0.39854329427083335,0.201202392578125,0.9829519391059875,7630,0.034639567,5e-05,0.37737470865249634,-0.005434946417032431
1221.96320632,192,1400832,114,977.45,7277,3.4951625446478527,0.23585081027510266,0.2,0.4164957682291667,0.2008238434791565,0.990842878818512,7640,0.033189233,5e-05,0.09606073051691055,-0.004579458320222329
1226.1168226599998,194,1413120,115,977.45,7277,3.526704773803552,0.135986308582748,0.2,0.3855712890625,0.2003733366727829,0.9956433773040771,7650,0.036392685,5e-05,0.06995442509651184,-0.005277128889186618
1212.69244078,195,1425408,116,967.79,7273,3.53604609866937,0.16381920529529453,0.2,0.37154947916666664,0.20053422451019287,0.9926104545593262,7660,0.031579494,5e-05,0.045995794236660004,-0.004374980753830944
1231.67291346,197,1437696,117,982.64,7272,3.5312287350495657,3.3366799943769974,0.2,0.35659993489583336,0.20049814879894257,0.936562180519104,7670,0.0292835,5e-05,2.0138368606567383,-0.0069898342927141735
1234.23706274,199,1449984,118,981.87,7273,3.5439771696925164,0.4835193336630861,0.2,0.4316813151041667,0.200176402926445,0.9453789591789246,7680,0.03977609,5e-05,0.20137086510658264,-0.0020741383918599847
1226.2455641299998,201,1462272,119,980.87,7273,3.561676909029484,1.0678579139212767,0.2,0.43824869791666665,0.19991593062877655,0.8867582678794861,7690,0.041349933,5e-05,0.10311678797006607,0.004002343986697573
1234.7013513799998,202,1474560,120,988.57,7274,3.579977476100127,1.8947149022171894,0.2,0.43365885416666666,0.19981133937835693,0.9410344362258911,7700,0.041442554,5e-05,1.0536881685256958,0.0003767639088133971
1230.0659998,204,1486848,121,983.74,7274,3.5876776431997617,0.5367844161422303,0.2,0.42919921875,0.19959516823291779,0.970859169960022,7710,0.043148678,5e-05,0.13774558901786804,-0.002494647208368406
1236.1592690799998,206,1499136,122,983.74,7275,3.5943191428979238,2.5895227483163277,0.2,0.4194091796875,0.19947385787963867,0.9375662207603455,7720,0.03865519,5e-05,1.0942364931106567,-0.001998205718700774
1223.7196230099999,207,1511424,123,976.92,7275,3.609063673019409,0.16099161428088943,0.2,0.4426188151041667,0.19919653236865997,0.9924809336662292,7730,0.04198761,5e-05,0.05398828536272049,-0.0013980509693889568
1217.85769707,209,1523712,124,968.71,7276,3.619591253995895,2.7556751363600296,0.2,0.4119791666666667,0.1990094631910324,0.95331209897995,7740,0.032056022,5e-05,3.2521133422851562,-0.0006269750520004891
1217.0743527299999,211,1536000,125,967.7,7276,3.6279088139533995,1.1416014745831489,0.2,0.47818196614583336,0.19883759319782257,0.9702163338661194,7750,0.046431214,5e-05,0.4373103678226471,-0.00324218650154459
1213.3396350500002,212,1548288,126,968.47,7277,3.6387623886267346,0.9118415554830184,0.2,0.417578125,0.19857896864414215,0.9076117277145386,7760,0.042519074,5e-05,0.1148185282945633,-0.0023738233541128768
1220.58442893,214,1560576,127,969.47,7277,3.6559949571887653,0.22004924624537428,0.2,0.43059895833333334,0.1984422653913498,0.9861564636230469,7770,0.039092634,5e-05,0.09247361868619919,-0.0010224797821138053
1203.6659633299998,216,1572864,128,960.43,7277,3.6740838726361593,0.21952004878160855,0.2,0.4178955078125,0.1980317384004593,0.9919182658195496,7780,0.037155464,5e-05,0.11124004423618317,-0.004171942662408886
1207.0551252100001,217,1585152,129,962.38,7278,3.6857882206638655,0.5506419428624213,0.2,0.431591796875,0.19790102541446686,0.9684901237487793,7790,0.037379604,5e-05,0.0999549999833107,-0.004056201364437584
1197.6485138599999,219,1597440,130,958.47,7278,3.6980405698219934,4.403587953001261,0.2,0.43130696614583336,0.19771450757980347,0.9093601703643799,7800,0.03802323,5e-05,0.7956535220146179,6.107514745963271e-05
1208.3704114099999,221,1609728,131,965.29,7278,3.7139597510298095,0.9101467583328485,0.2,0.433349609375,0.19735276699066162,0.9322543144226074,7810,0.0412273,5e-05,0.18800000846385956,0.003140534564833312
1229.6003715699999,222,1622016,132,983.16,7278,3.7402054270108542,0.19420770119565228,0.2,0.40607096354166666,0.19679944217205048,0.9872545599937439,7820,0.035702374,5e-05,0.07897144556045532,-0.003149744947828973
1229.9484281900002,224,1634304,133,984.17,7279,3.764999439318975,0.3447204303306838,0.2,0.39739583333333334,0.19644886255264282,0.969312310218811,7830,0.038066864,5e-05,0.11811495572328568,-0.004939118474430871
1219.24822123,226,1646592,134,975.41,7278,3.78052142560482,0.2022877006481091,0.2,0.398095703125,0.19615305960178375,0.9939865469932556,7840,0.031225516,5e-05,0.09424633532762527,-0.004720849862981898
1216.2031231700003,227,1658880,135,975.41,7278,3.7866634527842202,1.0704454684319595,0.2,0.41153157552083336,0.19628582894802094,0.9789246916770935,7850,0.037505068,5e-05,0.17591065168380737,-0.0037483355520331924
1235.08904399,229,1671168,136,984.45,7278,3.79452310303847,0.16636577425524593,0.2,0.3937906901041667,0.19589775800704956,0.9935556054115295,7860,0.03834747,5e-05,0.08050219714641571,-0.0054266283739707434
1247.46969957,231,1683456,137,987.33,7279,3.816428519288699,0.15674520696823796,0.2,0.38262532552083334,0.1953672170639038,0.9921741485595703,7870,0.03524479,5e-05,0.07084125280380249,-0.0021676154428860173
1248.63541345,232,1695744,138,991.24,7279,3.8355984702706336,0.17542201946489513,0.2,0.4011637369791667,0.1951010823249817,0.9898013472557068,7880,0.03668042,5e-05,0.05544266104698181,-0.00336224812247868
1249.81983895,234,1708032,139,991.24,7279,3.8629790276288984,0.124877438088879,0.2,0.3845703125,0.19444601237773895,0.994702935218811,7890,0.032522872,5e-05,0.07080114632844925,-0.002993661017778019
1236.04228936,236,1720320,140,982.78,7280,3.898159815867742,0.15628481432795524,0.2,0.3755859375,0.19401343166828156,0.9952108860015869,7900,0.03369509,5e-05,0.0732332170009613,-0.0069172134419204665
1221.21976429,237,1732608,141,973.55,7280,3.918722929060459,0.6380560270510613,0.2,0.36712239583333334,0.193900465965271,0.984980046749115,7910,0.03532295,5e-05,0.1743488907814026,-0.007783837221116603
1231.4578507100002,239,1744896,142,982.31,7280,3.932941315074762,1.7853751828273137,0.2,0.388671875,0.19367849826812744,0.9426696300506592,7920,0.034654412,5e-05,2.216094970703125,-0.0023773736756993458
1220.6730557199999,241,1757184,143,973.34,7280,3.9466573034723598,2.2132261402284104,0.2,0.4109375,0.19349175691604614,0.8934780955314636,7930,0.04311942,5e-05,0.27376657724380493,-0.0037151567443894844
1168.10062889,243,1769472,144,938.17,7281,3.954438945154349,2.458031416001419,0.2,0.45635579427083334,0.1934240460395813,0.9241410493850708,7940,0.051143695,5e-05,2.1235952377319336,-0.005259150846298629
1143.0278643599997,244,1781760,145,921.13,7281,3.9559979553023976,1.9059879309187333,0.2,0.4328694661458333,0.1933869868516922,0.9684647917747498,7950,0.04046172,5e-05,0.1854851245880127,-0.008444627819699235
1142.99540256,246,1794048,146,921.13,7281,3.9657371948162714,1.4852129434856276,0.2,0.47622884114583336,0.19315756857395172,0.982902467250824,7960,0.05821384,5e-05,0.4718201756477356,-0.0048853325390761405
1117.3479380899998,248,1806336,147,900.38,7281,3.977161986132463,2.16988025335595,0.2,0.5262532552083333,0.19310148060321808,0.8904631733894348,7970,0.059875786,5e-05,0.8357565999031067,0.00369644818007752
1132.0215160300002,249,1818624,148,908.84,7281,3.980930374066035,5.133925077008704,0.2,0.5124755859375,0.1930479258298874,0.9581407308578491,7980,0.057775337,5e-05,1.2494792938232422,0.0018541724144597537
1149.43482812,251,1830912,149,918.07,7282,3.9957377836108208,0.29535301914438605,0.2,0.5083984375,0.19240671396255493,0.9670730829238892,7990,0.054345515,5e-05,0.07643380761146545,0.005630609886429739
1150.1376187100002,253,1843200,150,917.89,7282,4.024000402291616,0.17422019210644066,0.2,0.4279541015625,0.19187729060649872,0.9708699584007263,8000,0.038579624,5e-05,0.05304662883281708,-0.0027532025201556583
1148.82213415,254,1855488,151,917.52,7282,4.049110144376755,0.3504365327457587,0.2,0.4298502604166667,0.19164888560771942,0.9892246127128601,8010,0.036493417,5e-05,0.1511090099811554,-0.0034741309495681587
1168.82327468,256,1867776,152,934.93,7282,4.060957120855649,0.7818462568645675,0.2,0.4334228515625,0.19171209633350372,0.9882573485374451,8020,0.040979266,5e-05,0.16370196640491486,-0.005417665887701636
1190.77687017,258,1880064,153,951.97,7281,4.070829167962074,0.19084017348165314,0.2,0.43308919270833335,0.19141781330108643,0.9846179485321045,8030,0.041629598,5e-05,0.06973124295473099,-0.002130780736721742
1205.4290823000001,259,1892352,154,958.65,7281,4.090421826640765,0.1812649068577836,0.2,0.3935302734375,0.19113938510417938,0.9908634424209595,8040,0.036313623,5e-05,0.08509669452905655,-0.003400827964651398
1209.7105138699999,261,1904640,155,961.41,7282,4.103262492020925,3.599342401015262,0.2,0.3991617838541667,0.19100092351436615,0.9167271852493286,8050,0.037267238,5e-05,0.4264451563358307,-0.0033069488810724577
1208.94045707,263,1916928,156,961.41,7282,4.111317952473958,0.31527703747463726,0.2,0.4370198567708333,0.19093160331249237,0.9881181120872498,8060,0.034827784,5e-05,0.06125079467892647,-0.0021541430076467806
1207.44644227,264,1929216,157,961.41,7282,4.118753526608149,0.15560275457488995,0.2,0.41270345052083335,0.19077324867248535,0.9892247915267944,8070,0.037201922,5e-05,0.0448027178645134,-0.0018604398714766528
1220.4735586100003,266,1941504,158,970.56,7282,4.127112424373626,5.5192996060475705,0.2,0.40607096354166666,0.1906728744506836,0.9272910356521606,8080,0.036479447,5e-05,9.1712007522583,-0.0045903995955692755
1247.78626991,268,1953792,159,988.69,7283,4.138377531369527,0.2505764369231959,0.2,0.44203287760416665,0.19064843654632568,0.9810791611671448,8090,0.043373734,5e-05,0.07678895443677902,-0.0005908989483335366
1249.82251228,269,1966080,160,988.69,7283,4.170953692992528,0.1256028816414376,0.2,0.3823486328125,0.1899956315755844,0.9925878047943115,8100,0.030575952,5e-05,0.03757839277386665,-0.004136271170379283
1249.6642097200001,271,1978368,161,988.69,7283,4.206122150023778,0.16772971702739597,0.2,0.40044759114583334,0.18953101336956024,0.9888876676559448,8110,0.03653684,5e-05,0.06510281562805176,-0.004788364995329175
1249.13631233,273,1990656,162,990.92,7283,4.226208025217057,0.1575728102431943,0.2,0.3924153645833333,0.18949364125728607,0.9940274357795715,8120,0.034970958,5e-05,0.06163068488240242,-0.005331197329602825
1262.19238371,274,2002944,163,1000.0,7283,4.250887608528137,0.12497857821484407,0.2,0.3757405598958333,0.1888384073972702,0.9960129857063293,8130,0.03282851,5e-05,0.06986205279827118,-0.004775295867875684
1250.50219064,276,2015232,164,991.23,7283,4.279302575190862,0.12900192759310206,0.2,0.37472330729166664,0.18846409022808075,0.989770770072937,8140,0.032652613,5e-05,0.05343933403491974,-0.0050861619461405405
1255.86750547,278,2027520,165,991.23,7284,4.292683844765027,0.5985085865793128,0.2,0.4046875,0.18830113112926483,0.9676393270492554,8150,0.031673357,5e-05,0.043351911008358,-0.0019297461595366864
1249.67263887,280,2039808,166,982.27,7284,4.316005759437879,0.11907401802018285,0.2,0.3873779296875,0.18772675096988678,0.9891954660415649,8160,0.03258872,5e-05,0.03823433071374893,-0.0022284866781167997
1236.52673933,281,2052096,167,976.26,7284,4.338684205214182,0.4355330296481649,0.2,0.4090494791666667,0.18736056983470917,0.9498937129974365,8170,0.03086155,5e-05,0.07379008829593658,-0.0039542361371180355
1238.9102558799998,283,2064384,168,976.26,7285,4.356500547130903,1.4637465188279748,0.2,0.40435384114583334,0.1870708018541336,0.9206011295318604,8180,0.03726851,5e-05,0.3653309941291809,-0.003883588900983644
1244.5145431299998,285,2076672,169,976.26,7285,4.368768398960431,0.11285558872235318,0.2,0.39423014322916666,0.18704600632190704,0.9924181699752808,8190,0.033952396,5e-05,0.04474157467484474,0.00024873689205075303
1242.92212825,286,2088960,170,973.75,7286,4.381664489706357,0.32938668712352714,0.2,0.44571126302083336,0.1867411732673645,0.9810492396354675,8200,0.045139764,5e-05,0.12040607631206512,-0.0023555362679568742
1238.1629907099998,288,2101248,171,970.16,7285,4.392177213231722,0.923321298416704,0.2,0.4303955078125,0.18669487535953522,0.9568154215812683,8210,0.049934506,5e-05,0.12697254121303558,-0.000126607931451872
1235.5713963399999,290,2113536,172,970.41,7285,4.4006156404813135,4.369109944906086,0.2,0.4863525390625,0.1863340586423874,0.9294244647026062,8220,0.056747455,5e-05,0.2274097204208374,0.0038303401020433133
1228.99109713,291,2125824,173,970.41,7285,4.415854321916898,1.7246244444511831,0.2,0.43624674479166664,0.18608541786670685,0.9372890591621399,8230,0.052652717,5e-05,1.2687325477600098,-0.002635227463179035
1224.09815972,293,2138112,174,970.53,7286,4.423621068398158,0.8750388033688068,0.2,0.4836832682291667,0.18605847656726837,0.9602601528167725,8240,0.05793031,5e-05,0.17495957016944885,-0.001087955075490754
1224.43385132,295,2150400,175,969.81,7286,4.4327086518208185,0.5811362960220625,0.2,0.482568359375,0.18570268154144287,0.9780362248420715,8250,0.044329286,5e-05,0.13624082505702972,-0.004213733230911506
1217.84855261,296,2162688,176,964.93,7286,4.452463155984878,0.671473935386166,0.2,0.44879557291666666,0.185313418507576,0.897324800491333,8260,0.042564914,5e-05,0.048392921686172485,-0.00262640856623572
1209.90199775,298,2174976,177,959.71,7286,4.4780104170242945,0.5466171693212042,0.2,0.4409423828125,0.18506141006946564,0.979187548160553,8270,0.038300484,5e-05,0.08122821152210236,-0.0019571311752467108
1195.93703084,300,2187264,178,952.13,7287,4.488247414429982,0.5224302441813051,0.2,0.5062255859375,0.1849481612443924,0.9738922715187073,8280,0.052625615,5e-05,0.1332201361656189,0.01001410504298595
1194.26943099,301,2199552,179,948.77,7287,4.487823043266932,3.0150869698884586,0.2,0.45350748697916665,0.1849507838487625,0.9318221211433411,8290,0.044996094,5e-05,0.48532798886299133,-0.0015800937544554472
1193.63905682,303,2211840,180,948.26,7288,4.492374394337336,0.3723739227590462,0.2,0.5119710286458333,0.18495024740695953,0.972135066986084,8300,0.048483413,5e-05,0.0805540457367897,0.005121068159254113
1174.4992346599997,305,2224128,181,930.47,7287,4.51006968220075,0.6387337621456634,0.2,0.45660807291666666,0.1846192479133606,0.971095621585846,8310,0.046072155,5e-05,0.2787967026233673,-0.0007727396029319303
1193.4992987699998,306,2236416,182,942.0,7288,4.519148371616999,0.9289515745515625,0.2,0.4540608723958333,0.18462853133678436,0.9788495302200317,8320,0.043217678,5e-05,0.42276668548583984,-0.00533014715280539
1168.9838262100002,308,2248704,183,925.32,7288,4.518707861502965,1.9660925874486566,0.2,0.4236979166666667,0.18465818464756012,0.9413745403289795,8330,0.040139038,5e-05,0.8721218109130859,-0.001020822637656238
1178.34607575,310,2260992,184,934.24,7288,4.519332674145699,3.1705588877821964,0.2,0.3920817057291667,0.184578076004982,0.9802889227867126,8340,0.037083287,5e-05,4.393914222717285,-0.006742809595986425
1191.7366971000001,311,2273280,185,944.0,7289,4.539337422450384,0.17582562584429978,0.2,0.4881998697916667,0.18410933017730713,0.98741614818573,8350,0.047034036,5e-05,0.08181852847337723,0.004864904693871116
1198.05167785,313,2285568,186,943.97,7289,4.560771853725115,1.7457427033223212,0.2,0.43194986979166666,0.18381614983081818,0.9380166530609131,8360,0.039814126,5e-05,1.9853860139846802,-0.0006221890379189669
1202.91425277,315,2297856,187,947.33,7288,4.575766419370969,0.23362524554443856,0.2,0.48134765625,0.18362514674663544,0.9801515340805054,8370,0.048022922,5e-05,0.04880215972661972,-0.0006262331730492103
1208.81491797,316,2310144,188,951.12,7289,4.592046603560448,0.16290467982180418,0.2,0.42762858072916665,0.18335092067718506,0.992155909538269,8380,0.037132084,5e-05,0.061183683574199677,-0.0029104056981547424
1217.0733175,318,2322432,189,959.96,7289,4.599809445937475,3.228453837862859,0.2,0.40760904947916665,0.18333058059215546,0.9573495984077454,8390,0.038464487,5e-05,0.9684850573539734,-0.005821864672422332
1199.94924802,320,2334720,190,951.04,7288,4.616617539525032,0.33891290361061693,0.2,0.45701497395833335,0.18283776938915253,0.9818428158760071,8400,0.04548536,5e-05,0.10149725526571274,-0.0022293735875185423
1220.1487511999999,321,2347008,191,967.72,7289,4.645015782117843,0.224754441746821,0.2,0.4397379557291667,0.18243025243282318,0.9961403012275696,8410,0.045852453,5e-05,0.09013870358467102,-0.0032851767905716163
1204.1753280299997,323,2359296,192,954.86,7289,4.669707598288854,0.21413776357658207,0.2,0.42095540364583334,0.1821018010377884,0.9569756984710693,8420,0.034391228,5e-05,0.059671834111213684,-0.0020128893535002134
1206.59537524,325,2371584,193,955.37,7290,4.678410491347313,7.9160675022751095,0.2,0.4451416015625,0.18202750384807587,0.8960108757019043,8430,0.037406728,5e-05,0.6425423622131348,-0.0028059245058102535
1209.67141722,326,2383872,194,955.37,7290,4.687916984160741,0.7144844092583905,0.2,0.42168782552083334,0.18184320628643036,0.9873046278953552,8440,0.049988996,5e-05,0.13613905012607574,-0.0026240321618388406
1218.04801305,328,2396160,195,964.36,7290,4.711438191930453,1.172919690934941,0.2,0.4566162109375,0.18145394325256348,0.9291106462478638,8450,0.037416067,5e-05,0.8527898192405701,-0.0028389521003797805
1225.2014081500001,330,2408448,196,969.56,7290,4.7329017589489615,0.2128916391481956,0.2,0.46719563802083336,0.18127626180648804,0.9861332178115845,8460,0.04613312,5e-05,0.06670083105564117,0.0002445573220029473
1230.29206761,332,2420736,197,969.56,7291,4.754426500201225,0.2156067183241248,0.2,0.4322591145833333,0.1808849573135376,0.9699807167053223,8470,0.03805319,5e-05,0.07523375749588013,-0.0015092177757954535
1239.25462227,333,2433024,198,978.48,7291,4.776102714737257,0.1608740968319277,0.2,0.4097086588541667,0.18061847984790802,0.9929731488227844,8480,0.039345514,5e-05,0.09987839311361313,-0.0013571138413681183
1241.1841615000003,335,2445312,199,978.48,7291,4.798116800189018,0.16697826981544495,0.2,0.41748046875,0.18016643822193146,0.9918168783187866,8490,0.03789195,5e-05,0.06373985856771469,-0.0070494232214211175
1260.97916767,337,2457600,200,991.34,7292,4.827679343024889,0.1479255770953993,0.2,0.401171875,0.179917111992836,0.9912125468254089,8500,0.037998248,5e-05,0.0408148355782032,-0.006908024193156355
1271.9334509900002,338,2469888,201,1000.0,7292,4.842186417182287,0.11641644846337537,0.2,0.3740152994791667,0.17967884242534637,0.9935128688812256,8510,0.030585317,5e-05,0.04920778051018715,-0.0029602640963275915
1256.61423973,340,2482176,202,991.15,7292,4.855277357498805,0.11395477801561356,0.2,0.38949381510416664,0.17943982779979706,0.985506534576416,8520,0.036207814,5e-05,0.049734532833099365,-0.0017339022306259722
1230.90911842,342,2494464,203,964.91,7292,4.8643996775150296,0.4074955905321985,0.2,0.3983072916666667,0.17927663028240204,0.9714779853820801,8530,0.03401796,5e-05,0.052157361060380936,-0.00264216467088166
1220.1733537399998,343,2506752,204,956.65,7292,4.872644389669101,4.394810041288535,0.2,0.4678548177083333,0.17916464805603027,0.9548173546791077,8540,0.04129174,5e-05,0.2875310778617859,-0.00248767358304273
1223.37286876,345,2519040,205,956.65,7292,4.884352296590805,1.472387944518899,0.2,0.4365641276041667,0.1789977103471756,0.9634207487106323,8550,0.048041195,5e-05,3.3629767894744873,-9.268320403255833e-05
1225.68393606,347,2531328,206,956.65,7292,4.893161951502164,0.19845791421830655,0.2,0.444970703125,0.17891959846019745,0.9787128567695618,8560,0.04240176,5e-05,0.05478421598672867,2.7320253138896078e-05
1202.48364125,348,2543616,207,939.91,7292,4.90171528160572,0.14515401103223363,0.2,0.428466796875,0.17873303592205048,0.9891185164451599,8570,0.04085738,5e-05,0.05032362416386604,-0.0011454232638546575
1201.0850013399997,350,2555904,208,939.91,7291,4.902001288533211,4.00380620410045,0.2,0.42771809895833335,0.17888127267360687,0.9438654184341431,8580,0.03944667,5e-05,0.914953351020813,-0.0005953461766087761
1199.08773243,352,2568192,209,939.91,7291,4.900602494676908,0.3825874040213724,0.2,0.4636637369791667,0.17879797518253326,0.9710716605186462,8590,0.04748681,5e-05,0.17819564044475555,-0.004703701960776622
1223.9684328800001,353,2580480,210,957.65,7292,4.903315022587776,1.014839307544753,0.2,0.4452718098958333,0.17879922688007355,0.8673177361488342,8600,0.04146935,5e-05,0.1066674143075943,-0.0023657528196054044
1231.3574717799997,355,2592768,211,965.73,7292,4.9136284192403155,1.9048214289359748,0.2,0.43804524739583334,0.1784590631723404,0.9472810626029968,8610,0.04905911,5e-05,0.11633125692605972,3.699279914144426e-05
1239.7655015,357,2605056,212,972.25,7292,4.93279800315698,0.32473077789569893,0.2,0.471875,0.17817926406860352,0.9239938259124756,8620,0.045733828,5e-05,0.2495495080947876,-0.0006999344298189195
1226.03819757,358,2617344,213,963.23,7293,4.946546978751818,0.42801055734356247,0.2,0.480126953125,0.17799167335033417,0.9506890177726746,8630,0.051990807,5e-05,0.09032642841339111,-0.0007817909359194648
1212.32718871,360,2629632,214,955.1,7293,4.963708413640658,0.24364362503401935,0.2,0.43954264322916664,0.17764443159103394,0.9941434860229492,8640,0.039259013,5e-05,0.07476683706045151,-0.003921886289996716
1218.1900594499998,362,2641920,215,958.97,7293,4.9794560412565865,0.7421275730400035,0.2,0.4266764322916667,0.17750728130340576,0.9457579255104065,8650,0.040584225,5e-05,0.052376437932252884,-0.004032265990584468
1214.47042025,363,2654208,216,954.28,7294,4.987308950225512,0.9097065024388333,0.2,0.45572102864583336,0.17744667828083038,0.9696268439292908,8660,0.046075154,5e-05,0.1420464664697647,-0.0023498266202902113
1198.88564146,365,2666496,217,944.97,7294,4.993255420525869,3.6177718590634567,0.2,0.4928792317708333,0.1772715449333191,0.9235327839851379,8670,0.0476333,5e-05,2.5069210529327393,0.0033626853585398448
1164.50778118,367,2678784,218,919.18,7294,4.998619927962621,5.757763162255287,0.2,0.4680419921875,0.17728833854198456,0.9242784380912781,8680,0.046569455,5e-05,0.6990812420845032,-0.0034947001506225204
1148.87191363,368,2691072,219,911.82,7294,4.998647700746854,1.7214509372909863,0.2,0.44415690104166666,0.1773388385772705,0.9913550615310669,8690,0.040964138,5e-05,0.6721275448799133,-0.007946527231251822
1149.95925807,370,2703360,220,911.82,7294,4.998900245626768,2.782658682608356,0.2,0.5125406901041667,0.17721419036388397,0.9571279287338257,8700,0.048274755,5e-05,0.3235505521297455,0.00178976214932239
1149.74936222,372,2715648,221,908.82,7294,5.00110130806764,0.4737421811868747,0.2,0.5136149088541667,0.17715227603912354,0.9827184677124023,8710,0.054781448,5e-05,0.13787338137626648,-0.00045417839428409936
1151.73339821,373,2727936,222,909.94,7294,5.011424567302068,3.770679843425751,0.2,0.5039713541666667,0.17694544792175293,0.9358172416687012,8720,0.051366817,5e-05,3.296408176422119,0.003949447957954059
1173.96442807,375,2740224,223,927.5,7294,5.021306974689166,3.3540717756996554,0.2,0.5313639322916667,0.1768331676721573,0.964448869228363,8730,0.06076998,5e-05,1.4822088479995728,0.007725684622710105
1161.9906448200002,377,2752512,224,918.91,7294,5.044077636798223,0.24133037322511275,0.2,0.493408203125,0.17615115642547607,0.9605900049209595,8740,0.051000785,5e-05,0.06267380714416504,0.0049194269313981446
1185.7879016299999,379,2764800,225,938.01,7294,5.071227413415909,0.35588400919611257,0.2,0.4576822916666667,0.17589104175567627,0.9940147399902344,8750,0.04567182,5e-05,0.2141828089952469,-0.0037202400800500374
1199.7563328200001,380,2777088,226,946.2,7294,5.076580548286438,1.2082857098430395,0.2,0.4736328125,0.1759616583585739,0.9475222826004028,8760,0.044749845,5e-05,0.7389243245124817,-0.00452716499833817
1188.4143233300001,382,2789376,227,937.12,7293,5.075884688893954,5.569935835463306,0.2,0.4741129557291667,0.17593948543071747,0.9567036032676697,8770,0.04980864,5e-05,4.165048599243164,-0.000842632861652722
1198.41218424,384,2801664,228,945.38,7293,5.0829796930154165,1.1875715521164238,0.2,0.4757080078125,0.1757996529340744,0.9780988097190857,8780,0.053686548,5e-05,0.8774111270904541,0.0006449229699986366
1198.8859324899997,385,2813952,229,947.15,7294,5.08551957209905,1.8155836735541622,0.2,0.48130696614583335,0.17582833766937256,0.9572714567184448,8790,0.079818,5e-05,0.43437206745147705,0.0014644020581423927
1179.94511869,387,2826240,230,934.4,7294,5.08679216504097,0.18907897522052128,0.2,0.504052734375,0.17574067413806915,0.9630602598190308,8800,0.05311891,5e-05,0.045472271740436554,0.002158732137468178
1170.2743727999998,389,2838528,231,925.48,7294,5.086826556921006,1.1167437465240557,0.2,0.4781412760416667,0.17576821148395538,0.9663473963737488,8810,0.04374625,5e-05,0.07702399790287018,-0.0004992238449631259
1182.4008757000001,390,2850816,232,934.07,7294,5.092490371068319,0.632922042425101,0.2,0.4797770182291667,0.17552272975444794,0.973968505859375,8820,0.052932244,5e-05,0.40835314989089966,0.0005314725043717772
1187.3519445000002,392,2863104,233,934.55,7294,5.110311202208201,0.20995103109938404,0.2,0.45185546875,0.17531625926494598,0.9743578433990479,8830,0.038646292,5e-05,0.04782850295305252,-0.00022157337552926039
1210.37999421,394,2875392,234,952.43,7294,5.120597636699676,2.444711631722748,0.2,0.42837727864583336,0.17516012489795685,0.9286680221557617,8840,0.037106525,5e-05,0.16752184927463531,-0.0033364558999892323
1208.84220387,395,2887680,235,952.63,7295,5.130042855938275,1.084769470524043,0.2,0.4990641276041667,0.17500877380371094,0.9306091666221619,8850,0.05353116,5e-05,0.8627620935440063,0.0017495524953119457
1207.3601708,397,2899968,236,949.83,7295,5.141242504119873,0.34498711829073725,0.2,0.4642415364583333,0.17482225596904755,0.9837636351585388,8860,0.04583606,5e-05,0.10914682596921921,-0.0031767689200933092
1217.73201669,399,2912256,237,958.68,7294,5.143648333350817,3.2417800668627024,0.2,0.503466796875,0.17495600879192352,0.932237982749939,8870,0.05794682,5e-05,0.8421622514724731,0.0036419431281198436
1204.1185676100001,400,2924544,238,949.87,7295,5.148187820116679,0.2679538030487796,0.2,0.4785400390625,0.1747407168149948,0.969359815120697,8880,0.049617622,5e-05,0.14665602147579193,0.0017433292067532116
1216.04511908,402,2936832,239,958.79,7295,5.151294832428296,2.4866617549210788,0.2,0.45298665364583335,0.17481784522533417,0.949328601360321,8890,0.040187676,5e-05,0.8844078183174133,-0.0052527642673036706
1209.08148203,404,2949120,240,951.62,7295,5.143990758061409,3.743545044834415,0.2,0.5005208333333333,0.1749548316001892,0.8988179564476013,8900,0.06491961,5e-05,0.29824650287628174,0.003092997802499061
1219.3141590799999,405,2961408,241,959.44,7295,5.148359007636706,0.6984390974976122,0.2,0.4985758463541667,0.17464585602283478,0.9459734559059143,8910,0.05908004,5e-05,0.2386520653963089,0.0004527547906036489
1207.5944271300002,407,2973696,242,950.31,7296,5.161363791426023,0.4579166433153053,0.2,0.498876953125,0.17458230257034302,0.9249212145805359,8920,0.042549055,5e-05,0.12284187972545624,-0.0005648268226650544
1219.27530338,409,2985984,243,959.19,7296,5.164724841713905,0.5394604805236062,0.2,0.46023763020833336,0.17464058101177216,0.9746933579444885,8930,0.04270528,5e-05,0.06011401489377022,-0.002562309507629834
1229.24951087,410,2998272,244,965.75,7296,5.175338288148244,0.14322926552655796,0.2,0.4472412109375,0.17423146963119507,0.9924954771995544,8940,0.040717345,5e-05,0.0467144176363945,-0.00043612186127575117
1231.11199943,412,3010560,245,965.75,7295,5.188345653812091,0.23520450508221985,0.2,0.462939453125,0.17422442138195038,0.9751295447349548,8950,0.04471926,5e-05,0.0916467159986496,-0.0024781391010037625
1245.5576263599999,414,3022848,246,974.99,7295,5.203462948401769,0.12566205832796792,0.2,0.4074462890625,0.17391999065876007,0.9926316142082214,8960,0.040679246,5e-05,0.05075528472661972,-0.004706771220662631
1255.87692456,415,3035136,247,983.7,7296,5.2224042852719625,0.10973630185859899,0.2,0.4218505859375,0.1739240139722824,0.9852930903434753,8970,0.0391726,5e-05,0.044424526393413544,-0.0034085823261799913
1251.71160282,417,3047424,248,980.02,7296,5.2375180979569755,0.10731198460174103,0.2,0.3957438151041667,0.17364172637462616,0.9938398599624634,8980,0.03376122,5e-05,0.04422652721405029,-0.0013234922385890967
1230.5227886200003,419,3059712,249,961.58,7296,5.250011803706487,1.1550741009414196,0.2,0.4154296875,0.17353121936321259,0.96309894323349,8990,0.037281048,5e-05,0.15092724561691284,2.2626984476422272e-05
1246.69073649,420,3072000,250,970.71,7297,5.259248952070872,2.7707979975423465,0.2,0.41884765625,0.17336256802082062,0.9675306677818298,9000,0.03915489,5e-05,1.0607179403305054,-0.0029042203571104136
1226.5765747799999,422,3084288,251,952.74,7297,5.277124459544818,0.20065400833263994,0.2,0.4226806640625,0.17304114997386932,0.9528685808181763,9010,0.03886512,5e-05,0.03889612480998039,-0.0014002240815898404
1207.812052,424,3096576,252,934.32,7297,5.292662653326988,0.3518563163156311,0.2,0.4272379557291667,0.17279748618602753,0.9885388612747192,9020,0.03420633,5e-05,0.05019759014248848,-0.006825002233866447
1207.6819785999996,425,3108864,253,934.32,7298,5.304235587517421,2.511501371363799,0.2,0.439892578125,0.1726941615343094,0.9730985760688782,9030,0.038926683,5e-05,0.1848478466272354,-0.004085091479646507
1206.0081589699998,427,3121152,254,934.32,7298,5.310324305295945,1.3444400010009607,0.2,0.4496256510416667,0.172488734126091,0.9137541651725769,9040,0.043078307,5e-05,0.1738320291042328,-0.002580429338073979
1184.5115863300002,429,3133440,255,920.51,7298,5.3259103486935295,0.6618622794126471,0.2,0.47921549479166664,0.172197625041008,0.9607025384902954,9050,0.05218467,5e-05,0.1659751683473587,0.0027926534443395213
1186.8008685,430,3145728,256,923.17,7299,5.329409366846084,0.7611556456424295,0.2,0.512939453125,0.17236852645874023,0.9784735441207886,9060,0.0505961,5e-05,0.22029101848602295,0.011998228537413525
1196.37636228,432,3158016,257,932.5,7299,5.327845989664396,7.868087344927092,0.2,0.4531656901041667,0.1722358912229538,0.9068302512168884,9070,0.039000783,5e-05,1.2751563787460327,-0.0031003474922423873
1194.4668618,434,3170304,258,932.5,7299,5.33806209564209,0.24881549536560973,0.2,0.496728515625,0.17206300795078278,0.969602644443512,9080,0.047560483,5e-05,0.04798232391476631,0.0025583059245642896
1225.68017844,436,3182592,259,959.83,7299,5.353368957837422,0.14857281983519594,0.2,0.441650390625,0.1716957539319992,0.985769510269165,9090,0.040057827,5e-05,0.04392246529459953,-0.00010443128703627736
1237.48999704,437,3194880,260,968.89,7299,5.374271896481514,0.2210697258201738,0.2,0.43223470052083335,0.17139942944049835,0.975978672504425,9100,0.03730641,5e-05,0.054891083389520645,-0.004770332492383508
1220.40173335,439,3207168,261,959.55,7300,5.387581293781598,0.20753731015138327,0.2,0.415771484375,0.17131061851978302,0.9854477047920227,9110,0.03586461,5e-05,0.13480131328105927,-0.0012047569471178576
1223.84985567,441,3219456,262,959.55,7300,5.3902155488729475,2.2249001821192604,0.2,0.4017252604166667,0.17121176421642303,0.9332389235496521,9120,0.04100782,5e-05,0.38505369424819946,-0.0027243374681953964
1227.09369003,442,3231744,263,962.19,7300,5.401212217410405,0.2343033378943801,0.2,0.44654947916666665,0.17095516622066498,0.9731442928314209,9130,0.039623175,5e-05,0.08659336715936661,-0.002710573038105698
1245.53128878,444,3244032,264,977.44,7300,5.408394630750021,4.354853734808663,0.2,0.4468180338541667,0.17090441286563873,0.9115742444992065,9140,0.045661945,5e-05,3.0896034240722656,0.00029693554000308117
1233.88725256,446,3256320,265,968.33,7300,5.424068284034729,0.600037618726492,0.2,0.45399576822916665,0.1705784946680069,0.9609380960464478,9150,0.045855433,5e-05,0.1570342779159546,-0.0014547616495595623
1216.6275541100001,447,3268608,266,957.86,7300,5.4365156322717665,1.059924825746566,0.2,0.4305338541666667,0.17043738067150116,0.9691241979598999,9160,0.047941774,5e-05,0.15364579856395721,-0.002790776024630759
1219.1112941399997,449,3280896,267,957.86,7300,5.443900953729948,2.923478460094581,0.2,0.4633544921875,0.17042255401611328,0.9748281240463257,9170,0.04317206,5e-05,1.2382200956344604,-0.00016480583872180432
1217.5124844199997,451,3293184,268,957.86,7301,5.450590585668881,0.28342402692263324,0.2,0.47490234375,0.17019008100032806,0.9533514380455017,9180,0.045067985,5e-05,0.1378878355026245,0.0007242486884933896
1216.23150783,452,3305472,269,956.87,7301,5.47079047858715,0.1652487210308512,0.2,0.4393798828125,0.16984955966472626,0.9834637641906738,9190,0.042124655,5e-05,0.07320816814899445,-0.003217132120335009
1209.02564446,454,3317760,270,947.85,7301,5.485347482562065,1.3638184209664663,0.2,0.4016927083333333,0.16968129575252533,0.9714397192001343,9200,0.032916863,5e-05,0.6429784297943115,-0.005078819748450769
1215.1109757800002,456,3330048,271,954.36,7302,5.500812320907911,0.14585358855935435,0.2,0.44444173177083335,0.16946320235729218,0.9960694909095764,9210,0.043539926,5e-05,0.058287594467401505,-0.0028464173674971486
1220.50617265,457,3342336,272,954.36,7302,5.509505077203115,3.999975246159981,0.2,0.4440836588541667,0.16942918300628662,0.9135611057281494,9220,0.041708708,5e-05,0.7222550511360168,-0.0006519945804029703
1233.87319349,459,3354624,273,963.47,7302,5.509616684913635,0.20540619894551734,0.2,0.4525390625,0.16943584382534027,0.9806865453720093,9230,0.04417589,5e-05,0.08531869947910309,0.00017129220359493046
1251.86576158,461,3366912,274,973.94,7302,5.521201118826866,0.14788427751821775,0.2,0.4391845703125,0.16916638612747192,0.9801308512687683,9240,0.039005842,5e-05,0.043285444378852844,-0.0006504040584938291
1254.79437855,462,3379200,275,973.94,7302,5.544451985756556,0.16796359323586027,0.2,0.43037109375,0.16892766952514648,0.9788479208946228,9250,0.045480236,5e-05,0.07491444051265717,-0.0009895270995912142
1256.9822911800002,464,3391488,276,973.94,7302,5.569173454244932,0.15824006798987586,0.2,0.40780436197916664,0.16841678321361542,0.9894765019416809,9260,0.038303126,5e-05,0.03822140395641327,-0.0022905618272488935
1256.61623975,466,3403776,277,975.17,7302,5.593180364370346,0.10675425718848904,0.2,0.40814615885416666,0.16822664439678192,0.9909319877624512,9270,0.037188232,5e-05,0.029433848336338997,-0.005238215629166613
1254.8578839,467,3416064,278,974.81,7302,5.60671386818091,1.061671174224466,0.2,0.3993408203125,0.16805724799633026,0.9579911828041077,9280,0.0339772,5e-05,0.09446212649345398,-0.004223714597659031
1263.47728547,469,3428352,279,981.52,7302,5.618322879076004,3.923471179914971,0.2,0.43800455729166665,0.1679544597864151,0.9310201406478882,9290,0.050786693,5e-05,2.492527723312378,-0.0014506534576260795
1258.7618168099998,471,3440640,280,981.52,7303,5.627651065587997,0.8224350226422151,0.2,0.47247721354166666,0.16785597801208496,0.9301527142524719,9300,0.055160303,5e-05,0.13596083223819733,-0.0008101299550617114
1246.38383295,472,3452928,281,972.53,7303,5.635614856084188,0.22459114572654168,0.2,0.443017578125,0.16768936812877655,0.9920992255210876,9310,0.04388993,5e-05,0.10037724673748016,-0.000538771656283643
1245.5150196900001,474,3465216,282,972.53,7302,5.640633711218834,0.432606674109896,0.2,0.44073893229166666,0.16758610308170319,0.9851382374763489,9320,0.04556405,5e-05,0.06803024560213089,-0.00719713866468131
1217.1921716700003,476,3477504,283,954.94,7302,5.65300889313221,0.31100859832949934,0.2,0.4302978515625,0.16732686758041382,0.9901917576789856,9330,0.04189163,5e-05,0.22434473037719727,-0.0029991426398434367
1220.74886148,477,3489792,284,954.94,7301,5.662536598245302,0.70552391204983,0.2,0.44138997395833335,0.16721190512180328,0.9618827700614929,9340,0.038908467,5e-05,0.14088226854801178,-0.005173934866130973
1206.8697431500002,479,3502080,285,945.52,7298,5.675494759281476,0.5003178284193078,0.2,0.48211263020833334,0.1670096069574356,0.870363712310791,9350,0.055613477,5e-05,0.063078373670578,0.002536250205594115
1208.89174921,481,3514368,286,947.85,7295,5.68556499282519,2.615772849569718,0.2,0.451953125,0.16701321303844452,0.9450974464416504,9360,0.04180375,5e-05,0.36397844552993774,-0.004512511263601482
1212.1245973900002,483,3526656,287,947.85,7291,5.689776453375816,0.4540027107732991,0.2,0.5245686848958333,0.16688008606433868,0.9750463366508484,9370,0.059012145,5e-05,0.2774580419063568,0.011891762750747149
1214.03332182,485,3538944,288,947.99,7288,5.705545378724734,0.1407644244066129,0.2,0.4527506510416667,0.1666453331708908,0.9903950095176697,9380,0.043163788,5e-05,0.05272969603538513,0.0038462950057388903
1192.15363633,487,3551232,289,930.58,7284,5.71987650791804,0.30846329020957153,0.2,0.431591796875,0.16648763418197632,0.9890596270561218,9390,0.044352908,5e-05,0.12237606197595596,-0.0043414535044576045
1203.4879946400001,489,3563520,290,937.55,7282,5.722668733199438,0.6451638262098034,0.2,0.47445475260416664,0.16651387512683868,0.9868344664573669,9400,0.048959423,5e-05,0.3384527564048767,-0.004144145818524218
1202.2147876099998,491,3575808,291,935.53,7281,5.723518459995588,3.9352093026041985,0.2,0.485498046875,0.1664840579032898,0.9246814846992493,9410,0.04948899,5e-05,1.258131980895996,7.406839601268682e-05
1217.9627248299998,492,3588096,292,947.87,7281,5.727300682663918,4.39252838306129,0.2,0.4770263671875,0.16645336151123047,0.9253056049346924,9420,0.051898137,5e-05,1.779473066329956,0.002321782622796794
1228.1475524100001,494,3600384,293,954.05,7281,5.728483760356903,3.869136146704356,0.2,0.5353271484375,0.16641174256801605,0.7363511323928833,9430,0.066726685,5e-05,1.7050929069519043,0.0058972303158952855
1225.49919808,496,3612672,294,952.19,7280,5.733350744843483,0.1663612799718976,0.2,0.48431803385416666,0.16626451909542084,0.9840877056121826,9440,0.0467149,5e-05,0.0540471225976944,0.004039647171157412
1225.67314426,497,3624960,295,952.19,7280,5.741695125897725,0.22253171526826918,0.2,0.48741048177083335,0.16621363162994385,0.9824252128601074,9450,0.04763638,5e-05,0.066340871155262,0.0002658528649286988
1237.7546976299998,499,3637248,296,961.04,7279,5.759108648697535,0.12703136356237035,0.2,0.43486328125,0.16592447459697723,0.9889639019966125,9460,0.038020834,5e-05,0.05655313655734062,0.0016702024891856126
1258.54497865,501,3649536,297,978.45,7279,5.776053103804588,0.12059303283070524,0.2,0.42335611979166665,0.16563211381435394,0.992759644985199,9470,0.03473867,5e-05,0.046732306480407715,-0.0028305833446211183
1263.84985986,503,3661824,298,980.13,7279,5.791767112414042,0.13440454015508294,0.2,0.4258219401041667,0.16539104282855988,0.9893023371696472,9480,0.036788277,5e-05,0.06964679807424545,-0.0007015949241273727
1275.9260177899998,504,3674112,299,991.09,7278,5.807213621338208,0.1400284790744384,0.2,0.4208740234375,0.1651289463043213,0.990176260471344,9490,0.03931879,5e-05,0.06303313374519348,-0.0007314363208327753
1274.2167397399999,506,3686400,300,989.58,7278,5.8206513355175655,0.422764017401884,0.2,0.4326090494791667,0.16491568088531494,0.9515103697776794,9500,0.043319453,5e-05,0.17947950959205627,-0.005447987015456116
1274.05650869,508,3698688,301,989.58,7278,5.829810879627863,0.7011654092309375,0.2,0.44595540364583336,0.16474549472332,0.949181318283081,9510,0.045755327,5e-05,0.24489820003509521,-0.001743972113278384
1289.8002514500001,509,3710976,302,998.49,7278,5.835448669393857,0.12883568950928748,0.2,0.4070963541666667,0.1647738218307495,0.9830901026725769,9520,0.03988078,5e-05,0.054300274699926376,4.2931567198441677e-05
1287.74569854,511,3723264,303,998.49,7278,5.8505528201659525,0.09734634233949085,0.2,0.4012858072916667,0.16449837386608124,0.9917879104614258,9530,0.03323484,5e-05,0.03073359653353691,-0.0016514643701763512
1290.6197433999996,513,3735552,304,998.49,7277,5.869035286704699,0.08614208071958274,0.2,0.3930745442708333,0.16439470648765564,0.9940826892852783,9540,0.03538902,5e-05,0.027001086622476578,-0.0013735822140006348
1292.7972581200002,514,3747840,305,998.49,7277,5.889351809024811,0.10681424148691197,0.2,0.41171061197916664,0.16398565471172333,0.9908579587936401,9550,0.038521398,5e-05,0.022080224007368088,-0.0028945077821845187
1294.7680433799999,516,3760128,306,998.49,7277,5.911999541521072,0.13578530956680576,0.2,0.40279947916666664,0.1636478453874588,0.9895945191383362,9560,0.031910535,5e-05,0.05944863706827164,-0.0031698470028156105
1276.0331666700001,518,3772416,307,984.28,7277,5.926146251956622,0.13942832240524392,0.2,0.4118733723958333,0.16354544460773468,0.9897878766059875,9570,0.039800104,5e-05,0.06659384071826935,-0.0025379575565845397
1280.01497494,520,3784704,308,985.79,7277,5.927006083726883,4.6044903039932255,0.2,0.35813802083333335,0.16348180174827576,0.9366783499717712,9580,0.030362055,5e-05,2.5811080932617188,-0.006281837334487742
1257.8043117999998,521,3796992,309,969.63,7277,5.943660350640615,0.13361596893519162,0.2,0.44912109375,0.16299070417881012,0.9858567714691162,9590,0.039857913,5e-05,0.06434766203165054,-0.00048365279314263414
1256.64740877,523,3809280,310,969.63,7276,5.961625375350317,3.8837559634198744,0.2,0.3974527994791667,0.1629234105348587,0.9315584301948547,9600,0.039243065,5e-05,1.0235399007797241,-0.004523110151058063
1259.68077046,525,3821568,311,969.63,7276,5.974129751324654,0.11087315987485151,0.2,0.4750732421875,0.16261650621891022,0.9670115113258362,9610,0.050429672,5e-05,0.045850206166505814,0.0031571900753381973
1257.37684628,526,3833856,312,969.63,7276,5.998193208376566,0.12501998362131417,0.2,0.43446451822916665,0.16222316026687622,0.9894317388534546,9620,0.04158101,5e-05,0.05043283477425575,0.0009594097534621445
1244.19235969,528,3846144,313,963.7,7277,6.0060997128486635,0.4616912098911901,0.2,0.4729248046875,0.1623009592294693,0.9567770957946777,9630,0.044457003,5e-05,0.12033525109291077,-0.0027833994909694107
1235.24193683,530,3858432,314,961.11,7277,6.006105637550354,2.459359320315222,0.2,0.4401448567708333,0.16220474243164062,0.9551956653594971,9640,0.039448626,5e-05,0.779123842716217,0.0010898242326220497
1256.9358066599998,531,3870720,315,975.32,7277,6.014525771141052,1.159309835731983,0.2,0.4505533854166667,0.16203726828098297,0.9831205606460571,9650,0.049677968,5e-05,0.4217797517776489,0.0007893610469182022
1255.9562870399998,533,3883008,316,975.32,7277,6.030731870730718,0.20739634735509754,0.2,0.47035319010416665,0.16173957288265228,0.9908473491668701,9660,0.047764372,5e-05,0.07594212889671326,0.0014389324152337699
1267.58761871,535,3895296,317,982.72,7278,6.044843105475108,0.1245158728522559,0.2,0.43417154947916664,0.16153430938720703,0.9906374216079712,9670,0.042668458,5e-05,0.05764405429363251,0.00150189993485886
1266.59729032,536,3907584,318,982.72,7278,6.055609407027562,0.6306285210574667,0.2,0.4421142578125,0.161456897854805,0.9516775608062744,9680,0.04114846,5e-05,0.07520952075719833,-0.0036685256660954715
1268.59806183,538,3919872,319,982.72,7278,6.076149290800094,0.11112285664615532,0.2,0.435986328125,0.16106463968753815,0.9871881008148193,9690,0.04119948,5e-05,0.019069839268922806,0.00041559429349338946
1272.26452966,540,3932160,320,982.72,7278,6.093374407291412,0.19211849241207044,0.2,0.44256998697916666,0.16083340346813202,0.9795106053352356,9700,0.046926867,5e-05,0.12863527238368988,-0.0011423604698696484
1270.60492048,541,3944448,321,979.68,7279,6.098699302474658,0.7658371731638909,0.2,0.457373046875,0.16070671379566193,0.9263198971748352,9710,0.039701577,5e-05,0.17617514729499817,-0.003487779748684261
1273.95798619,543,3956736,322,982.27,7279,6.117907913525899,0.3494439986689637,0.2,0.4634195963541667,0.16035307943820953,0.9666906595230103,9720,0.050562162,5e-05,0.1460849791765213,-0.0015276343692676164
1275.8914212000002,545,3969024,323,982.27,7279,6.142665492494901,0.13198469922256967,0.2,0.43600260416666664,0.1600980907678604,0.9923392534255981,9730,0.039007235,5e-05,0.047697387635707855,-0.0008008159721309009
1275.40727068,546,3981312,324,982.27,7280,6.161877709627151,0.15452554142102598,0.2,0.434423828125,0.15992015600204468,0.9894459843635559,9740,0.03752202,5e-05,0.05409613251686096,-0.0005012644416031738
1286.6832631600003,548,3993600,325,991.03,7280,6.176834753155708,0.4638131524436176,0.2,0.43863118489583336,0.1596618890762329,0.9128029346466064,9750,0.04989359,5e-05,0.30509820580482483,0.0065648926235250355
1285.2360292300002,550,4005888,326,991.03,7280,6.191686266660691,0.1324981849330167,0.2,0.4345703125,0.15931272506713867,0.9790748357772827,9760,0.040146794,5e-05,0.029672330245375633,0.0001828939401699851
1269.76707582,551,4018176,327,981.9,7280,6.218754116694132,0.16568931102131804,0.2,0.431396484375,0.15890635550022125,0.9810638427734375,9770,0.0378793,5e-05,0.09577637910842896,-0.0015424238464523418
1267.6171464100003,553,4030464,328,981.9,7280,6.2465027143557865,0.260870541104426,0.2,0.43169759114583334,0.15843704342842102,0.9635519981384277,9780,0.032159608,5e-05,0.04217923432588577,-0.005497090622278241
1282.5696011300001,555,4042752,329,990.87,7280,6.267936409513156,0.2028850360152622,0.2,0.4440185546875,0.1584067940711975,0.9828281998634338,9790,0.04616961,5e-05,0.04775325581431389,-0.0022024345244669044
1286.33039842,556,4055040,330,990.87,7281,6.282039621472359,0.11363914043953022,0.2,0.4204182942708333,0.15817944705486298,0.9854873418807983,9800,0.041251477,5e-05,0.06363572180271149,-0.0003225789919573193
1281.0266690400001,558,4067328,331,990.87,7281,6.293343759576479,0.2728208057737599,0.2,0.479248046875,0.15822429955005646,0.9587664604187012,9810,0.04775262,5e-05,0.08809519559144974,-0.0012789987449650653
1283.8542451,560,4079616,332,990.87,7281,6.296387506524722,0.1837495714891702,0.2,0.428466796875,0.1581943929195404,0.9902583360671997,9820,0.040757075,5e-05,0.050565674901008606,-0.002441203468091165
1267.8835457799998,561,4091904,333,983.22,7281,6.2992660065492,0.301724388046811,0.2,0.4412027994791667,0.15817177295684814,0.981293261051178,9830,0.039936762,5e-05,0.13309648633003235,-0.003438084046259367
1270.52399769,563,4104192,334,983.22,7282,6.299286304910978,1.506176788235704,0.2,0.45645345052083336,0.1582491546869278,0.9290622472763062,9840,0.04989199,5e-05,0.21791747212409973,-0.001118751973262988
1269.63078631,565,4116480,335,983.47,7279,6.298137950897217,0.2951752944849432,0.2,0.43978678385416664,0.15825296938419342,0.9629460573196411,9850,0.041382696,5e-05,0.11406213790178299,0.005180783635781457
1272.17334467,567,4128768,336,983.47,7278,6.307000450293223,0.5984770621483525,0.2,0.491552734375,0.15799522399902344,0.9306203126907349,9860,0.052117366,5e-05,0.06519483774900436,-0.0028604120350792074
1269.71951782,568,4141056,337,983.47,7278,6.325400796532631,0.21420169964743158,0.2,0.4608072916666667,0.15778058767318726,0.9903965592384338,9870,0.045564204,5e-05,0.09311018884181976,-0.0002684992738068104
1271.07791658,570,4153344,338,983.47,7278,6.344141435623169,0.12043033805675804,0.2,0.4338785807291667,0.15756841003894806,0.9907674193382263,9880,0.040145133,5e-05,0.05264081060886383,-0.002917325353094687
1255.20654968,572,4165632,339,970.92,7277,6.3630679696798325,0.10504776270439227,0.2,0.4090983072916667,0.1572691649198532,0.9938696026802063,9890,0.034726787,5e-05,0.022927161306142807,-0.0005976890388410538
1254.6632938100001,574,4177920,340,970.92,7277,6.370595403512319,1.5676577261649072,0.2,0.4527669270833333,0.15727736055850983,0.943017840385437,9900,0.04057373,5e-05,1.3899863958358765,-0.004911232889571693
1257.8438619,575,4190208,341,971.4,7277,6.374158654610316,3.815151692616443,0.2,0.4345703125,0.15722112357616425,0.911848783493042,9910,0.049592484,5e-05,2.948559522628784,-0.0027235007278553288
1255.4833358999997,577,4202496,342,971.4,7276,6.3767168641090395,4.814472250981877,0.2,0.5063883463541666,0.1571839600801468,0.9419366121292114,9920,0.0570266,5e-05,0.5235353708267212,0.002520812925286009
1270.94301458,579,4214784,343,980.28,7276,6.389922776818276,0.282513424474746,0.2,0.5168619791666667,0.15691223740577698,0.9376158118247986,9930,0.054209728,5e-05,0.13106122612953186,0.010101782166263245
1271.7538812,580,4227072,344,980.28,7277,6.400845396518707,0.15507211674315233,0.2,0.48346354166666666,0.15680041909217834,0.9833581447601318,9940,0.05415052,5e-05,0.02982877381145954,0.0019735724432393908
1261.93987577,582,4239360,345,971.05,7277,6.407889885703723,0.1558511729352176,0.2,0.4466552734375,0.15664805471897125,0.9830874800682068,9950,0.042071115,5e-05,0.04240766167640686,0.0018192312330938877
1238.28457763,584,4251648,346,956.58,7277,6.417245507240295,2.1049933184714367,0.2,0.43068033854166665,0.1564832627773285,0.9245664477348328,9960,0.047294494,5e-05,1.3437223434448242,-0.0011259563456405886
1256.10096271,585,4263936,347,969.13,7277,6.425702028473219,4.1115778025860585,0.2,0.44712727864583335,0.1564512550830841,0.9506101012229919,9970,0.045090437,5e-05,1.045859456062317,-0.0007819205263028076
1260.11110201,587,4276224,348,969.13,7277,6.435623921950659,0.1622547735925764,0.2,0.5011881510416667,0.1562577337026596,0.980252206325531,9980,0.052505095,5e-05,0.07017650455236435,0.003615752386394888
1256.77526565,589,4288512,349,966.7,7277,6.460480631391207,0.18255751069324713,0.2,0.4803059895833333,0.155854731798172,0.9830572009086609,9990,0.05267505,5e-05,0.09368082880973816,-0.0009171084069142429
1255.9755426300003,590,4300800,350,966.7,7277,6.479000095526377,4.4457580991399785,0.2,0.4696126302083333,0.15574778616428375,0.9519419074058533,10000,0.044211272,5e-05,5.108175277709961,0.00038815024745417757
1253.97224703,592,4313088,351,966.7,7277,6.496583028634389,0.11650736017618328,0.2,0.49432779947916666,0.1553981751203537,0.9895702600479126,10010,0.049490694,5e-05,0.04424838721752167,0.002733255717612337
1254.58970765,594,4325376,352,966.7,7277,6.523938045899073,0.11455119128028551,0.2,0.4568684895833333,0.1549348086118698,0.9936764240264893,10020,0.051454484,5e-05,0.037413571029901505,-0.0004698364985718702
1256.73415408,596,4337664,353,966.93,7277,6.546408106883367,0.13174220452395577,0.2,0.438623046875,0.15481658279895782,0.9883766174316406,10030,0.04546866,5e-05,0.045968133956193924,-0.00024736296181799845
1276.1438856700001,597,4349952,354,981.4,7277,6.556374890605609,0.422857413891082,0.2,0.4612223307291667,0.15474140644073486,0.9479411840438843,10040,0.03760087,5e-05,0.04217987507581711,-0.0024599704217204512
1275.54099829,599,4362240,355,981.4,7277,6.568022407094637,0.1018170006883641,0.2,0.44000651041666666,0.15459872782230377,0.9933825731277466,10050,0.047491923,5e-05,0.027311332523822784,-0.0009850780722141887
1273.82282449,601,4374528,356,981.4,7277,6.577905093630155,0.09203769733818869,0.2,0.4302164713541667,0.15437452495098114,0.9926177263259888,10060,0.038886458,5e-05,0.05270855873823166,-0.0013194604582774142
1290.44461291,602,4386816,357,991.0,7277,6.587940815091133,0.1190206952393055,0.2,0.4424235026041667,0.15413892269134521,0.9862611889839172,10070,0.047076534,5e-05,0.055345311760902405,6.387107957076903e-05
1292.14147868,604,4399104,358,991.0,7278,6.605950616796812,0.07627122699438284,0.2,0.40586751302083335,0.15390248596668243,0.9961269497871399,10080,0.036829103,5e-05,-0.0026839543133974075,-0.0009905501661705784
1292.17020985,606,4411392,359,991.0,7278,6.618129423260688,0.20003110055501264,0.2,0.445166015625,0.15381479263305664,0.984917938709259,10090,0.041399185,5e-05,0.23649904131889343,-0.000729068852281974
1290.7185178399998,607,4423680,360,991.0,7278,6.623796346783638,0.6795745436723034,0.2,0.44229329427083336,0.15377771854400635,0.8026226162910461,10100,0.03933039,5e-05,0.6958253979682922,-0.0005361108186965187
1298.70615408,609,4435968,361,1000.0,7279,6.629241395990054,0.22951789625609914,0.2,0.4818522135416667,0.15372982621192932,0.9619592428207397,10110,0.051063325,5e-05,0.06986547261476517,-0.0016483693980262615
1300.0761229,611,4448256,362,1000.0,7279,6.638285262386004,0.18324621175415814,0.2,0.4405598958333333,0.15352489054203033,0.9846907258033752,10120,0.044006318,5e-05,0.09547773748636246,-0.0043985974693593255
1297.4278187599996,612,4460544,363,1000.0,7279,6.65619093477726,0.17855431785186132,0.2,0.4225667317708333,0.15317101776599884,0.9912434220314026,10130,0.03591155,5e-05,0.04350314661860466,-0.002018513266618053
1280.43553294,614,4472832,364,987.61,7279,6.670370693008105,0.951524404482916,0.2,0.4325927734375,0.1531481146812439,0.9377589225769043,10140,0.045620978,5e-05,0.11057259142398834,-0.0005476385257982959
1260.8342535000002,616,4485120,365,974.28,7278,6.67381109992663,2.5073841559390226,0.2,0.4040283203125,0.15313935279846191,0.9403606653213501,10150,0.049551833,5e-05,0.6239309310913086,-0.0048025111444682505
1248.8907102599999,617,4497408,366,966.52,7279,6.674012635151545,5.018590732757002,0.2,0.5044026692708333,0.1531641036272049,0.9502732157707214,10160,0.059149146,5e-05,3.537257671356201,0.0031367468642808185
1246.61618333,619,4509696,367,966.52,7279,6.673577187458674,1.906580021729072,0.2,0.5002766927083333,0.15316791832447052,0.9732565879821777,10170,0.061249297,5e-05,2.3122360706329346,0.003681514168177576
1249.9117761400003,621,4521984,368,966.52,7279,6.686771903435389,0.11722191808124384,0.2,0.5014404296875,0.15276330709457397,0.9880936741828918,10180,0.052857175,5e-05,0.03458847850561142,0.008342100333538837
1243.1203124,622,4534272,369,960.48,7279,6.7007960418860115,1.7855728703240554,0.2,0.5163655598958333,0.1526840180158615,0.8717864751815796,10190,0.058483977,5e-05,0.5673867464065552,0.0033025442045376014
1243.70266489,624,4546560,370,960.48,7279,6.705167087912559,1.2004115310497583,0.2,0.5012044270833333,0.15258342027664185,0.9650610685348511,10200,0.0479396,5e-05,0.1624809205532074,0.003790838356265643
1231.9143837400002,626,4558848,371,948.96,7279,6.709060134490331,0.7358315240126103,0.2,0.5339274088541667,0.1525277942419052,0.8705185055732727,10210,0.060771942,5e-05,0.07102122902870178,0.005388394152396359
1250.28795244,627,4571136,372,963.93,7279,6.717544957002004,2.125905833703776,0.2,0.5144694010416667,0.15237490832805634,0.9455923438072205,10220,0.056814834,5e-05,0.0976039320230484,-0.0015365686476191817
1258.88991834,629,4583424,373,969.81,7280,6.735212699572245,0.19364805792768797,0.2,0.5088623046875,0.15209327638149261,0.9855716228485107,10230,0.049937915,5e-05,0.05235636606812477,0.0028009884830680677
1247.78972656,631,4595712,374,962.09,7280,6.759005835652351,0.13165491942005852,0.2,0.44695638020833334,0.15179729461669922,0.9904454350471497,10240,0.052648544,5e-05,0.061558566987514496,0.001375167612665488
1240.1088305499998,632,4608000,375,957.48,7280,6.773924343784651,2.048208235048999,0.2,0.4532552083333333,0.15170378983020782,0.9340921640396118,10250,0.03818767,5e-05,0.7045910358428955,-0.003727360611082986
1236.2792033399999,634,4620288,376,955.77,7280,6.777911537885666,2.8775573604740203,0.2,0.4911295572916667,0.15168386697769165,0.9543371796607971,10260,0.0634254,5e-05,3.627361297607422,0.002512933380542866
1229.4123813100002,636,4632576,377,950.04,7280,6.7789308488368984,2.1405895418177048,0.2,0.5298177083333333,0.1517764776945114,0.9578099250793457,10270,0.059530918,5e-05,0.5011581182479858,0.0066193988488521425
1218.9785942400001,637,4644864,378,942.35,7281,6.777453104654948,2.5372908214417595,0.2,0.5134033203125,0.15171396732330322,0.9713207483291626,10280,0.057640206,5e-05,0.595230221748352,0.003355729119114888
1232.60981929,639,4657152,379,951.42,7281,6.778130240241686,3.6255951658512156,0.2,0.5155843098958334,0.15171368420124054,0.9730774760246277,10290,0.04765305,5e-05,0.46273455023765564,0.0015951664128806442
1237.0879135799996,641,4669440,380,951.42,7281,6.77565249701341,0.14613912445493044,0.2,0.5515462239583333,0.1517946720123291,0.9874856472015381,10300,0.055703472,5e-05,0.0773746520280838,0.008878548757153718
1234.70548159,642,4681728,381,951.42,7281,6.7825684676567715,0.12361914509286483,0.2,0.48941243489583336,0.1515514999628067,0.9833836555480957,10310,0.055585563,5e-05,0.051381245255470276,0.0013686068496705653
1255.9520116899998,644,4694016,382,966.9,7281,6.788704758882522,0.14010446982768673,0.2,0.48065592447916666,0.15157662332057953,0.9907511472702026,10320,0.048516486,5e-05,0.05201096087694168,0.0027335326148507496
1253.13235668,646,4706304,383,962.43,7281,6.791352987289429,0.13466441238609453,0.2,0.4403076171875,0.1514761745929718,0.9913918972015381,10330,0.04556947,5e-05,0.06761141866445541,-0.002115638816030696
1264.4168809599998,647,4718592,384,970.18,7282,6.803947230180104,1.0268713768261175,0.2,0.43633626302083334,0.15130281448364258,0.9297510981559753,10340,0.040430862,5e-05,0.09597404301166534,-0.004619860879029147
1268.7966960600002,649,4730880,385,975.15,7282,6.809804152448972,0.38445723010227084,0.2,0.5032307942708333,0.15138517320156097,0.9608676433563232,10350,0.058420453,5e-05,0.0514838844537735,0.00017946948355529457
1288.5097682,651,4743168,386,990.16,7282,6.805083366235097,6.851247274689376,0.2,0.4442952473958333,0.1514054387807846,0.9406931400299072,10360,0.03976104,5e-05,6.8157806396484375,0.00048804414764163083
1286.90190287,653,4755456,387,990.16,7282,6.81364228328069,0.3132233211460213,0.2,0.5055257161458333,0.15115559101104736,0.9742864370346069,10370,0.05445607,5e-05,0.04262835532426834,0.0008650189236504957
1281.7299768700002,654,4767744,388,990.16,7281,6.818200147151947,0.1710611970939984,0.2,0.4968668619791667,0.15115074813365936,0.9851005673408508,10380,0.051784784,5e-05,0.04885001853108406,0.003896550554297088
1280.28107606,656,4780032,389,990.16,7281,6.829234541455905,0.11528494632802903,0.2,0.46917317708333334,0.15090414881706238,0.9924013018608093,10390,0.04751432,5e-05,0.020273590460419655,0.0023956924177279387
1282.76440672,658,4792320,390,990.16,7281,6.8395331531763075,0.3058170687407255,0.2,0.468505859375,0.15091562271118164,0.9793681502342224,10400,0.046940286,5e-05,0.1431456059217453,-0.002938258679447851
1295.86231293,659,4804608,391,999.24,7281,6.850850022832552,0.12575308817128342,0.2,0.43727213541666665,0.1506965309381485,0.9872150421142578,10410,0.04292333,5e-05,0.058363914489746094,-0.0011763243999060554
1297.0890989499999,661,4816896,392,999.24,7281,6.862048068642617,0.0944791812915355,0.2,0.435498046875,0.15069782733917236,0.9827118515968323,10420,0.043655623,5e-05,0.02107776328921318,-0.00288192086154595
1295.7204610099998,663,4829184,393,996.65,7281,6.872303922971089,0.09846124276518822,0.2,0.4278645833333333,0.15052776038646698,0.994086742401123,10430,0.038286053,5e-05,0.025718607008457184,-0.00040966600596827144
1294.2749462,664,4841472,394,996.65,7281,6.887381608287494,0.9419438958944132,0.2,0.4656168619791667,0.15034863352775574,0.9268851280212402,10440,0.03909292,5e-05,0.20600636303424835,-7.264277616438145e-05
1295.64160127,666,4853760,395,996.65,7281,6.900738587975502,0.1296893872010211,0.2,0.4641357421875,0.15030880272388458,0.9855401515960693,10450,0.047062024,5e-05,0.05141035467386246,0.005040387601669257
1298.97042691,668,4866048,396,996.65,7281,6.913331495722135,0.3138014447099219,0.2,0.46353352864583336,0.15017805993556976,0.9735558032989502,10460,0.04279235,5e-05,0.10347297042608261,0.0018308566611570617
1290.81901254,669,4878336,397,987.73,7282,6.929609933495522,0.09425398209132255,0.2,0.4255126953125,0.1499396711587906,0.9918120503425598,10470,0.040631965,5e-05,0.035484421998262405,-0.002023373852716759
1284.34869867,671,4890624,398,979.11,7282,6.945342123508453,0.46286653289571406,0.2,0.44227701822916665,0.14974592626094818,0.9558340311050415,10480,0.043729704,5e-05,0.14614297449588776,-0.0020543888424678397
1283.61030946,673,4902912,399,979.11,7282,6.953061623374621,1.0043976612233867,0.2,0.45150553385416664,0.14973199367523193,0.962523341178894,10490,0.039344527,5e-05,0.29706722497940063,-0.0034156314010033383
1271.8069326399998,674,4915200,400,971.23,7282,6.961289858818054,0.09969665301032364,0.2,0.4502360026041667,0.14956623315811157,0.9900942444801331,10500,0.04077841,5e-05,0.0464625358581543,0.0009044594010144162
1276.34587954,676,4927488,401,974.58,7282,6.972592952847481,1.5423626810312272,0.2,0.48251139322916664,0.149514302611351,0.9273351430892944,10510,0.046337023,5e-05,1.0281407833099365,0.0023948605007414396
1277.52533859,678,4939776,402,974.58,7282,6.976152432958285,2.315993796940893,0.2,0.5183756510416667,0.14943601191043854,0.8414974212646484,10520,0.07258042,5e-05,0.8149209022521973,0.003625106346589746
1277.16319052,679,4952064,403,974.58,7282,6.991672326127688,0.18576918637069564,0.2,0.511474609375,0.14920532703399658,0.9785071611404419,10530,0.054034058,5e-05,0.05895286798477173,0.007415748656300517
1276.7029206400002,681,4964352,404,974.58,7281,7.009370943903923,0.1225694565102458,0.2,0.4834228515625,0.1490696221590042,0.9903939366340637,10540,0.049805854,5e-05,0.04869234561920166,-0.0009674870869882094
1276.9932136599998,683,4976640,405,974.7,7281,7.031545226772626,0.11048890656481186,0.2,0.43678385416666665,0.14872068166732788,0.9920638799667358,10550,0.04449722,5e-05,0.04856647178530693,-0.0016982847067993135
1285.2892582499999,685,4988928,406,983.32,7281,7.0453613847494125,1.427253603640323,0.2,0.4503255208333333,0.14869166910648346,0.9336376190185547,10560,0.037943736,5e-05,0.2489127516746521,-0.0038783752131469856
1283.2245792,686,5001216,407,983.32,7281,7.046597322821617,0.32118620838349066,0.2,0.52177734375,0.14865441620349884,0.9601913690567017,10570,0.0587175,5e-05,0.11327492445707321,0.006788737060560379
