time/time_elapsed,time/fps,rollout/ep_rew_mean,time/iterations,rollout/ep_len_mean,time/total_timesteps,train/explained_variance,train/clip_range,train/approx_kl,train/std,train/learning_rate,train/entropy_loss,train/clip_fraction,train/loss,train/n_updates,train/value_loss,train/policy_gradient_loss
1,10599,22.005552580000003,1,61.53,12288,,,,,,,,,,,
2,8313,21.51776586,2,62.47,24576,-0.017887234687805176,0.2,0.015271063,0.9953300952911377,0.0003,-16.981642802556355,0.18782552083333334,2.071157217025757,10,6.172352762520314,-0.019537416623400836
4,7937,21.84532477,3,63.32,36864,0.49095618724823,0.2,0.014006208,0.9886406064033508,0.0003,-16.915507396062214,0.1674560546875,1.9792968034744263,20,5.678586360812187,-0.0225299008282794
6,7660,22.695333159999997,4,62.52,49152,0.6788463592529297,0.2,0.016611509,0.983013927936554,0.0003,-16.837753208478293,0.19038899739583334,1.8675237894058228,30,5.13768843015035,-0.02350086349033518
8,7404,24.454384799999993,5,64.0,61440,0.7977458238601685,0.2,0.017569073,0.9766600728034973,0.0003,-16.762877587477366,0.20410970052083333,2.0261852741241455,40,5.031379054983457,-0.024739641850950043
9,7377,22.539798949999998,6,65.08,73728,0.851371169090271,0.2,0.018041054,0.9713878035545349,0.0003,-16.693841449419658,0.2262939453125,2.017315149307251,50,4.237007467945417,-0.025524146795699684
11,7371,23.157437530000003,7,62.55,86016,0.8606902360916138,0.2,0.018693246,0.9653921127319336,0.0003,-16.62562727133433,0.22828776041666668,2.040346384048462,60,4.900288248062134,-0.026238260417206522
13,7314,24.842305779999997,8,67.57,98304,0.8937945365905762,0.2,0.021789923,0.9603070616722107,0.0003,-16.55821160078049,0.2506591796875,1.6071799993515015,70,4.068822457889715,-0.028061945948866195
15,7253,26.086479600000004,9,67.98,110592,0.8885906338691711,0.2,0.021999074,0.9559723734855652,0.0003,-16.49934047460556,0.26058756510416664,1.9236563444137573,80,4.963378632068634,-0.029448520913623117
16,7256,26.461652540000003,10,68.75,122880,0.8956835269927979,0.2,0.02214315,0.9503011703491211,0.0003,-16.428360799948376,0.2664306640625,2.272343873977661,90,4.828472143908342,-0.027872331108665094
18,7247,29.034530440000008,11,72.68,135168,0.9028211236000061,0.2,0.02360708,0.9411700367927551,0.0003,-16.326119299729665,0.28292643229166664,2.467179298400879,100,4.522284252941608,-0.02965599392967609
20,7234,28.816632899999995,12,70.15,147456,0.9073552489280701,0.2,0.024682885,0.9367130398750305,0.0003,-16.25313872496287,0.2972819010416667,2.1449759006500244,110,4.935729660093784,-0.029649740982131335
22,7235,28.121721230000002,13,70.19,159744,0.9034386277198792,0.2,0.02447527,0.930792510509491,0.0003,-16.178660090764364,0.3048502604166667,2.6290998458862305,120,5.000312765439351,-0.029526271187933162
23,7233,30.739960489999994,14,74.13,172032,0.9116570949554443,0.2,0.026722774,0.9259936213493347,0.0003,-16.107330679893494,0.32444661458333335,2.3082785606384277,130,4.809209480384985,-0.03116917440687151
25,7249,30.834655710000003,15,73.48,184320,0.9149386882781982,0.2,0.027470646,0.9205438494682312,0.0003,-16.037980715433758,0.3261311848958333,2.124884605407715,140,4.706826201577981,-0.033126632170751694
27,7264,29.014220390000002,16,71.04,196608,0.9208710193634033,0.2,0.026319427,0.9154922366142273,0.0003,-15.967983255783716,0.334228515625,2.1803781986236572,150,4.522742444773515,-0.03188181240499641
28,7274,31.943105670000005,17,72.79,208896,0.9205054044723511,0.2,0.02944549,0.9088373780250549,0.0003,-15.88513215382894,0.3445231119791667,2.295125961303711,160,4.643857970833778,-0.033864623586608404
30,7282,33.99456962,18,73.15,221184,0.9184087514877319,0.2,0.03014049,0.902877151966095,0.0003,-15.800784107049306,0.34150390625,2.3058221340179443,170,4.726834099988142,-0.03388077516865451
32,7278,33.82396686,19,73.25,233472,0.9322289228439331,0.2,0.03080626,0.8973579406738281,0.0003,-15.721465895573298,0.3600667317708333,2.3604581356048584,180,4.500615117947261,-0.03433434251831689
33,7289,34.009847879999995,20,74.68,245760,0.9269788861274719,0.2,0.028833127,0.8921611905097961,0.0003,-15.64875003695488,0.3370442708333333,2.2487988471984863,190,5.377092939118544,-0.03361405950272456
35,7299,33.84110568,21,75.22,258048,0.9336661696434021,0.2,0.03293728,0.8885334134101868,0.0003,-15.59748063594737,0.35694813829787236,2.1893701553344727,200,4.692025985109045,-0.03227023341534461
36,7339,35.04611982,22,75.92,270336,0.93585205078125,0.2,0.035888292,0.8850664496421814,0.0003,-15.54693367869355,0.35218704578488375,2.258587121963501,208,4.811098158359528,-0.02651593093706165
38,7334,36.02836291,23,75.51,282624,0.9333183169364929,0.2,0.030068303,0.8782702088356018,0.0003,-15.454561537504196,0.3516764322916667,2.1372156143188477,218,5.343499536812305,-0.035465352473450666
40,7323,35.17679885,24,73.31,294912,0.9330217242240906,0.2,0.032626037,0.8733012080192566,0.0003,-15.388286610444387,0.356103515625,3.0052175521850586,228,5.57186575382948,-0.035541800213589644
42,7300,37.711920060000004,25,77.06,307200,0.9356478452682495,0.2,0.03499129,0.8679609894752502,0.0003,-15.307008093053645,0.37856804653679654,2.2021214962005615,238,5.169427870155929,-0.03456554562054994
43,7376,36.94686314,26,76.91,319488,0.93504399061203,0.2,0.03344049,0.8660993576049805,0.0003,-15.273218246128248,0.33427309782608694,2.958899736404419,241,5.273000225813493,-0.001966595435110123
44,7395,37.86748452,27,77.8,331776,0.9416729211807251,0.2,0.034187093,0.8593257069587708,0.0003,-15.192730906189128,0.3850596438172043,2.840994119644165,249,4.8599151943319585,-0.029973782936952287
46,7402,38.56905724,28,79.41,344064,0.9382138848304749,0.2,0.04034815,0.8536975979804993,0.0003,-15.099902716053977,0.36853725686498856,1.969956398010254,259,5.247041493858844,-0.03452731796819503
48,7398,40.70448901,29,81.76,356352,0.9300320148468018,0.2,0.03381398,0.8493792414665222,0.0003,-15.03168600598971,0.37185872395833336,2.546989679336548,269,6.073925798137982,-0.03748740645472329
49,7437,41.51327259,30,80.61,368640,0.9354864358901978,0.2,0.036680117,0.8455068469047546,0.0003,-14.970423077282152,0.36907637746710525,2.2884161472320557,276,5.350326217318836,-0.02535629126022717
51,7451,39.32095159,31,78.82,380928,0.9348400831222534,0.2,0.036144283,0.8399724960327148,0.0003,-14.89949893715358,0.37428449876237624,3.0912084579467773,285,6.068497638891239,-0.03291129279941652
52,7477,40.21650559,32,79.06,393216,0.9424779415130615,0.2,0.0383488,0.8361926674842834,0.0003,-14.844969367446685,0.38878676470588236,2.459097146987915,293,5.272255225675781,-0.029476031758209446
53,7531,41.5293693,33,80.89,405504,0.9470404982566833,0.2,0.033245303,0.8320416808128357,0.0003,-14.782446773065997,0.3729001083815029,2.6533725261688232,297,5.297307888207408,-0.01041710729888409
55,7535,37.703470949999996,34,77.44,417792,0.9363129138946533,0.2,0.033716798,0.8271968960762024,0.0003,-14.715367487183324,0.36402271412037035,2.718815803527832,306,6.068602425080758,-0.034554087652833444
56,7613,40.8972866,35,81.3,430080,0.9458712339401245,0.2,0.028227754,0.8258776664733887,0.0003,-14.676328659057617,0.3489583333333333,2.5548818111419678,307,5.695190290609996,0.016078306963512052
57,7628,42.31294524999999,36,79.39,442368,0.9443646669387817,0.2,0.04034801,0.8206150531768799,0.0003,-14.609542496752677,0.3877785852713178,2.7488508224487305,316,5.117452988636894,-0.031158950692403688
58,7707,43.067019519999995,37,85.63,454656,0.9515550136566162,0.2,0.021817114,0.82038813829422,0.0003,-14.583985582987468,0.26119791666666664,2.629340171813965,317,5.733263270060221,0.01145314754297336
60,7725,43.622506410000014,38,79.19,466944,0.9403058290481567,0.2,0.03685129,0.8148749470710754,0.0003,-14.526281365056546,0.37578800432276654,2.785443067550659,325,6.195283701509151,-0.029190405802022912
61,7776,41.98378108,39,78.53,479232,0.9423758387565613,0.2,0.029582096,0.811429500579834,0.0003,-14.469238888133656,0.35396634615384615,3.893461227416992,328,6.010377663832444,-0.006909023104170403
63,7792,44.811639729999996,40,83.77,491520,0.9475986361503601,0.2,0.039182864,0.8075745701789856,0.0003,-14.410798376763774,0.3877923976608187,3.004073143005371,336,5.281092992302967,-0.028300232229460227
64,7818,41.97453625,41,79.1,503808,0.9456714987754822,0.2,0.03195867,0.8034706115722656,0.0003,-14.34907415101854,0.36704698741007197,3.0796561241149902,342,6.1381057406500945,-0.024423008226863236
65,7879,43.74304657999999,42,83.42,516096,0.9469425678253174,0.2,0.037631873,0.8022438883781433,0.0003,-14.312349049550182,0.3326945754716981,2.979147434234619,344,6.182884684148824,0.012042409213224673
66,7899,44.36452942,43,84.84,528384,0.9482949376106262,0.2,0.03654259,0.7981228232383728,0.0003,-14.255399998691347,0.3839925130208333,2.3982882499694824,350,5.362138734095627,-0.02223793012348728
68,7926,45.831634400000006,44,85.24,540672,0.9476653337478638,0.2,0.035120387,0.7936546802520752,0.0003,-14.189210547022073,0.37584713855421686,2.5112733840942383,356,5.793088422721648,-0.02117277900819259
69,7946,43.12554747,45,80.6,552960,0.9428527355194092,0.2,0.034025293,0.7902083992958069,0.0003,-14.127919692195666,0.35783699912891986,2.356816053390503,362,6.345930355351146,-0.025282304802137178
70,8002,45.12352879,46,87.08,565248,0.9536299109458923,0.2,0.026627725,0.7880939841270447,0.0003,-14.092809200286865,0.3308771306818182,2.670651912689209,363,5.317047661001032,0.01714684220496565
71,8055,44.66151875,47,81.65,577536,0.9458845257759094,0.2,0.049081646,0.7864506840705872,0.0003,-14.058866403540787,0.33705357142857145,2.9924442768096924,365,6.1985354326209245,0.01558099170120395
72,8087,49.079504500000006,48,87.97,589824,0.9508678317070007,0.2,0.035008978,0.7807624340057373,0.0003,-13.993283117971112,0.3754620295698925,3.1937148571014404,369,5.3772484666557725,-0.012681184809715036
74,8097,46.716970190000005,49,84.58,602112,0.9457876086235046,0.2,0.034261968,0.7756500244140625,0.0003,-13.907323402474354,0.38145896656534956,2.2592480182647705,376,6.22054112790928,-0.02512602182671337
75,8148,45.102068689999996,50,81.45,614400,0.9518579244613647,0.2,0.023936555,0.7746844291687012,0.0003,-13.868487746627242,0.2957175925925926,3.573293685913086,377,6.589406666932283,0.014561928601728545
76,8192,47.411500700000005,51,84.34,626688,0.9535397887229919,0.2,0.031782463,0.7728133797645569,0.0003,-13.842622450840325,0.3581693672839506,3.6069881916046143,379,5.7469994550869785,0.008326744344545367
77,8221,47.46575672,52,85.4,638976,0.9527809619903564,0.2,0.033613842,0.770189106464386,0.0003,-13.802015940348307,0.3757724223163842,2.2786684036254883,383,5.710143308855046,-0.010707243737675207
78,8252,47.30069262,53,82.61,651264,0.9507251381874084,0.2,0.036004547,0.7670900821685791,0.0003,-13.75459317671947,0.3724208733974359,2.82582426071167,387,5.889718755697593,-0.009736166581905518
79,8299,48.71528853999999,54,84.9,663552,0.9551851153373718,0.2,0.02157644,0.7663423418998718,0.0003,-13.724896176656086,0.2701822916666667,2.6533143520355225,388,5.933289321263631,0.010973577294498682
81,8319,48.783777000000015,55,87.68,675840,0.9498577117919922,0.2,0.037369378,0.7612342238426208,0.0003,-13.671245777961051,0.3715578589108911,3.405735731124878,393,6.37833315311092,-0.014151031997442097
82,8342,51.683416720000004,56,86.58,688128,0.9522544145584106,0.2,0.04376013,0.7594698071479797,0.0003,-13.624583642507337,0.38597374355670105,3.1975903511047363,398,5.689930736404104,-0.013435321407555843
83,8386,49.805777930000005,57,85.04,700416,0.9547227025032043,0.2,0.025817674,0.7588042616844177,0.0003,-13.602132907280556,0.3152043269230769,2.8808047771453857,399,6.760656063373272,0.017089391503339775
84,8420,50.696161219999986,58,86.32,712704,0.9553316831588745,0.2,0.02828382,0.7566620707511902,0.0003,-13.576345612605413,0.34423828125,3.0847554206848145,401,6.479529718557994,0.002979244221933186
85,8438,47.35475314999999,59,85.31,724992,0.9520710706710815,0.2,0.03975844,0.7547863125801086,0.0003,-13.543098257045553,0.36156486742424243,2.762057304382324,406,6.708790391382545,-0.012048095643445098
87,8446,54.57662216000001,60,92.78,737280,0.9496750831604004,0.2,0.036855787,0.7508811354637146,0.0003,-13.485861397475647,0.3830513714028777,2.9191105365753174,412,6.27971940932514,-0.023894543795538195
88,8442,53.15224585,61,89.51,749568,0.9496344327926636,0.2,0.036414586,0.746478796005249,0.0003,-13.414476769953724,0.38229658018867924,3.754976511001587,420,6.727888216548211,-0.0319807848107381
90,8444,53.22668641,62,91.8,761856,0.9537654519081116,0.2,0.035026215,0.7413551807403564,0.0003,-13.331382934753602,0.39328781906906907,3.858802556991577,427,6.960133764478895,-0.029133168552574272
91,8456,54.7448628,63,88.65,774144,0.9443808197975159,0.2,0.037218228,0.7391646504402161,0.0003,-13.280910289764405,0.370375,3.0911364555358887,433,8.367041048049927,-0.020101504849269987
92,8483,54.33362364,64,90.89,786432,0.950165331363678,0.2,0.044774402,0.7372937798500061,0.0003,-13.248602424005066,0.35294349747474746,3.385643482208252,436,7.858893558232471,0.001967069779927231
94,8492,56.76015308,65,90.12,798720,0.9539918303489685,0.2,0.03691257,0.7340099215507507,0.0003,-13.196344682664582,0.38304924242424243,4.335367202758789,442,7.165584829720584,-0.02084576702592048
95,8528,54.86823104999999,66,88.96,811008,0.9582366943359375,0.2,0.027248649,0.7329416275024414,0.0003,-13.16782351902553,0.3384486607142857,2.9243695735931396,443,6.902789115905762,0.0194035696996642
96,8563,54.92101421,67,86.69,823296,0.9618315696716309,0.2,0.027686724,0.7311584949493408,0.0003,-13.144481386457171,0.3390625,2.868696928024292,444,6.205395276205881,0.01832297545458589
97,8596,53.11242824,68,86.46,835584,0.9626994729042053,0.2,0.028545316,0.7303018569946289,0.0003,-13.119263671693348,0.35053943452380953,2.793989658355713,445,5.818008099283491,0.01825042766341496
98,8618,53.739855340000005,69,89.83,847872,0.9635646343231201,0.2,0.04122394,0.728367030620575,0.0003,-13.094187542072778,0.38952518203883496,2.611128807067871,448,5.745552058358794,0.00259215852643535
99,8654,56.47156663,70,90.97,860160,0.9548131227493286,0.2,0.020288216,0.7282483577728271,0.0003,-13.078610588522519,0.24678308823529413,4.09606409072876,449,7.765611396116369,0.006652271977680571
100,8676,56.30913675000001,71,90.72,872448,0.9598366022109985,0.2,0.029637618,0.7263143658638,0.0003,-13.058888033401868,0.3659607438016529,3.234158992767334,452,6.457601795511797,-0.002632368513775512
101,8706,57.026223980000005,72,89.37,884736,0.9613521695137024,0.2,0.04271392,0.7247832417488098,0.0003,-13.030915952196308,0.35140931372549017,2.949408769607544,454,6.778051058451335,0.014921409479689365
102,8720,56.36303644999999,73,89.89,897024,0.960760772228241,0.2,0.033581953,0.7224680781364441,0.0003,-12.986872394664868,0.38097550675675673,3.6332573890686035,458,6.511394874469654,-0.010746892297489418
103,8747,57.34032331999999,74,88.81,909312,0.9652351140975952,0.2,0.036295727,0.7206223011016846,0.0003,-12.96130177012661,0.3619791666666667,3.045180082321167,460,6.337234036964283,0.013308030291738217
105,8775,58.43626322000001,75,91.36,921600,0.9661133885383606,0.2,0.041746512,0.7194633483886719,0.0003,-12.935766696929932,0.3478816105769231,3.300288438796997,462,6.385922175187331,0.015565832584308317
106,8789,54.148087509999996,76,87.15,933888,0.9609639644622803,0.2,0.033852287,0.7174236178398132,0.0003,-12.89957657950265,0.3783035714285714,3.3571205139160156,466,6.77303086417062,-0.01052835470863751
107,8805,60.41312704,77,94.13,946176,0.9580028057098389,0.2,0.033480383,0.7154466509819031,0.0003,-12.867927347912508,0.3701171875,3.5126185417175293,469,6.728647670325111,-0.0027831797659232773
108,8828,60.16993009,78,92.88,958464,0.9634902477264404,0.2,0.033255804,0.7145312428474426,0.0003,-12.843272834353977,0.37252604166666664,3.410801410675049,471,6.508837609820896,0.005612731259316206
109,8855,59.15624301,79,94.49,970752,0.9620581269264221,0.2,0.039594732,0.7134402394294739,0.0003,-12.82269630065331,0.33045372596153844,3.7991228103637695,473,7.114380744787363,0.01656065264251083
110,8871,57.34739261,80,90.07,983040,0.9586900472640991,0.2,0.028415421,0.7110975384712219,0.0003,-12.793337643146515,0.3649088541666667,3.1140296459198,476,7.0394768748018475,-0.0038605731711464208
112,8885,62.671211189999994,81,94.5,995328,0.9626703262329102,0.2,0.032529548,0.7090427279472351,0.0003,-12.75274849931399,0.3720296223958333,3.201911687850952,478,6.487433513005574,0.006996467617379191
113,8901,64.5193816,82,97.3,1007616,0.9601792693138123,0.2,0.034538276,0.7080349326133728,0.0003,-12.725662799442516,0.3673311121323529,3.559148073196411,481,7.819962666315191,-0.004547882808016285
114,8916,62.19758669,83,94.23,1019904,0.9608136415481567,0.2,0.031775527,0.7068254947662354,0.0003,-12.707178421318531,0.355499267578125,4.860698223114014,484,7.4446787387132645,-0.0028396175148373004
115,8936,56.9365019,84,86.81,1032192,0.9596949815750122,0.2,0.031918313,0.7061371207237244,0.0003,-12.688415558441825,0.35844089673913043,4.8474225997924805,486,8.017601023549618,0.006614161098537886
116,8960,59.209212609999994,85,92.16,1044480,0.9604103565216064,0.2,0.027686773,0.7051265835762024,0.0003,-12.671952922169755,0.33784298780487804,3.849541664123535,487,7.240848227245052,0.014932087622582912
117,8984,60.229612849999995,86,91.86,1056768,0.9652741551399231,0.2,0.028339885,0.7034571170806885,0.0003,-12.646390310147913,0.35022865853658536,3.4270689487457275,488,6.435744366994718,0.01518369874939686
118,9006,62.487827450000005,87,92.9,1069056,0.9630016684532166,0.2,0.025919385,0.7028818130493164,0.0003,-12.62711471060048,0.30655570652173914,2.839632272720337,489,6.536737131035847,0.014593855417131082
119,9021,66.93276971999998,88,97.75,1081344,0.9639001488685608,0.2,0.03236323,0.701558530330658,0.0003,-12.606521775987414,0.36710069444444443,2.7839701175689697,491,6.861560641394721,0.005144819550009237
121,9016,60.63865285,89,93.18,1093632,0.9647369384765625,0.2,0.03664905,0.6990258097648621,0.0003,-12.564729468690025,0.3877766927083333,2.8330535888671875,497,6.647381504376729,-0.023710182859859843
122,9034,64.92513259,90,97.86,1105920,0.9652849435806274,0.2,0.030443728,0.6978912353515625,0.0003,-12.53233237888502,0.33435235507246375,2.805302381515503,499,7.004287788833397,0.007801263758480764
123,9049,57.88809538,91,91.55,1118208,0.963253378868103,0.2,0.028531622,0.6966978907585144,0.0003,-12.51612948287617,0.3612393465909091,3.8332021236419678,501,8.414532325484537,0.005061771635982123
124,9068,64.05074651,92,97.97,1130496,0.9644168615341187,0.2,0.03735315,0.6960757374763489,0.0003,-12.500871474282784,0.3686951754385965,2.961529493331909,503,6.784395719829359,0.012247932617340172
125,9081,63.07937229,93,95.74,1142784,0.9646157026290894,0.2,0.035512593,0.6940463185310364,0.0003,-12.477784692195424,0.37774122807017546,3.9558651447296143,506,6.9342632042734245,0.0009508760270188775
126,9106,63.48539636999999,94,94.9,1155072,0.9607053995132446,0.2,0.02243762,0.6938834190368652,0.0003,-12.453477382659912,0.28431919642857145,4.274819374084473,507,8.378370489392962,0.009466731288869466
127,9123,64.56619459,95,92.86,1167360,0.9655888676643372,0.2,0.035785086,0.692755401134491,0.0003,-12.444568980823863,0.3745434253246753,3.0898070335388184,509,6.811366663350688,0.01098010138088426
129,9144,66.38783041,96,95.2,1179648,0.9647500514984131,0.2,0.043263465,0.6920309066772461,0.0003,-12.422995738983154,0.348515625,4.493795871734619,511,8.401839895248413,0.015033446224406362
130,9146,65.84121948,97,93.9,1191936,0.9679551720619202,0.2,0.034815714,0.6895148754119873,0.0003,-12.392334420217109,0.3841204751131222,3.8049795627593994,516,6.902539561776554,-0.012984967415486525
131,9150,65.21587612,98,95.16,1204224,0.9646747708320618,0.2,0.03866126,0.6886789202690125,0.0003,-12.360406054128514,0.3872021967821782,3.359663248062134,521,7.72496751275393,-0.012225727601400992
133,9144,63.10918821,99,95.24,1216512,0.9598708152770996,0.2,0.040525947,0.6877073645591736,0.0003,-12.34368772467468,0.36863425925925924,3.432642936706543,527,8.351025962044673,-0.01634216066756489
134,9156,71.25460579,100,102.86,1228800,0.9665095806121826,0.2,0.021104552,0.6874313354492188,0.0003,-12.333553075790405,0.2724609375,3.4825003147125244,528,7.573561501502991,0.015500419260933995
135,9153,67.77353749999999,101,98.65,1241088,0.9609432220458984,0.2,0.03387201,0.6854572892189026,0.0003,-12.308677184379707,0.3687433792372881,4.224151134490967,533,8.312492283724122,-0.016609937041382288
136,9172,64.98901019,102,95.27,1253376,0.9663302898406982,0.2,0.022382883,0.6849802136421204,0.0003,-12.290345710256826,0.2977241847826087,4.349790573120117,534,8.621243756750356,0.01688463426620254
137,9194,65.93569787,103,96.9,1265664,0.9673055410385132,0.2,0.019931909,0.6848750114440918,0.0003,-12.284836959838866,0.22734375,4.603274822235107,535,8.764338302612305,0.0008337953127920628
139,9193,65.42355262999999,104,99.27,1277952,0.9600725173950195,0.2,0.03786778,0.6827391982078552,0.0003,-12.259311771392822,0.383328125,4.024437427520752,541,8.45117696762085,-0.015993641279637812
140,9204,67.95323998999999,105,100.47,1290240,0.9660491943359375,0.2,0.02680935,0.6823804378509521,0.0003,-12.239049967597513,0.33088235294117646,3.504135847091675,542,6.923100499545827,0.0177866782006972
141,9221,67.71617058999999,106,103.11,1302528,0.9655728936195374,0.2,0.02760229,0.6814334392547607,0.0003,-12.227095603942871,0.34339488636363635,3.5685698986053467,543,7.960444049401716,0.01827147601976652
142,9228,72.51346954,107,103.11,1314816,0.9620262384414673,0.2,0.038871504,0.6801349520683289,0.0003,-12.204021326295889,0.3742535828025478,4.684030532836914,547,8.056833996134959,-0.007871467990883787
143,9237,71.54399443,108,105.29,1327104,0.966218113899231,0.2,0.031742178,0.6781132817268372,0.0003,-12.170282770605649,0.3732766544117647,3.8596103191375732,550,7.589011781355914,-0.0038021504399640593
144,9243,68.76423715000001,109,100.93,1339392,0.9671225547790527,0.2,0.034782488,0.6783182621002197,0.0003,-12.159275092775859,0.371062748015873,2.9859397411346436,553,7.119105199026683,-0.0009491411481230031
145,9259,70.9896466,110,103.65,1351680,0.9715383648872375,0.2,0.030467547,0.6772284507751465,0.0003,-12.147971375783284,0.36171875,3.5691604614257812,554,7.1326936403910315,0.018634364831571777
147,9273,75.74398615,111,106.87,1363968,0.9685052633285522,0.2,0.03979463,0.6759570240974426,0.0003,-12.129866395677839,0.35616629464285715,3.9099385738372803,556,7.448332054274423,0.013738659484910645
148,9284,71.0107007,112,103.77,1376256,0.9664872884750366,0.2,0.028645314,0.6749401092529297,0.0003,-12.103836708880486,0.3528091755319149,3.226357936859131,557,8.23535003053381,0.020203413580484848
149,9298,71.06552196000001,113,97.06,1388544,0.964584469795227,0.2,0.047246646,0.6743621826171875,0.0003,-12.091773850577217,0.3372130102040816,4.401501178741455,559,9.424405964053406,0.015242115974578321
150,9311,68.11947102,114,97.04,1400832,0.9645860195159912,0.2,0.022836853,0.6741754412651062,0.0003,-12.08262719779179,0.29054418103448276,3.485260248184204,560,8.973217733975115,0.014481025025376985
151,9319,68.14557872,115,95.95,1413120,0.9692306518554688,0.2,0.028554922,0.6733540892601013,0.0003,-12.07076781988144,0.3448079427083333,3.817307949066162,561,8.13436738650004,0.01835629208168636
152,9330,71.17705751,116,101.91,1425408,0.9716875553131104,0.2,0.026502158,0.6728298664093018,0.0003,-12.059196826389858,0.32957589285714284,3.319173812866211,562,7.178993279593332,0.01541802551863449
153,9347,70.85593194,117,98.74,1437696,0.9703672528266907,0.2,0.02753003,0.6721548438072205,0.0003,-12.04914923508962,0.32666015625,4.644289016723633,563,7.250195264816284,0.01646136783529073
154,9363,68.18973604,118,95.08,1449984,0.9689428806304932,0.2,0.028556675,0.6712563633918762,0.0003,-12.034586906433105,0.351953125,4.036007404327393,564,7.870746374130249,0.01800929366921385
155,9380,74.55387687999999,119,102.66,1462272,0.9720036387443542,0.2,0.025822988,0.6709647178649902,0.0003,-12.024014358520509,0.3234375,3.1656763553619385,565,7.51762508392334,0.01366529418155551
157,9390,77.38697331000002,120,106.8,1474560,0.9695536494255066,0.2,0.034485366,0.6690585017204285,0.0003,-12.00368749602767,0.3755165289256198,4.182114124298096,568,8.37478040663664,0.0017519004465935152
158,9402,77.45439225999999,121,109.71,1486848,0.9699532985687256,0.2,0.024567302,0.6682780385017395,0.0003,-11.97769063584348,0.3228058510638298,4.643918037414551,569,8.864804856320644,0.014327150422762683
159,9409,80.14027209,122,109.43,1499136,0.9693323969841003,0.2,0.041804787,0.6671252846717834,0.0003,-11.957124228429313,0.37681502525252525,3.714217185974121,572,8.46415991253323,0.007365615365819799
160,9419,76.52078216999999,123,110.38,1511424,0.9686890840530396,0.2,0.036322743,0.6658467650413513,0.0003,-11.929673212224786,0.36292613636363635,5.155889987945557,574,9.371728038787841,0.01446291111748327
161,9428,78.16556787,124,108.09,1523712,0.9669740796089172,0.2,0.040236853,0.6644113659858704,0.0003,-11.905291500658091,0.35732518564356436,3.3377857208251953,577,8.799267348676626,0.0011694022537310524
162,9436,74.42928273000001,125,107.55,1536000,0.9668679237365723,0.2,0.029082907,0.6634505987167358,0.0003,-11.879163893257699,0.3140720274390244,6.146363258361816,579,10.507050019938772,0.003366336839773306
164,9435,84.56975432000002,126,118.85,1548288,0.9691983461380005,0.2,0.027097786,0.6630215048789978,0.0003,-11.863092347195273,0.3366570723684211,4.264618873596191,580,8.314491899389969,0.014686569448952613
165,9425,74.78191245,127,109.72,1560576,0.9636966586112976,0.2,0.032861404,0.6601840853691101,0.0003,-11.828562270192538,0.3647891773897059,7.274843692779541,586,10.617957258925719,-0.018021733854445356
166,9441,80.15263777,128,107.99,1572864,0.9646350145339966,0.2,0.025603328,0.6593974232673645,0.0003,-11.799923837184906,0.3062744140625,5.28890323638916,587,10.137791767716408,0.014967335242545232
167,9453,81.45702648,129,110.09,1585152,0.9701352715492249,0.2,0.029136932,0.6587681174278259,0.0003,-11.78649373849233,0.3610026041666667,5.041621208190918,588,9.864705433448156,0.023001062489735585
168,9468,85.72504594999998,130,113.15,1597440,0.9672250747680664,0.2,0.024141734,0.6582785844802856,0.0003,-11.777856334563225,0.3063256048387097,6.332095146179199,589,9.205540703188989,0.011478553293272853
169,9482,82.12504703999998,131,109.58,1609728,0.9694482684135437,0.2,0.020707436,0.6581107378005981,0.0003,-11.77193849736994,0.2517755681818182,6.408576488494873,590,11.145601445978338,0.010336597958071665
170,9493,85.35542619,132,114.96,1622016,0.9745734930038452,0.2,0.029139014,0.6577898859977722,0.0003,-11.763460057847043,0.35305851063829785,3.5738770961761475,591,8.16436103049745,0.016517294917572686
171,9505,86.06189608999999,133,117.43,1634304,0.9718177318572998,0.2,0.045145873,0.6576802730560303,0.0003,-11.764871344274404,0.3541932397959184,5.3768134117126465,593,9.975877722915339,0.017286163659728303
173,9505,82.38012232999999,134,113.32,1646592,0.9675379991531372,0.2,0.039119955,0.6555902361869812,0.0003,-11.741073803025849,0.3516222895408163,4.836923122406006,598,11.086499180112567,-0.011475859205143489
174,9516,81.98373503,135,110.55,1658880,0.9681223630905151,0.2,0.03582652,0.6552687287330627,0.0003,-11.71805804383521,0.3241421568627451,4.769810199737549,600,10.276163017048555,0.01616006926176887
175,9530,95.78271068999999,136,126.03,1671168,0.972223699092865,0.2,0.021768,0.6551874279975891,0.0003,-11.714138401879204,0.2782118055555556,5.219079494476318,601,9.529093927807278,0.012212419675456153
176,9523,87.47797709000002,137,123.97,1683456,0.9671789407730103,0.2,0.0370857,0.6542267799377441,0.0003,-11.706811560700272,0.3864988617549669,4.64132022857666,608,10.41982435074863,-0.01768419610194566
177,9532,88.64169645,138,119.79,1695744,0.9681552052497864,0.2,0.028197983,0.6540223956108093,0.0003,-11.69815312899076,0.33804086538461536,5.722057819366455,609,10.079036810459234,0.014341524300666956
178,9544,93.52647630999999,139,127.71,1708032,0.9721937775611877,0.2,0.026172314,0.6535801887512207,0.0003,-11.690643815433278,0.2971047794117647,5.543076992034912,610,9.687691716586842,0.015598304350586498
180,9556,97.31973767,140,124.91,1720320,0.9693756103515625,0.2,0.029024929,0.6524307727813721,0.0003,-11.675622391700745,0.353515625,5.948980808258057,611,12.020751357078552,0.01586943737929687
181,9555,83.16325173999999,141,111.02,1732608,0.9660138487815857,0.2,0.033237398,0.6508776545524597,0.0003,-11.644840320787932,0.38445723684210525,4.248687267303467,615,11.547713274704783,-0.009052501702191015
182,9566,93.82278894,142,123.36,1744896,0.9704102873802185,0.2,0.019807436,0.6506938338279724,0.0003,-11.632843160629273,0.238671875,5.2422380447387695,616,10.189743208885194,0.012578708468936384
183,9576,85.87560965,143,112.71,1757184,0.9673977494239807,0.2,0.020491356,0.6506120562553406,0.0003,-11.631865577697754,0.26515625,7.990462303161621,617,13.024191169738769,0.01736783454194665
184,9583,92.61005233,144,123.59,1769472,0.9685030579566956,0.2,0.038173664,0.6485914587974548,0.0003,-11.611307450060574,0.35042010613207547,6.644204616546631,620,11.602837504081005,0.002952915141886135
185,9584,99.95919152000002,145,127.6,1781760,0.9694666266441345,0.2,0.032782763,0.6482258439064026,0.0003,-11.594181880145007,0.36022777288732394,4.8892951011657715,623,10.635052801857531,-0.002413396949020647
187,9587,98.09046122,146,130.66,1794048,0.9703345894813538,0.2,0.039056517,0.6480550765991211,0.0003,-11.589957160949707,0.3563671875,6.7163310050964355,626,12.86943468093872,0.0022151871956884862
188,9593,104.62264293000003,147,140.29,1806336,0.9722351431846619,0.2,0.030470049,0.6463584303855896,0.0003,-11.567958380046644,0.3481907894736842,4.478544235229492,628,10.419249675148412,0.0039767030749077855
189,9589,101.87721006999999,148,138.33,1818624,0.9660525918006897,0.2,0.040791236,0.6451268792152405,0.0003,-11.541237776396704,0.3759125256147541,5.243284225463867,634,13.005307862016021,-0.012699706457959885
190,9600,102.13955868000001,149,132.77,1830912,0.9699819087982178,0.2,0.022175882,0.6447715163230896,0.0003,-11.525270837726016,0.2858664772727273,6.711818218231201,635,12.89323566899155,0.012019097297029062
192,9599,103.45863951999999,150,145.03,1843200,0.9669644832611084,0.2,0.035885125,0.6440685391426086,0.0003,-11.511847610657032,0.3650090144230769,5.125921726226807,640,12.293417900800705,-0.010852473199170513
193,9610,106.63682322000003,151,146.05,1855488,0.9661350846290588,0.2,0.021758651,0.643987238407135,0.0003,-11.504805870056153,0.2815625,6.214278697967529,641,14.63525707244873,0.01403456211090088
194,9615,120.7003525,152,165.47,1867776,0.9692413806915283,0.2,0.038230363,0.642975926399231,0.0003,-11.493030403599594,0.3650173611111111,7.989879131317139,644,14.759062160145152,0.0059713909491859
195,9605,135.44372271,153,183.38,1880064,0.9594045877456665,0.2,0.035978206,0.6411613821983337,0.0003,-11.461957805257448,0.3825924295774648,7.358579158782959,652,15.922461678948201,-0.023155530473925698
196,9618,133.47442932,154,182.07,1892352,0.9627615809440613,0.2,0.020501949,0.6410027146339417,0.0003,-11.445342302322388,0.2737630208333333,9.269232749938965,653,18.656104286511738,0.008992949442472309
198,9601,110.34467454,155,155.56,1904640,0.9626380205154419,0.2,0.040711198,0.638670027256012,0.0003,-11.41273361023575,0.38769753701594534,7.570697784423828,663,15.838630402549796,-0.027636663520449863
199,9610,130.14437175999998,156,170.5,1916928,0.9708595275878906,0.2,0.021571763,0.6385273337364197,0.0003,-11.39646782875061,0.273046875,4.851971626281738,664,13.023031949996948,0.012007368076592684
200,9612,149.25393085999997,157,194.25,1929216,0.970087468624115,0.2,0.04667099,0.6388748288154602,0.0003,-11.39871646618021,0.35619612068965517,12.37951374053955,668,16.238686430043188,-0.0037853178921444662
202,9600,141.24432351000002,158,191.4,1941504,0.9619783163070679,0.2,0.034368016,0.635336697101593,0.0003,-11.360448369440043,0.3615738011006289,9.635475158691406,675,18.729674936090625,-0.0223128578095527
203,9604,153.68039780000004,159,211.85,1953792,0.9648727774620056,0.2,0.02124127,0.6351373791694641,0.0003,-11.334576520052822,0.2801846590909091,10.238238334655762,676,19.646719108928334,0.012777196074073965
204,9593,186.27253747999998,160,245.63,1966080,0.957205057144165,0.2,0.035837315,0.6327363848686218,0.0003,-11.308253993158756,0.3542668269230769,8.648786544799805,683,20.058308004934254,-0.01900286758458709
206,9584,185.46172132000004,161,244.96,1978368,0.9630827307701111,0.2,0.035692967,0.6321105360984802,0.0003,-11.287872358085282,0.3667917687908497,11.517633438110352,690,19.984138931324278,-0.01954112624904762
207,9592,193.32135521000004,162,264.52,1990656,0.9662253260612488,0.2,0.028862352,0.631530225276947,0.0003,-11.277987135217545,0.35555186170212766,7.249483108520508,691,16.21348222773126,0.01726498627202942
208,9587,215.86238339,163,292.88,2002944,0.9566358327865601,0.2,0.028584158,0.6299671530723572,0.0003,-11.253539473145873,0.3374184409340659,10.111677169799805,695,23.8771122104519,-0.010073763526884
210,9582,218.85162843999998,164,286.13,2015232,0.9608689546585083,0.2,0.036598008,0.6278995871543884,0.0003,-11.21855867751921,0.3708767361111111,11.980796813964844,700,20.539343516031902,-0.010999203459688961
211,9581,194.64660521000002,165,253.12,2027520,0.9598304033279419,0.2,0.024483157,0.6276410222053528,0.0003,-11.197044950543027,0.3119081439393939,9.790396690368652,701,21.896448684461188,0.01487404884149631
212,9580,199.98486712000002,166,254.07,2039808,0.9665307998657227,0.2,0.02723269,0.6269322633743286,0.0003,-11.183263680873774,0.3425480769230769,12.010360717773438,702,22.074408751267654,0.01465594415099193
214,9587,217.42326305999998,167,277.94,2052096,0.9639110565185547,0.2,0.025606416,0.6267556548118591,0.0003,-11.17635637919108,0.3201822916666667,14.584736824035645,703,25.79480921427409,0.009195024132107694
215,9589,235.11266281999997,168,305.41,2064384,0.9616894721984863,0.2,0.03997308,0.6262726783752441,0.0003,-11.167272358848935,0.35461309523809526,11.308635711669922,706,23.37663746788388,0.004097678601032211
216,9596,275.95937917,169,353.26,2076672,0.9572733044624329,0.2,0.022522276,0.6259869337081909,0.0003,-11.16034924356561,0.29851973684210525,10.863893508911133,707,26.75095894462184,0.013396453161380793
217,9599,271.59669555999994,170,355.73,2088960,0.9543262124061584,0.2,0.029433131,0.624064028263092,0.0003,-11.13591718673706,0.3630336707746479,12.740452766418457,710,23.496166323272274,-0.0036477449966568344
218,9604,274.90965881,171,354.54,2101248,0.963255763053894,0.2,0.03305271,0.6221857666969299,0.0003,-11.099422044651483,0.38323252688172044,9.7763671875,712,22.830401953830513,0.007159899855132705
219,9612,247.34154017,172,330.25,2113536,0.9662507772445679,0.2,0.020880595,0.6217845678329468,0.0003,-11.080964777204725,0.2523871527777778,12.750961303710938,713,23.19876215193007,0.013197078498908214
221,9615,242.69574161999998,173,326.76,2125824,0.9706898927688599,0.2,0.03280348,0.6208449006080627,0.0003,-11.068398072984483,0.3796875,10.627649307250977,714,19.74558440314399,0.022384898447328144
222,9621,256.93032406,174,339.99,2138112,0.9606319069862366,0.2,0.027741242,0.6206655502319336,0.0003,-11.057388264199961,0.345023777173913,10.807064056396484,715,24.53296188686205,0.015839917241069285
223,9624,269.19342307,175,357.15,2150400,0.960968554019928,0.2,0.03524079,0.6200306415557861,0.0003,-11.046414057413736,0.37220982142857145,13.505315780639648,717,23.01848602294922,0.009663842078889645
224,9628,281.11812355999996,176,382.88,2162688,0.9542227983474731,0.2,0.024099018,0.6196221113204956,0.0003,-11.03853502506163,0.3192644817073171,11.72982406616211,718,25.48095303046994,0.011868855382156809
225,9636,270.89636004,177,386.79,2174976,0.9621659517288208,0.2,0.02409104,0.6195670962333679,0.0003,-11.035289883613586,0.282958984375,7.971750736236572,719,18.10906308889389,0.013145895209163427
226,9642,285.93253498999997,178,413.2,2187264,0.956293523311615,0.2,0.028281793,0.6191548109054565,0.0003,-11.030316726021145,0.3333899456521739,13.106330871582031,720,24.56782863451087,0.010208399885374567
227,9647,316.65129278999996,179,456.99,2199552,0.9726819396018982,0.2,0.031545557,0.6184608936309814,0.0003,-11.017808697440408,0.3581321022727273,9.46511459350586,721,17.83050012588501,0.016786006702618164
229,9652,319.82302294000004,180,449.4,2211840,0.9647062420845032,0.2,0.024145696,0.6182911396026611,0.0003,-11.01083501180013,0.2638888888888889,8.031611442565918,722,23.113254017300076,0.004840097907516692
230,9656,331.80355674000003,181,438.72,2224128,0.958703875541687,0.2,0.02875137,0.6180837750434875,0.0003,-11.006609153747558,0.35055803571428573,9.713057518005371,723,25.000582586015973,0.0164936420374683
231,9662,317.49847431999996,182,402.31,2236416,0.9703123569488525,0.2,0.017780054,0.6180667877197266,0.0003,-11.005639856511896,0.2198153409090909,10.496013641357422,724,23.862436814741656,0.007193148559467359
232,9668,321.79009314,183,409.25,2248704,0.9674533009529114,0.2,0.025656847,0.6169220805168152,0.0003,-10.993935267130533,0.3262219551282051,7.041873931884766,725,19.29225386106051,0.014125272177923948
233,9673,325.02485234,184,436.11,2260992,0.9629862904548645,0.2,0.026759807,0.6158567070960999,0.0003,-10.971375846862793,0.33623046875,10.4530029296875,726,20.04842185974121,0.015801358688622712
234,9681,353.7836816899999,185,476.16,2273280,0.9788749814033508,0.2,0.028754845,0.615404486656189,0.0003,-10.954398904527936,0.3203125,7.798342704772949,727,13.832721982683454,0.013508828356862068
235,9690,349.9508302399999,186,496.69,2285568,0.9727145433425903,0.2,0.024420857,0.615100085735321,0.0003,-10.945924152027477,0.2947443181818182,4.546100616455078,728,8.393985444849188,0.014346842654049397
236,9700,365.7178635400001,187,514.11,2297856,0.975335419178009,0.2,0.026174873,0.6150469779968262,0.0003,-10.9430144627889,0.2890625,9.007040977478027,729,14.01558886633979,0.01517216737071673
237,9708,412.00873523,188,560.41,2310144,0.9701226949691772,0.2,0.029527813,0.6151831150054932,0.0003,-10.943283694131035,0.35770089285714285,7.935533046722412,730,18.315970148359025,0.017063809409072355
239,9716,419.04016316,189,562.53,2322432,0.9800176620483398,0.2,0.027560761,0.6149232983589172,0.0003,-10.940727458280676,0.32766544117647056,4.014505386352539,731,10.783416916342343,0.019941072253619924
240,9725,419.65730956999994,190,546.95,2334720,0.9668083786964417,0.2,0.031837467,0.614799976348877,0.0003,-10.937054129207835,0.3642003676470588,5.273028373718262,732,14.506603409262265,0.016013580757905457
241,9734,442.72620148999994,191,577.18,2347008,0.9700756669044495,0.2,0.019526701,0.6146973371505737,0.0003,-10.933587908744812,0.22265625,8.442270278930664,733,18.816980838775635,0.0077297204406932
242,9743,455.35179795,192,590.58,2359296,0.9815701842308044,0.2,0.018410778,0.6145464777946472,0.0003,-10.930717574225532,0.2222222222222222,3.661140203475952,734,9.117784129248726,0.009487117951114973
243,9751,468.89531822000004,193,610.07,2371584,0.9783793091773987,0.2,0.024500525,0.6144089102745056,0.0003,-10.927032709121704,0.302734375,5.010356426239014,735,13.106032927831015,0.01560884170855085
244,9760,459.59811881999997,194,605.29,2383872,0.977118968963623,0.2,0.018733729,0.6143395304679871,0.0003,-10.925708198547364,0.21640625,5.219842910766602,736,10.698531150817871,0.0059853076934814455
245,9768,459.64785094000007,195,609.5,2396160,0.9626626372337341,0.2,0.015690487,0.6141050457954407,0.0003,-10.922517895698547,0.18017578125,8.271660804748535,737,20.904569149017334,0.0042587543139234185
246,9776,495.02097311000006,196,638.35,2408448,0.9692537188529968,0.2,0.02256117,0.6139293313026428,0.0003,-10.918310899000902,0.27493990384615385,9.640984535217285,738,16.56932280613826,0.014703603891225962
247,9784,516.2593023100001,197,657.42,2420736,0.9682192206382751,0.2,0.022860285,0.6137599349021912,0.0003,-10.914540184868706,0.2582465277777778,5.186296463012695,739,11.342788060506185,0.005650564821230041
248,9792,496.34841364,198,642.65,2433024,0.9731214642524719,0.2,0.021812243,0.6134641170501709,0.0003,-10.91015919049581,0.2867838541666667,6.038479804992676,740,10.503776788711548,0.008088899659924209
249,9800,491.59273526,199,622.08,2445312,0.9692445397377014,0.2,0.02213325,0.6132739186286926,0.0003,-10.905339534466084,0.25390625,8.842174530029297,741,18.42215317946214,0.013940587317427764
250,9808,493.42750791000003,200,640.28,2457600,0.970054566860199,0.2,0.024565889,0.6127920150756836,0.0003,-10.898932933807373,0.3041015625,6.060009479522705,742,18.020012664794923,0.012466102233156562
251,9815,491.17957264000006,201,635.18,2469888,0.9677441120147705,0.2,0.028768873,0.612160861492157,0.0003,-10.887576421101889,0.3445638020833333,9.861043930053711,743,17.54187063376109,0.014271560047442714
252,9823,476.37778431,202,613.72,2482176,0.9727387428283691,0.2,0.019201074,0.6119775176048279,0.0003,-10.8799344168769,0.2300347222222222,6.569411277770996,744,10.199659824371338,0.00962426182296541
253,9831,511.25017457999996,203,649.38,2494464,0.975456178188324,0.2,0.024578013,0.611674427986145,0.0003,-10.875989278157553,0.2783203125,6.414001941680908,745,12.814063866933187,0.00949198535333077
254,9838,512.5867659,204,656.23,2506752,0.9740533828735352,0.2,0.025462365,0.611110270023346,0.0003,-10.867393242685418,0.3209292763157895,6.194987773895264,746,13.260280759711014,0.013083609139644787
255,9842,557.7109719199999,205,678.65,2519040,0.978908360004425,0.2,0.028971702,0.610580563545227,0.0003,-10.854304366641575,0.3328993055555556,6.462601661682129,747,13.15781339009603,0.01593931601382792
256,9850,595.58233272,206,722.35,2531328,0.9658461809158325,0.2,0.02221205,0.610438346862793,0.0003,-10.847628593444824,0.2626953125,6.578248977661133,748,15.43600583076477,0.008747835294343531
258,9856,596.2417206299999,207,728.37,2543616,0.9739539623260498,0.2,0.026521143,0.6099323630332947,0.0003,-10.84156558627174,0.31287202380952384,3.1562561988830566,749,8.111441430591402,0.014494721600342365
259,9863,622.6125251300001,208,759.76,2555904,0.9786983132362366,0.2,0.024651257,0.6099457144737244,0.0003,-10.83666721979777,0.2786458333333333,3.85520076751709,750,11.57191022237142,0.009551449834058682
260,9871,606.9904939,209,756.02,2568192,0.988074779510498,0.2,0.014903312,0.609849750995636,0.0003,-10.836523532867432,0.177734375,2.6840150356292725,751,6.703742106755574,0.005422088356378178
261,9878,581.24679649,210,729.99,2580480,0.9850106835365295,0.2,0.0254613,0.6097578406333923,0.0003,-10.834508538246155,0.29541015625,7.386871814727783,752,13.08415949344635,0.013590119022410363
262,9885,579.76265686,211,744.28,2592768,0.9835676550865173,0.2,0.021125082,0.6096355319023132,0.0003,-10.832100323268346,0.23325892857142858,4.067864418029785,753,9.387892041887556,0.0022728965351624148
263,9892,553.60557878,212,720.73,2605056,0.988365650177002,0.2,0.02582735,0.6092385053634644,0.0003,-10.826486984888712,0.3069661458333333,2.5070254802703857,754,5.650272826353709,0.00973003349887828
264,9899,570.32450309,213,726.26,2617344,0.9828926920890808,0.2,0.025534237,0.6090588569641113,0.0003,-10.820081520080567,0.27890625,3.8411874771118164,755,10.915649604797363,0.014040232077240944
265,9906,563.8104139799999,214,709.3,2629632,0.9814841747283936,0.2,0.024932645,0.608823835849762,0.0003,-10.816220707363552,0.2756076388888889,4.06202507019043,756,8.93944067425198,0.008415915434145264
266,9913,553.4434842300001,215,703.58,2641920,0.9831180572509766,0.2,0.027858756,0.6085593104362488,0.0003,-10.810671679178874,0.32369791666666664,4.271512508392334,757,8.559816328684489,0.018661333620548247
267,9920,471.80888205999986,216,581.79,2654208,0.9727283120155334,0.2,0.020455124,0.6084356904029846,0.0003,-10.806700229644775,0.232421875,7.866608619689941,758,18.166583220163982,0.00900408742018044
269,9904,422.6124353200001,217,527.26,2666496,0.9564708471298218,0.2,0.03241709,0.6067458987236023,0.0003,-10.788905217250187,0.36630045572916664,10.671904563903809,768,28.23177727262179,-0.032698536249032864
270,9911,406.50616029,218,499.18,2678784,0.9749342799186707,0.2,0.02754089,0.6064887046813965,0.0003,-10.770774629380968,0.3172743055555556,8.317463874816895,769,14.787401464250353,0.019059049896895885
271,9918,448.03034455,219,532.84,2691072,0.9802361726760864,0.2,0.027378945,0.6057758927345276,0.0003,-10.760343883348549,0.3265964673913043,5.239498138427734,770,15.458778256955354,0.01673758256694545
272,9925,492.35904353999996,220,579.28,2703360,0.9852595329284668,0.2,0.026922137,0.6056753993034363,0.0003,-10.752740383148193,0.296484375,4.515049934387207,771,8.626505184173585,0.02358450312167406
273,9932,533.7945570799999,221,631.04,2715648,0.9839093089103699,0.2,0.031784426,0.6055221557617188,0.0003,-10.750988864898682,0.3375,6.544229030609131,772,9.92241621017456,0.014394287765026093
274,9939,532.04524642,222,629.75,2727936,0.9756506681442261,0.2,0.02361603,0.6053300499916077,0.0003,-10.747566032409669,0.2390625,5.133045673370361,773,12.238407516479493,0.01631014351733029
275,9946,551.33291381,223,643.16,2740224,0.9666380882263184,0.2,0.02734491,0.6049427390098572,0.0003,-10.740676879882812,0.3170572916666667,15.24454116821289,774,30.860626962449814,0.008756671126724945
276,9952,559.7521903,224,657.98,2752512,0.9800077676773071,0.2,0.022680003,0.6048476099967957,0.0003,-10.736176133155823,0.281982421875,7.619266986846924,775,14.145244598388672,0.004535639483947307
277,9959,520.8375160899999,225,618.33,2764800,0.9795176982879639,0.2,0.023989411,0.6047015190124512,0.0003,-10.734377934382511,0.27884615384615385,5.583801746368408,776,10.958641015566313,0.012927179260609241
278,9965,509.05118291000014,226,596.06,2777088,0.9791154265403748,0.2,0.024562756,0.6045918464660645,0.0003,-10.730907821655274,0.283203125,8.065933227539062,777,13.993820285797119,0.010306639410555363
279,9971,513.15424417,227,615.94,2789376,0.9805442690849304,0.2,0.025787378,0.6042125225067139,0.0003,-10.72590212388472,0.3220880681818182,5.274242401123047,778,12.013760826804422,0.014923417517407373
280,9977,564.9419236,228,666.53,2801664,0.9752370119094849,0.2,0.024569597,0.6041108965873718,0.0003,-10.719800063541957,0.29408482142857145,6.628353118896484,779,15.906644753047399,0.015864458167925477
281,9984,518.94003404,229,613.69,2813952,0.9853808879852295,0.2,0.022950867,0.604074239730835,0.0003,-10.719274626837837,0.2743055555555556,5.025275230407715,780,7.25570027033488,0.010821765288710594
282,9991,523.24807162,230,601.26,2826240,0.9748786091804504,0.2,0.023806801,0.6040103435516357,0.0003,-10.71789026260376,0.2565104166666667,6.991896152496338,781,20.7364403406779,0.025822002595911425
283,9995,537.77111969,231,610.85,2838528,0.9664850234985352,0.2,0.023465306,0.6038843989372253,0.0003,-10.715954446792603,0.302734375,11.375550270080566,782,23.62004346847534,0.00858266243012622
285,10002,598.91146742,232,665.23,2850816,0.9790137410163879,0.2,0.025692552,0.6036734580993652,0.0003,-10.712461818348277,0.3103693181818182,4.589389801025391,783,8.48719614202326,0.012696757341142405
286,10008,568.6894471500001,233,639.34,2863104,0.9803359508514404,0.2,0.021679133,0.6036164164543152,0.0003,-10.709392738342284,0.253125,4.711893558502197,784,8.179732513427734,0.01514781266450882
287,10013,565.08131217,234,637.92,2875392,0.9781441688537598,0.2,0.022939933,0.6036028861999512,0.0003,-10.707605242729187,0.26806640625,9.441163063049316,785,17.8740451335907,0.012776601826772094
288,10019,613.48923405,235,685.99,2887680,0.9773913025856018,0.2,0.019794727,0.6036519408226013,0.0003,-10.707252383232117,0.24267578125,6.691829681396484,786,15.272269248962402,0.007333018002100289
289,10025,630.5200689600001,236,721.42,2899968,0.9887111186981201,0.2,0.025638452,0.6035973429679871,0.0003,-10.707403182983398,0.296875,2.8028388023376465,787,5.575447940826416,0.017678298894315957
290,10031,638.20482992,237,740.75,2912256,0.9881051778793335,0.2,0.018886754,0.6035566926002502,0.0003,-10.70561580657959,0.2203125,7.140548229217529,788,8.739938068389893,0.0038361331447958947
291,10037,636.44887669,238,763.26,2924544,0.9878307580947876,0.2,0.018800193,0.6033374071121216,0.0003,-10.703278064727783,0.2177734375,2.569949150085449,789,5.188198029994965,0.018187326146289706
292,10043,656.3375313800002,239,810.21,2936832,0.9869939684867859,0.2,0.02227714,0.6032570004463196,0.0003,-10.69896183013916,0.2421875,4.536235332489014,790,5.677126884460449,0.0048005286604166034
293,10049,651.37535744,240,818.66,2949120,0.9902948141098022,0.2,0.018724933,0.603205144405365,0.0003,-10.697461700439453,0.225,1.4151667356491089,791,3.968008804321289,0.009192248806357384
294,10055,651.3917162500001,241,838.22,2961408,0.983579695224762,0.2,0.028483424,0.6031145453453064,0.0003,-10.69548511505127,0.26953125,4.757125377655029,792,8.933214378356933,0.022369023598730563
295,10061,617.5586259999999,242,815.31,2973696,0.985165536403656,0.2,0.0244491,0.6030483841896057,0.0003,-10.693422317504883,0.2885044642857143,3.901214361190796,793,7.760932445526123,0.0020721261389553547
296,10066,619.7351721299999,243,806.76,2985984,0.9873720407485962,0.2,0.028076114,0.6029090285301208,0.0003,-10.690863529841105,0.3352864583333333,3.5937838554382324,794,7.253117760022481,0.017189845462174464
297,10072,614.30682733,244,781.76,2998272,0.9835017919540405,0.2,0.02315776,0.6029415130615234,0.0003,-10.689298629760742,0.25,6.864651203155518,795,10.918643951416016,0.01087582262698561
298,10078,627.8077515399999,245,786.64,3010560,0.9795039296150208,0.2,0.025701065,0.6028656959533691,0.0003,-10.688257081168038,0.2935267857142857,5.039928436279297,796,14.052848543439593,0.01665082573890686
