time/fps,time/time_elapsed,time/iterations,rollout/ep_rew_mean,time/total_timesteps,rollout/ep_len_mean,train/learning_rate,train/loss,train/std,train/clip_range,train/policy_gradient_loss,train/value_loss,train/approx_kl,train/explained_variance,train/clip_fraction,train/n_updates,train/entropy_loss
11992,1,1,-2.6064474200000003,12288,61.53,,,,,,,,,,,
8891,2,2,-3.7656426,24576,61.31,0.0003,1.5696874856948853,0.9948630332946777,0.2,-0.019632260395640817,3.3629628375172613,0.015006269,-0.047406911849975586,0.1864990234375,10,-16.98095196088155
8262,4,3,-2.5489242099999996,36864,61.62,0.0003,1.5344239473342896,0.987587034702301,0.2,-0.022730430810770485,3.1061012243231136,0.016392859,0.12934714555740356,0.19148763020833334,20,-16.899389521280924
7975,6,4,-2.77705154,49152,62.35,0.0003,1.603956937789917,0.9802969098091125,0.2,-0.025381096015432075,3.369619047145049,0.017037021,0.1753501296043396,0.210986328125,30,-16.804082906246187
7814,7,5,-1.1629029000000002,61440,63.33,0.0003,1.4529445171356201,0.9767764210700989,0.2,-0.026314585468693016,3.136365025738875,0.018277526,0.23388570547103882,0.22974446614583333,40,-16.76128815015157
7707,9,6,-1.6606961900000001,73728,64.89,0.0003,1.5577458143234253,0.9727122187614441,0.2,-0.02660492441985601,3.2967165594299632,0.019932944,0.2907797694206238,0.23868815104166666,50,-16.70541268189748
7642,11,7,-1.0995050300000002,86016,62.37,0.0003,1.4194942712783813,0.9673654437065125,0.2,-0.029276714826119134,3.1971712773044905,0.022193298,0.334933340549469,0.25738932291666666,60,-16.63901468515396
7582,12,8,0.19295035999999974,98304,62.97,0.0003,1.141710877418518,0.9624061584472656,0.2,-0.03018349446138018,2.78456051448981,0.02399741,0.3948749899864197,0.28338216145833334,70,-16.570406424999238
7552,14,9,0.8629726699999999,110592,62.7,0.0003,1.113333821296692,0.9550864696502686,0.2,-0.03195654302059362,2.6548414051532747,0.024063125,0.4988863468170166,0.2852701822916667,80,-16.493075720469157
7521,16,10,0.8823366500000002,122880,62.8,0.0003,1.1823334693908691,0.9510200619697571,0.2,-0.033547782065579665,2.4136892216900985,0.02369207,0.5636748671531677,0.29295247395833335,90,-16.42762871980667
7492,18,11,2.20541196,135168,63.22,0.0003,0.9574365615844727,0.9440919756889343,0.2,-0.03474859484122135,2.4467622518539427,0.025942812,0.5760746002197266,0.30596516927083334,100,-16.347080250581104
7485,19,12,2.32314772,147456,62.15,0.0003,0.9116523265838623,0.9383885264396667,0.2,-0.0331388271258523,2.147350819905599,0.026592242,0.6553052663803101,0.31319986979166664,110,-16.271827232837676
7450,21,13,1.03689442,159744,62.3,0.0003,0.9762250781059265,0.9318666458129883,0.2,-0.03419240792766989,2.11036948983868,0.02786089,0.6923842430114746,0.331640625,120,-16.186004674434663
7440,23,14,3.00871142,172032,61.81,0.0003,0.7791123390197754,0.9254717826843262,0.2,-0.03556303861259948,2.056928483893474,0.02849216,0.7027140855789185,0.3291422526041667,130,-16.10029809077581
7435,24,15,2.6811882700000003,184320,62.45,0.0003,0.7095175385475159,0.9197835922241211,0.2,-0.03693631428274481,1.9198102243244648,0.030447617,0.7221364974975586,0.33499348958333336,140,-16.020937287807463
7429,26,16,4.803277860000001,196608,64.46,0.0003,0.8237218260765076,0.9130436778068542,0.2,-0.03674072265130235,2.0121671872834366,0.030663798,0.744470477104187,0.34706217447916665,150,-15.929587680101395
7425,28,17,4.38904132,208896,63.7,0.0003,0.9388303756713867,0.9071448445320129,0.2,-0.037533179255842694,2.0807805389165877,0.031581167,0.7710223197937012,0.34860026041666664,160,-15.845244880517324
7418,29,18,4.356741850000001,221184,62.43,0.0003,0.7399348020553589,0.904170036315918,0.2,-0.036037158688607934,2.070520602663358,0.03232855,0.794944167137146,0.3519205729166667,170,-15.79315615693728
7416,31,19,5.60704188,233472,64.22,0.0003,0.7887774109840393,0.8983508944511414,0.2,-0.03806449804105796,2.1075078854958216,0.031909198,0.7884106636047363,0.36329752604166665,180,-15.724933820962907
7413,33,20,6.585463520000001,245760,64.88,0.0003,1.0136890411376953,0.8903432488441467,0.2,-0.03995181057640972,2.1483102915187677,0.033002567,0.7956230640411377,0.3699462890625,190,-15.616248818238576
7410,34,21,7.183543790000001,258048,63.38,0.0003,0.881827175617218,0.8843042850494385,0.2,-0.04094764780699431,2.1559191214541595,0.03768046,0.8110685348510742,0.38218587239583335,200,-15.523721458514531
7408,36,22,7.77337285,270336,64.92,0.0003,0.7920197248458862,0.8761999011039734,0.2,-0.038677295940578914,2.054778139044841,0.037768003,0.8246228098869324,0.38758951822916665,210,-15.41385285059611
7409,38,23,7.819762889999998,282624,65.14,0.0003,1.0454738140106201,0.8689089417457581,0.2,-0.04003495277332452,2.155040562897921,0.03495194,0.8329637050628662,0.37876790364583335,220,-15.306976195176443
7409,39,24,8.40627282,294912,67.53,0.0003,0.719238817691803,0.8622112274169922,0.2,-0.03822487636643927,2.1797883016367754,0.037394624,0.8256427049636841,0.38665364583333334,230,-15.21242295106252
7406,41,25,8.22025697,307200,66.78,0.0003,0.7984866499900818,0.8549395203590393,0.2,-0.04133359106102338,1.927077226837476,0.0420959,0.8598702549934387,0.41763509114583336,240,-15.104245177904765
7403,43,26,9.23607788,319488,64.8,0.0003,0.7947219610214233,0.8498079776763916,0.2,-0.04133362177041514,2.034802228709062,0.040856358,0.857252836227417,0.40516764322916665,250,-15.016561514139175
7402,44,27,9.91282844,331776,66.28,0.0003,0.8293497562408447,0.842529833316803,0.2,-0.04313330421670495,2.1794808002809685,0.040608674,0.85780930519104,0.41000162760416664,260,-14.915320833524069
7398,46,28,9.40206127,344064,64.52,0.0003,0.8784112334251404,0.8359355926513672,0.2,-0.04072867765498813,2.307955938577652,0.041253787,0.8516824841499329,0.39247233072916665,270,-14.816789364814758
7397,48,29,10.33440261,356352,66.95,0.0003,0.9350458383560181,0.8298311829566956,0.2,-0.04169563281466253,2.1238957529266673,0.04269327,0.869416356086731,0.414892578125,280,-14.713084604342779
7385,49,30,10.099138070000002,368640,67.24,0.0003,0.9264591336250305,0.822969913482666,0.2,-0.042824915927485566,1.8625251648326715,0.048920944,0.8754739165306091,0.4502034505208333,290,-14.61154065132141
7386,51,31,12.80061013,380928,69.02,0.0003,1.0091381072998047,0.8179523944854736,0.2,-0.042678014655636316,2.1650720549126468,0.046484124,0.8679648637771606,0.422900390625,300,-14.528669104973476
7388,53,32,12.956898160000001,393216,67.6,0.0003,0.6936110258102417,0.8114104270935059,0.2,-0.04533494487113785,2.1105604844788712,0.045664668,0.8885779976844788,0.4330647786458333,310,-14.42551004687945
7391,54,33,12.61851213,405504,66.16,0.0003,0.8986778259277344,0.805352509021759,0.2,-0.0434262534409451,2.124408294260502,0.047006536,0.8831495046615601,0.44130045572916665,320,-14.327526730298995
7389,56,34,13.623040009999997,417792,64.94,0.0003,0.8489667177200317,0.7999601364135742,0.2,-0.04465137444979821,1.8355434017876784,0.050924093,0.9030923247337341,0.4649739583333333,330,-14.233909543355306
7390,58,35,14.664301320000002,430080,66.6,0.0003,0.8045961260795593,0.7940425872802734,0.2,-0.045115636555419766,2.042284892499447,0.05051287,0.9007015824317932,0.46111653645833334,340,-14.143968969583511
7391,59,36,14.84492708,442368,66.35,0.0003,1.0737303495407104,0.7879714369773865,0.2,-0.04331775734220476,2.171786302824815,0.04692,0.9037634134292603,0.43846028645833335,350,-14.036249279975891
7393,61,37,15.404510409999999,454656,66.19,0.0003,0.918628454208374,0.7810573577880859,0.2,-0.04465496457414701,2.0458443157374857,0.051128726,0.9139907360076904,0.45654296875,360,-13.927368307113648
7396,63,38,16.50301926,466944,67.26,0.0003,1.0277327299118042,0.7758247256278992,0.2,-0.0445861325225754,2.0916606473426023,0.052511584,0.9117597341537476,0.4687418619791667,370,-13.826625710725784
7399,64,39,16.93977674,479232,66.94,0.0003,0.9779548048973083,0.7708632349967957,0.2,-0.04407635746368518,2.212155796090762,0.05358602,0.9174451231956482,0.45777994791666665,380,-13.740560515721638
7401,66,40,18.460205310000003,491520,67.97,0.0003,1.0465284585952759,0.7665898203849792,0.2,-0.04428305990295485,2.3340772807598116,0.054051742,0.9210338592529297,0.46778971354166665,390,-13.665569061040879
7404,68,41,18.24130199,503808,67.55,0.0003,0.9881761074066162,0.7631766200065613,0.2,-0.04166285823836612,2.2919227962692577,0.051757623,0.9251109957695007,0.4533772786458333,400,-13.598044409354527
7405,69,42,18.155014610000002,516096,65.25,0.0003,0.6907591223716736,0.7578694820404053,0.2,-0.04367827102929975,2.098337496072054,0.053468186,0.9251229166984558,0.4719156901041667,410,-13.510292090972264
7407,71,43,18.91490822,528384,65.18,0.0003,0.9920451641082764,0.75327467918396,0.2,-0.044182829051472555,2.031926464786132,0.056281164,0.928724467754364,0.4716389973958333,420,-13.427923514445622
7410,72,44,19.841820060000003,540672,66.71,0.0003,1.247148036956787,0.7462310791015625,0.2,-0.044350457870556664,2.334830792993307,0.051653083,0.9305468201637268,0.47495930989583335,430,-13.312497840325038
7412,74,45,20.63437973,552960,67.49,0.0003,0.689236581325531,0.7413673400878906,0.2,-0.04371574691904243,2.0383983455598353,0.05569304,0.9398093223571777,0.48214518229166664,440,-13.219216843446096
7415,76,46,20.716293450000002,565248,67.35,0.0003,0.9831531643867493,0.7340981960296631,0.2,-0.04404503396702542,2.2148526137073836,0.055856813,0.936369001865387,0.48159993489583336,450,-13.101565869649251
7417,77,47,20.349650989999997,577536,64.91,0.0003,0.6891424059867859,0.7294941544532776,0.2,-0.041659432441034976,2.1490722320973874,0.06287251,0.9420658349990845,0.49493001302083334,460,-13.00655774672826
7418,79,48,23.505726319999997,589824,68.9,0.0003,0.7780089378356934,0.7232049107551575,0.2,-0.046318942972963364,2.0130674580732983,0.062404256,0.9453452229499817,0.5023763020833333,470,-12.904160420099894
7419,81,49,24.037548740000002,602112,68.38,0.0003,0.7453529834747314,0.7190513610839844,0.2,-0.04409768639598042,2.0422755293548107,0.06100781,0.9494019150733948,0.4945068359375,480,-12.817235763867696
7419,82,50,22.491684529999997,614400,66.27,0.0003,1.1370900869369507,0.7151243090629578,0.2,-0.04424948695571705,2.5763240655263266,0.056712914,0.9422726631164551,0.47454427083333334,490,-12.743959269920985
7422,84,51,24.191781810000002,626688,67.06,0.0003,0.8980419039726257,0.7089741826057434,0.2,-0.04270841133984504,2.214855360984802,0.06501105,0.949176013469696,0.49624837239583336,500,-12.646466493606567
7424,86,52,22.789056000000006,638976,63.92,0.0003,0.85527503490448,0.7052628397941589,0.2,-0.04464400568782973,2.4602195103963216,0.060026478,0.9491705298423767,0.489599609375,510,-12.566749878724416
7426,87,53,25.71074429,651264,68.63,0.0003,0.9438086152076721,0.7003762722015381,0.2,-0.04474394698578787,2.265205950289965,0.063469686,0.9503272771835327,0.5108642578125,520,-12.47778955300649
7429,89,54,25.441711769999998,663552,68.3,0.0003,0.9546724557876587,0.6969981789588928,0.2,-0.04401139455439988,2.350243126352628,0.06682066,0.955000102519989,0.5112955729166667,530,-12.401961549123127
7431,90,55,25.67148085,675840,66.51,0.0003,1.5184943675994873,0.6918123364448547,0.2,-0.04333873315724001,2.60700640330712,0.063316874,0.9496194124221802,0.5005940755208333,540,-12.314208215475082
7433,92,56,24.757411030000004,688128,64.92,0.0003,1.1486679315567017,0.686490535736084,0.2,-0.04329494734435381,2.461481741567453,0.06629742,0.9529866576194763,0.524267578125,550,-12.222946852445602
7435,94,57,27.306131309999998,700416,67.31,0.0003,0.9593133926391602,0.6812530159950256,0.2,-0.04119596715124014,2.2727167437473934,0.07355518,0.9542903900146484,0.53115234375,560,-12.126626747846604
7436,95,58,26.405279560000004,712704,66.41,0.0003,0.7309755086898804,0.6770267486572266,0.2,-0.042435369270970115,2.120140417913596,0.07235706,0.9582315683364868,0.5314290364583333,570,-12.023376631736756
7438,97,59,27.1404094,724992,68.47,0.0003,0.8099295496940613,0.6734572052955627,0.2,-0.04038374811352696,2.3098576314747334,0.07207119,0.9546897411346436,0.5352864583333333,580,-11.962887479861577
7440,99,60,28.636139619999998,737280,68.26,0.0003,0.7949497103691101,0.6695804595947266,0.2,-0.042905787261164126,2.3619296799103418,0.07340457,0.9602392315864563,0.5267415364583333,590,-11.88332937558492
7442,100,61,25.585885469999997,749568,63.98,0.0003,0.8271692991256714,0.6642399430274963,0.2,-0.04377902168392514,2.1624282509088517,0.0716906,0.9636722207069397,0.5328043619791667,600,-11.784411334991455
7443,102,62,27.211955109999998,761856,64.52,0.0003,0.8278599381446838,0.6598476767539978,0.2,-0.040881561479667046,1.7228330516566832,0.08365706,0.9677495956420898,0.5666910807291666,610,-11.685762230555216
7444,103,63,29.17117746,774144,68.49,0.0003,1.0075691938400269,0.6550349593162537,0.2,-0.041713078187118904,2.1981145898501078,0.0695579,0.964857280254364,0.5267415364583333,620,-11.591785629590353
7446,105,64,28.976658040000004,786432,67.61,0.0003,0.978985607624054,0.6504172086715698,0.2,-0.042878129813470875,2.2164420560002327,0.07426522,0.9623739719390869,0.5288004557291667,630,-11.510258183876674
7447,107,65,29.434383110000002,798720,67.14,0.0003,1.166265606880188,0.6464654803276062,0.2,-0.03971584074267109,2.3246223328014213,0.073917806,0.9628279805183411,0.5378011067708334,640,-11.419504052400589
7449,108,66,30.250778060000002,811008,67.2,0.0003,0.6912294626235962,0.6419368386268616,0.2,-0.04107443147804588,2.1405544340610505,0.08308088,0.9646869897842407,0.5613362630208333,650,-11.322716430823009
7446,110,67,31.1939089,823296,69.17,0.0003,0.8251432180404663,0.6369605660438538,0.2,-0.03937374366214499,2.057987406104803,0.081234574,0.9671056270599365,0.5530924479166667,660,-11.234450763463974
7448,112,68,31.073477979999996,835584,67.95,0.0003,0.8152835369110107,0.6337590217590332,0.2,-0.0418187803918651,2.2578342333436012,0.08438758,0.9671888947486877,0.5467122395833334,670,-11.163480716943742
7448,113,69,29.30457776,847872,66.78,0.0003,0.7461058497428894,0.6298478245735168,0.2,-0.03859732953618125,1.9817835499842962,0.09086535,0.9704858064651489,0.5685384114583333,680,-11.082796436548232
7448,115,70,28.51331062,860160,64.35,0.0003,0.7452054023742676,0.627851665019989,0.2,-0.04095510693829662,2.0282106794416905,0.08651104,0.9687716364860535,0.5575439453125,690,-11.022064944108328
7445,117,71,30.709152550000002,872448,67.88,0.0003,0.8013890385627747,0.6238429546356201,0.2,-0.039721785050157145,1.9481931403279305,0.08395356,0.9681627750396729,0.5712727864583333,700,-10.945828626553217
7445,118,72,30.00238163,884736,67.72,0.0003,0.9598578214645386,0.6207197308540344,0.2,-0.043728309629174573,2.507259621222814,0.07538103,0.9619699716567993,0.533056640625,710,-10.872077685594558
7447,120,73,31.2036858,897024,67.7,0.0003,1.2015008926391602,0.617607593536377,0.2,-0.04053609279508237,2.369034185508887,0.083686866,0.9646769165992737,0.5562093098958333,720,-10.805221764246623
7448,122,74,32.446344579999995,909312,69.84,0.0003,0.8608818054199219,0.6143341064453125,0.2,-0.041416763965389694,1.6597972756872574,0.10304475,0.9752908945083618,0.5952880859375,730,-10.735071579615274
7449,123,75,33.56048963,921600,68.96,0.0003,0.8645437359809875,0.6112866401672363,0.2,-0.041663790423869314,2.315542952467998,0.088099696,0.9653464555740356,0.5423909505208333,740,-10.660326759020487
7451,125,76,32.72875568999999,933888,69.77,0.0003,0.9129158854484558,0.6078789830207825,0.2,-0.04136808853945695,2.4969765019913512,0.081026085,0.9666911363601685,0.540283203125,750,-10.592623748381932
7453,126,77,32.58638026,946176,69.12,0.0003,1.0371272563934326,0.6057248711585999,0.2,-0.03925795081886463,2.5631487749516966,0.08362371,0.9674698114395142,0.55341796875,760,-10.528864866495132
7454,128,78,31.85274367,958464,67.34,0.0003,0.9465951919555664,0.6023833155632019,0.2,-0.03904935610674632,1.852196279913187,0.10940545,0.9726316332817078,0.5961507161458334,770,-10.451948380470276
7455,130,79,34.27801156,970752,69.39,0.0003,0.6272296905517578,0.5986196994781494,0.2,-0.039853682766746105,1.7899019569158554,0.10183179,0.9751572608947754,0.5882161458333334,780,-10.38895116051038
7457,131,80,32.01292145,983040,68.5,0.0003,0.6814696788787842,0.5974710583686829,0.2,-0.039367831186003364,2.250325603534778,0.09134126,0.9707200527191162,0.5568684895833333,790,-10.334500896930695
7458,133,81,35.19406004,995328,73.72,0.0003,0.8169565796852112,0.5935845375061035,0.2,-0.036224694260939334,2.0117335341870786,0.098486625,0.9737144112586975,0.5922607421875,800,-10.267379373311996
7460,135,82,33.61172045,1007616,68.64,0.0003,0.6285689473152161,0.5903796553611755,0.2,-0.04173009435471613,2.481432299067577,0.08422763,0.9715040922164917,0.5691569010416667,810,-10.186939648787181
7461,136,83,34.60799883999999,1019904,69.71,0.0003,0.7712461352348328,0.5873837471008301,0.2,-0.03796199322969187,1.9889399508635204,0.10518954,0.9743839502334595,0.5984456380208333,820,-10.114706472555797
7462,138,84,34.29154314,1032192,70.04,0.0003,0.49435725808143616,0.5848787426948547,0.2,-0.0362581523047993,1.851609284679095,0.09796884,0.9760352969169617,0.5949381510416667,830,-10.05925776163737
7463,139,85,35.61872707,1044480,71.91,0.0003,0.6681231260299683,0.5811640620231628,0.2,-0.03821944232962172,2.203478234509627,0.107752465,0.9719587564468384,0.6007405598958333,840,-9.978516511122386
7459,141,86,33.98260674000001,1056768,69.58,0.0003,0.8109060525894165,0.5789358019828796,0.2,-0.03763009275911221,2.2341813668608665,0.0969792,0.9726104140281677,0.5861246744791667,850,-9.915423234303793
7460,143,87,36.51735283000001,1069056,71.53,0.0003,1.1369091272354126,0.577849805355072,0.2,-0.039084629815382264,2.395207727452119,0.09033936,0.9712038040161133,0.5700113932291667,860,-9.889351574579875
7461,144,88,37.05595234,1081344,72.08,0.0003,0.6250125765800476,0.5743112564086914,0.2,-0.0375020518831055,2.552516758441925,0.09074366,0.9705414772033691,0.5709635416666666,870,-9.82529348929723
7461,146,89,35.81033179,1093632,69.56,0.0003,1.1647721529006958,0.5727654099464417,0.2,-0.03812527104091714,2.5590347804129125,0.08878895,0.9714027643203735,0.5752197265625,880,-9.787663118044536
7462,148,90,35.69410165,1105920,70.01,0.0003,1.5211411714553833,0.5703436732292175,0.2,-0.03311608994360237,2.739719409495592,0.09946966,0.9702596664428711,0.5928873697916667,890,-9.73697851697604
7463,149,91,35.46986071,1118208,70.03,0.0003,0.8319525122642517,0.5688490271568298,0.2,-0.035682791347790045,2.235610496501128,0.10691034,0.9747215509414673,0.615478515625,900,-9.681038435300191
7464,151,92,36.67698906,1130496,72.92,0.0003,0.8419047594070435,0.5653225779533386,0.2,-0.03554798200590691,2.94239081616203,0.08906672,0.9694423079490662,0.5934244791666666,910,-9.607003976901373
7465,153,93,38.9640361,1142784,73.34,0.0003,0.7357883453369141,0.5619463324546814,0.2,-0.02997875341097824,2.074424261599779,0.11236032,0.9727296233177185,0.6367594401041666,920,-9.526614139477411
7466,154,94,37.04369171,1155072,73.08,0.0003,1.175136923789978,0.5607466697692871,0.2,-0.038996627919065455,2.8156313290198645,0.09811473,0.9706323146820068,0.589990234375,930,-9.466537640492122
7467,156,95,37.832163290000004,1167360,72.68,0.0003,0.789146900177002,0.5569749474525452,0.2,-0.034330898925933676,2.049558585633834,0.12897368,0.9759401082992554,0.6384847005208333,940,-9.403055953979493
7468,157,96,37.83542688000001,1179648,73.14,0.0003,0.5361024141311646,0.5532985329627991,0.2,-0.03427612249700663,2.3983626921971637,0.11584995,0.974949836730957,0.6141194661458333,950,-9.322412125269572
7469,159,97,38.63212249000001,1191936,73.28,0.0003,0.9330531358718872,0.551792323589325,0.2,-0.03275794433235812,2.625824209302664,0.114168726,0.9727310538291931,0.6171712239583333,960,-9.270364117622375
7470,161,98,37.21420457,1204224,72.44,0.0003,0.8842897415161133,0.5485695004463196,0.2,-0.03370027202181518,2.143965453406175,0.113063924,0.9790551066398621,0.6226643880208333,970,-9.207309192419052
7471,162,99,40.830243859999996,1216512,78.4,0.0003,1.5455914735794067,0.5469784140586853,0.2,-0.03294533312728163,2.7025852600733438,0.100401215,0.973513126373291,0.6087727864583333,980,-9.155784293015797
7472,164,100,40.36549361,1228800,76.49,0.0003,0.9095786213874817,0.5450576543807983,0.2,-0.041303383228175033,2.7311829894781114,0.105686404,0.9707943797111511,0.5882242838541667,990,-9.113584057490032
7473,166,101,39.145728600000005,1241088,74.54,0.0003,0.9112080931663513,0.5428217053413391,0.2,-0.03383412318847453,2.7888737586637338,0.11118878,0.9739665389060974,0.6128336588541666,1000,-9.059437598784765
7474,167,102,40.03801731,1253376,75.92,0.0003,0.8679841756820679,0.5400981903076172,0.2,-0.033759308192141665,2.3143381133675573,0.11378136,0.9739407300949097,0.6312825520833333,1010,-9.002501767873763
7475,169,103,40.54040982,1265664,77.46,0.0003,1.0809861421585083,0.5393598675727844,0.2,-0.03581843912300731,2.642402539898952,0.117648564,0.9741792678833008,0.626806640625,1020,-8.968918814261754
7476,170,104,40.97478,1277952,79.47,0.0003,0.8884555101394653,0.537329375743866,0.2,-0.0339042658151205,2.447194640338421,0.11316147,0.9751721024513245,0.6207600911458333,1030,-8.923033771912257
7474,172,105,40.798574970000004,1290240,76.95,0.0003,1.0121978521347046,0.5355432033538818,0.2,-0.03781682042026659,3.6869747266173363,0.09615303,0.9679421782493591,0.5667399088541667,1040,-8.86063192486763
7475,174,106,42.180299639999994,1302528,78.46,0.0003,0.9045760035514832,0.5337764620780945,0.2,-0.030684186042829728,2.1898206310967603,0.13151105,0.9788042902946472,0.6511555989583333,1050,-8.811620463927587
7476,175,107,39.85922385999999,1314816,73.44,0.0003,0.5096132159233093,0.5333201885223389,0.2,-0.032577477450831796,1.9400124158710241,0.14440648,0.977485716342926,0.6555257161458333,1060,-8.793017292022705
7477,177,108,40.88741165,1327104,76.04,0.0003,0.8938376307487488,0.5314717888832092,0.2,-0.024721654022384125,1.6138039709379275,0.15229248,0.9825848340988159,0.6795817057291667,1070,-8.772250916560491
7477,179,109,43.92026073,1339392,81.24,0.0003,0.7214137315750122,0.5289031863212585,0.2,-0.03870242053817492,2.30666581466794,0.10936124,0.9774602651596069,0.6006998697916667,1080,-8.713259045283
7475,180,110,40.816287509999995,1351680,75.88,0.0003,1.3560006618499756,0.5276989340782166,0.2,-0.0397134090589437,2.7887417607009413,0.11001549,0.9742549061775208,0.5947428385416667,1090,-8.664561041196187
7476,182,111,41.00634323,1363968,76.51,0.0003,0.882377564907074,0.5271322727203369,0.2,-0.027500981463041776,1.8404901176691055,0.12939419,0.9801775217056274,0.6607096354166667,1100,-8.658496514956157
7477,184,112,39.155051230000005,1376256,72.68,0.0003,1.533008098602295,0.52504563331604,0.2,-0.03695227351757543,2.39830598210295,0.114869654,0.9782088398933411,0.6169026692708334,1110,-8.616473786036174
7477,185,113,43.98658351,1388544,78.33,0.0003,0.9331846237182617,0.5231513381004333,0.2,-0.03483373338967795,2.190680507570505,0.12111291,0.9783781170845032,0.6201904296875,1120,-8.575250653425853
7478,187,114,40.243720440000004,1400832,75.67,0.0003,0.9534542560577393,0.5217984914779663,0.2,-0.03122896593316303,1.9789294966806967,0.12761551,0.9820467829704285,0.6363525390625,1130,-8.528153030077616
7479,188,115,45.503247920000014,1413120,81.2,0.0003,0.5415376424789429,0.5181990265846252,0.2,-0.033475769767392194,2.086783389126261,0.12203377,0.9783298969268799,0.6188639322916667,1140,-8.464199149608612
7479,190,116,43.08618723000001,1425408,77.75,0.0003,0.7992849349975586,0.5142848491668701,0.2,-0.03214320560024741,2.1772423043847082,0.13485885,0.9779046177864075,0.6368733723958333,1150,-8.379930790265401
7480,192,117,43.94665806,1437696,77.95,0.0003,1.1579102277755737,0.5125058889389038,0.2,-0.029985913564936104,2.197418018678824,0.13694072,0.9776577353477478,0.6421549479166667,1160,-8.318497834602992
7481,193,118,49.185790940000004,1449984,83.91,0.0003,0.5955025553703308,0.5099100470542908,0.2,-0.028821009606084167,2.3582848347723484,0.11956582,0.9785639047622681,0.6242919921875,1170,-8.270817522207896
7482,195,119,42.339573090000016,1462272,77.04,0.0003,0.8778539896011353,0.5069189071655273,0.2,-0.029005833030775346,2.071381637950738,0.14860658,0.981124222278595,0.6577799479166667,1180,-8.203294523557027
7483,197,120,42.6007704,1474560,77.5,0.0003,0.7364847660064697,0.5052052140235901,0.2,-0.027139210079136927,1.843099897230665,0.14168012,0.9810637831687927,0.6501383463541667,1190,-8.16667383313179
7484,198,121,44.41268924999999,1486848,78.23,0.0003,0.6625619530677795,0.5035155415534973,0.2,-0.02803021726043274,2.001222636302312,0.12349769,0.9801471829414368,0.6249348958333333,1200,-8.111695061127344
7485,200,122,46.13968860999999,1499136,80.69,0.0003,0.6595435738563538,0.501431405544281,0.2,-0.030090578111897533,1.8701577998697758,0.13761769,0.9822632670402527,0.6463053385416667,1210,-8.056628304719926
7484,201,123,42.82451961999999,1511424,76.69,0.0003,0.9720255136489868,0.5007399320602417,0.2,-0.031343955347741335,2.2741454740365348,0.12654151,0.9769224524497986,0.6271484375,1220,-8.023308535416922
7484,203,124,43.83882356000001,1523712,78.46,0.0003,0.65839684009552,0.4968748390674591,0.2,-0.030422278493642808,2.0142664110908908,0.15891528,0.9816005825996399,0.6466064453125,1230,-7.954868123928706
7485,205,125,43.60722244999999,1536000,76.73,0.0003,1.1721705198287964,0.49484530091285706,0.2,-0.031237769740012786,2.7379798514147597,0.10702098,0.9755353927612305,0.6041015625,1240,-7.891384698947271
7486,206,126,43.040874900000006,1548288,75.29,0.0003,0.5977085828781128,0.4924674928188324,0.2,-0.016837608874387417,1.7999930293609698,0.16231366,0.982496976852417,0.6962239583333333,1250,-7.82995123565197
7487,208,127,45.90558564,1560576,78.97,0.0003,0.4906425178050995,0.4899817407131195,0.2,-0.03038426561591526,1.3650446352859338,0.18499719,0.9853119850158691,0.6858235677083333,1260,-7.783413962523142
7488,210,128,44.837436430000004,1572864,78.44,0.0003,0.4809456467628479,0.48801255226135254,0.2,-0.028737517750899617,1.6079838967571656,0.16036151,0.9827414155006409,0.6721354166666667,1270,-7.733774838844935
7488,211,129,48.76377021999999,1585152,83.03,0.0003,0.7677541375160217,0.485060453414917,0.2,-0.03370952386370239,1.9860070037345092,0.1309449,0.9842458963394165,0.6191487630208333,1280,-7.675094692905744
7489,213,130,49.36200877000001,1597440,83.99,0.0003,0.7616661190986633,0.4841613471508026,0.2,-0.032769346225541084,2.3717665269970896,0.12886684,0.9804123640060425,0.6102945963541667,1290,-7.635366053382556
7489,214,131,48.787952100000005,1609728,85.06,0.0003,1.0212124586105347,0.4838797152042389,0.2,-0.032831035486985155,2.4861596621572972,0.1215294,0.9805611371994019,0.5956298828125,1300,-7.6212192406257
7490,216,132,46.824526399999996,1622016,82.1,0.0003,1.2465423345565796,0.4827221930027008,0.2,-0.034430091310059655,3.187456468741099,0.10059762,0.9777257442474365,0.591455078125,1310,-7.605544668436051
7491,218,133,47.565252599999994,1634304,84.35,0.0003,1.0333746671676636,0.4814284145832062,0.2,-0.029252510630855492,2.3026098094880583,0.13324003,0.9842991232872009,0.6403076171875,1320,-7.570658865571022
7491,219,134,46.890078900000006,1646592,82.65,0.0003,1.1185636520385742,0.4794711172580719,0.2,-0.03236355029415184,2.792839856197437,0.10920602,0.980395495891571,0.6275309244791667,1330,-7.526482180754344
7492,221,135,47.79667054999999,1658880,83.97,0.0003,1.0068897008895874,0.4793280363082886,0.2,-0.026269198668887838,2.2714093176027137,0.15963589,0.9831977486610413,0.6730224609375,1340,-7.495900159080823
7493,223,136,50.57261246,1671168,87.24,0.0003,0.9842436909675598,0.47774800658226013,0.2,-0.03161195416275101,2.6434131994843484,0.133317,0.9816211462020874,0.6372477213541666,1350,-7.463373582561811
7493,224,137,50.092455480000005,1683456,86.16,0.0003,1.234059453010559,0.47630083560943604,0.2,-0.027874063621857202,2.6616368745764096,0.13816594,0.9815087914466858,0.6504069010416667,1360,-7.4078874091307325
7493,226,138,48.715048,1695744,84.32,0.0003,0.8964028358459473,0.4765145778656006,0.2,-0.02356322487660994,2.128571326533953,0.16230002,0.9842829704284668,0.6892903645833334,1370,-7.407607221603394
7494,227,139,45.396570929999996,1708032,80.36,0.0003,0.8571308851242065,0.4748557507991791,0.2,-0.027545323686596627,2.328173613548279,0.15611337,0.9811025261878967,0.6515380859375,1380,-7.383759877085685
7495,229,140,49.31828727999999,1720320,83.01,0.0003,0.5560430884361267,0.4718117415904999,0.2,-0.022304254852739784,1.8818563745667538,0.17399038,0.983113706111908,0.6864013671875,1390,-7.324641409516334
7495,231,141,50.62374153,1732608,84.7,0.0003,0.9652995467185974,0.4708656072616577,0.2,-0.027809641297790223,2.245934620499611,0.15060501,0.9823122620582581,0.659326171875,1400,-7.276530820131302
7495,232,142,48.95033312,1744896,83.54,0.0003,0.9628827571868896,0.4686427116394043,0.2,-0.028516985005505074,2.5455368059376875,0.15025875,0.9808751940727234,0.654443359375,1410,-7.240480444828669
7494,234,143,48.31220159,1757184,82.0,0.0003,0.8903131484985352,0.46704283356666565,0.2,-0.02318533972235552,2.0354292087256907,0.1684255,0.9832377433776855,0.6840087890625,1420,-7.187548342347145
7494,236,144,48.17912308,1769472,81.83,0.0003,0.7389405965805054,0.4645331799983978,0.2,-0.02858562657420407,2.0537765052169563,0.17867209,0.9818909764289856,0.6744547526041667,1430,-7.130257657170295
7494,237,145,49.61444310000001,1781760,82.7,0.0003,0.6405676603317261,0.4620830714702606,0.2,-0.024741766254495208,1.601337298626701,0.18652427,0.9866259694099426,0.6999104817708334,1440,-7.067475539445877
7495,239,146,47.796342509999995,1794048,80.55,0.0003,0.9937142729759216,0.4611325263977051,0.2,-0.02852335190885545,2.261574343840281,0.15961908,0.9743748903274536,0.6485921223958333,1450,-7.029759041468302
7495,240,147,52.35534415,1806336,86.15,0.0003,0.6746150255203247,0.46102216839790344,0.2,-0.027308444077304254,2.0374364482859773,0.1740038,0.9823746681213379,0.6669026692708333,1460,-7.006981260577837
7496,242,148,48.65546426,1818624,80.95,0.0003,0.9491822719573975,0.4601074159145355,0.2,-0.031696848876890726,2.9342425604661306,0.13209143,0.9752172231674194,0.6185546875,1470,-6.992767423391342
7496,244,149,52.94652516,1830912,86.5,0.0003,1.196890115737915,0.45792603492736816,0.2,-0.032301780779380354,3.710330792019765,0.113759495,0.9785948991775513,0.6088216145833333,1480,-6.9576325217882795
7497,245,150,48.80335927,1843200,80.27,0.0003,0.5947027802467346,0.45741602778434753,0.2,-0.021313101742028568,2.1221866567929584,0.18665433,0.9834645986557007,0.690966796875,1490,-6.921756415565809
7497,247,151,49.66034446000001,1855488,82.63,0.0003,0.5216782689094543,0.45616665482521057,0.2,-0.018577391994767822,1.842154865215222,0.18110049,0.9834519624710083,0.6989501953125,1500,-6.905290375153224
7497,249,152,50.59752646000001,1867776,84.14,0.0003,0.6216422319412231,0.4554014205932617,0.2,-0.016555036270680525,1.803171657770872,0.14791487,0.9822901487350464,0.6835367838541667,1510,-6.876714089512825
7497,250,153,49.42214542000001,1880064,83.76,0.0003,0.7515060901641846,0.4544100761413574,0.2,-0.027358100935816764,1.831790861239036,0.18712209,0.9847499132156372,0.6868896484375,1520,-6.849235607186953
7497,252,154,50.60614982000001,1892352,83.76,0.0003,0.8805971145629883,0.453580379486084,0.2,-0.03161445347650442,2.503741204738617,0.14412527,0.9791431427001953,0.6341634114583333,1530,-6.821230745315551
7498,254,155,53.458175940000004,1904640,86.31,0.0003,0.9449708461761475,0.4517311155796051,0.2,-0.030567391651372115,2.34703069627285,0.1494438,0.9805080890655518,0.65068359375,1540,-6.784342010815938
7498,255,156,49.91122270999999,1916928,81.9,0.0003,0.7532793879508972,0.4514441192150116,0.2,-0.025044701932832442,2.1385822107394534,0.16891229,0.9856540560722351,0.6677164713541667,1550,-6.774992206692696
7498,257,157,54.555743279999994,1929216,87.98,0.0003,0.35380253195762634,0.45002761483192444,0.2,-0.02033387573804551,1.576594091951847,0.19045691,0.989327609539032,0.7009033203125,1560,-6.748778706789016
7499,258,158,54.48357918000001,1941504,86.83,0.0003,0.8896427154541016,0.44789040088653564,0.2,-0.028588745833258145,2.8058526143431664,0.12821199,0.982420027256012,0.6210286458333333,1570,-6.706182689468066
7499,260,159,54.73589102,1953792,88.1,0.0003,0.8098023533821106,0.4462944269180298,0.2,-0.027330639972933567,2.441272955139478,0.1535543,0.983889102935791,0.6610514322916666,1580,-6.666912384827932
7499,262,160,51.98367937999999,1966080,84.07,0.0003,1.1838451623916626,0.44514670968055725,0.2,-0.030473145318683236,2.588716797530651,0.14447215,0.9835307598114014,0.6442952473958333,1590,-6.630344233910242
7499,263,161,56.45839606000001,1978368,90.39,0.0003,1.160414457321167,0.44346603751182556,0.2,-0.022751039884800168,2.040255414818724,0.17550504,0.985152542591095,0.6823323567708334,1600,-6.589282884200414
7499,265,162,54.373763630000006,1990656,88.01,0.0003,1.1945749521255493,0.44144484400749207,0.2,-0.030424096030765214,3.3440846540033817,0.12769319,0.9820337295532227,0.6166829427083333,1610,-6.537693759799003
7499,267,163,50.918487670000005,2002944,86.33,0.0003,0.7926331758499146,0.43934550881385803,0.2,-0.019196883084562917,2.1266455655296643,0.2133339,0.9869354963302612,0.702294921875,1620,-6.487055484453837
7499,268,164,51.52479581000001,2015232,85.18,0.0003,1.1608819961547852,0.43824347853660583,0.2,-0.024337055735910933,2.561576743423939,0.13664971,0.9821865558624268,0.658544921875,1630,-6.446404354770978
7499,270,165,58.18487615,2027520,94.14,0.0003,0.8212358951568604,0.4381469190120697,0.2,-0.013901352349300093,1.9329553758104643,0.1863143,0.984266996383667,0.7030924479166667,1640,-6.401878555615743
7500,271,166,55.31443251999999,2039808,92.19,0.0003,1.3211926221847534,0.43772411346435547,0.2,-0.026646370744371477,2.621644565711419,0.16177356,0.9806234836578369,0.6646647135416667,1650,-6.40663532714049
7500,273,167,54.729098269999994,2052096,90.61,0.0003,0.4312581717967987,0.43577060103416443,0.2,-0.01999530206376221,2.1039581138640644,0.2001841,0.985043466091156,0.70244140625,1660,-6.379181170463562
7500,275,168,58.97032034,2064384,95.11,0.0003,1.468765377998352,0.4334559738636017,0.2,-0.02368965292504678,2.2829257982472577,0.18025617,0.985010027885437,0.6748697916666667,1670,-6.320170473059019
7500,276,169,57.93814239999999,2076672,94.31,0.0003,0.7369390726089478,0.43275585770606995,0.2,-0.02892158071626909,2.778578895330429,0.1710561,0.9818466305732727,0.654248046875,1680,-6.291044167677561
7500,278,170,56.51556345000001,2088960,95.72,0.0003,0.7281544208526611,0.43187010288238525,0.2,-0.018365843985035706,1.94825430115064,0.2054107,0.9862903356552124,0.7004964192708333,1690,-6.288490144411723
7500,280,171,56.18041830999999,2101248,96.86,0.0003,0.6392478346824646,0.4309009611606598,0.2,-0.01815645906220501,1.8558026811728874,0.17818898,0.984760046005249,0.6888671875,1700,-6.262341847022374
7500,281,172,64.1269726,2113536,107.73,0.0003,0.526729941368103,0.4290384352207184,0.2,-0.02133821493771393,1.3773705749462049,0.19903345,0.988494873046875,0.7043782552083333,1710,-6.2173256556193035
7500,283,173,59.079459130000004,2125824,104.71,0.0003,0.7598847150802612,0.42803213000297546,0.2,-0.02220032028853893,2.0270777240395548,0.16822354,0.984066903591156,0.6687337239583333,1720,-6.177429075042407
7500,285,174,55.7741498,2138112,99.51,0.0003,0.814466655254364,0.4273434579372406,0.2,-0.029111079542781228,2.66041828840971,0.12840723,0.9809694886207581,0.6133870442708333,1730,-6.146197687586149
7501,286,175,56.48437261,2150400,101.31,0.0003,1.1374794244766235,0.42657747864723206,0.2,-0.03171978627700203,3.076515251149734,0.11252543,0.9780784249305725,0.6082112630208333,1740,-6.116155568758646
7501,288,176,61.041430199999986,2162688,105.67,0.0003,0.9938743114471436,0.4248543679714203,0.2,-0.023530489299931408,2.7596569093565146,0.17880361,0.9812657237052917,0.6794108072916667,1750,-6.061196615298589
7501,289,177,59.94066603,2174976,100.83,0.0003,0.8814325332641602,0.42471638321876526,0.2,-0.02851624676550273,3.3317610395451385,0.17077619,0.9792160987854004,0.6615315755208333,1760,-6.037002752224605
7502,291,178,64.04795288000001,2187264,103.92,0.0003,1.5975204706192017,0.424562007188797,0.2,-0.025795035592940014,2.961923978726069,0.18461859,0.978318989276886,0.6778076171875,1770,-6.021542591849963
7502,293,179,56.31107588,2199552,96.44,0.0003,0.831731379032135,0.42340636253356934,0.2,-0.026599622509093025,2.205226012567679,0.24365604,0.9813027381896973,0.7120361328125,1780,-6.002358201146126
7502,294,180,69.36071661,2211840,108.67,0.0003,0.7260223031044006,0.4217928349971771,0.2,-0.015193881564967645,2.188293630381425,0.21825713,0.983877420425415,0.7129475911458333,1790,-5.964943415919939
7501,296,181,67.59521157,2224128,108.59,0.0003,0.696739673614502,0.4202495813369751,0.2,-0.02631651500511604,2.3493626366058984,0.20454307,0.9800379276275635,0.684814453125,1800,-5.917960037787755
7500,298,182,58.45129752,2236416,95.95,0.0003,0.9878222942352295,0.41995763778686523,0.2,-0.02743353979603853,2.281316323578358,0.17304026,0.9866254925727844,0.6720133463541667,1810,-5.901016760865847
7500,299,183,68.40426647999999,2248704,106.22,0.0003,0.49427711963653564,0.42059603333473206,0.2,-0.020868649623783615,1.6339601501822472,0.23397179,0.9854828715324402,0.7140869140625,1820,-5.916871352990468
7499,301,184,61.86427369999999,2260992,100.96,0.0003,1.0439562797546387,0.4194503724575043,0.2,-0.028732770717275948,2.39782099450628,0.15849788,0.9826341271400452,0.6532877604166667,1830,-5.91485298772653
7500,303,185,69.70309859,2273280,108.94,0.0003,0.7974987626075745,0.41890284419059753,0.2,-0.023776672626505995,2.3524019733071326,0.16985779,0.9878127574920654,0.68232421875,1840,-5.886438727378845
7500,304,186,70.72243374,2285568,113.27,0.0003,0.8600316047668457,0.4175424873828888,0.2,-0.02950113908542941,2.5739053594569365,0.17453754,0.9877585768699646,0.6575520833333334,1850,-5.86878055036068
7500,306,187,69.70949908,2297856,110.12,0.0003,1.2567216157913208,0.41617026925086975,0.2,-0.030780296411830933,3.657063516974449,0.13283615,0.9843385815620422,0.6338216145833333,1860,-5.8244528402884805
7501,307,188,69.34371451000001,2310144,110.4,0.0003,1.1618210077285767,0.41499996185302734,0.2,-0.02052232961577829,3.0420161406199138,0.18959223,0.9880154132843018,0.6759602864583333,1870,-5.7923442343870795
7501,309,189,67.95686419999998,2322432,106.58,0.0003,0.9495097994804382,0.4124884605407715,0.2,-0.025052490086333517,3.5435576133430002,0.16165888,0.9835415482521057,0.6607177734375,1880,-5.72825392584006
7500,311,190,104.72838633,2334720,150.07,0.0003,2.61959171295166,0.4119143486022949,0.2,-0.029295698359783275,4.525423979262511,0.1480793,0.9847882986068726,0.628369140625,1890,-5.693895542621613
7500,312,191,85.68943210000002,2347008,126.02,0.0003,1.5500110387802124,0.41106081008911133,0.2,-0.03232518939281969,4.439342484871546,0.13828543,0.9843018054962158,0.6201416015625,1900,-5.681130921840667
7500,314,192,79.64888961000001,2359296,119.72,0.0003,2.2763521671295166,0.4094088077545166,0.2,-0.025492452919813027,4.466592941184839,0.14326726,0.9872740507125854,0.657568359375,1910,-5.647006538510323
7501,316,193,114.71957610999999,2371584,161.85,0.0003,1.2844438552856445,0.4077482223510742,0.2,-0.016902628165553324,3.01001538336277,0.23059924,0.9908784031867981,0.70546875,1920,-5.6047868172327675
7499,317,194,93.99639198999999,2383872,139.48,0.0003,1.273738145828247,0.4074704647064209,0.2,-0.028579182543035132,4.739297451078892,0.1397501,0.9896432757377625,0.6311848958333334,1930,-5.561929616332054
7498,319,195,120.13032650000002,2396160,167.58,0.0003,1.1938971281051636,0.40587639808654785,0.2,-0.025922543117000412,4.995094340046247,0.14992124,0.9864833950996399,0.650244140625,1940,-5.520545857151349
7495,321,196,128.22912674,2408448,179.61,0.0003,1.4867838621139526,0.40515708923339844,0.2,-0.022927260820385223,4.076274607082208,0.18513191,0.9901122450828552,0.6721761067708333,1950,-5.4969630668560665
7495,322,197,132.36361669000001,2420736,187.93,0.0003,1.2797105312347412,0.4047769606113434,0.2,-0.023836252478455815,3.5988987567524116,0.17394383,0.9899417757987976,0.6703043619791667,1960,-5.503752543528875
7495,324,198,107.66397834,2433024,161.04,0.0003,1.5545860528945923,0.40356317162513733,0.2,-0.01548794562695548,3.4153067762653033,0.18144011,0.9872352480888367,0.6829671223958333,1970,-5.472888680299123
7495,326,199,120.87163709999999,2445312,181.88,0.0003,2.2823009490966797,0.40307918190956116,0.2,-0.03257879360220007,5.379945187270641,0.12126855,0.9880919456481934,0.6108723958333333,1980,-5.434299259384473
7494,327,200,113.36592756000002,2457600,178.42,0.0003,2.13543701171875,0.4033174514770508,0.2,-0.026212013313003504,4.732196150223414,0.15234838,0.9874580502510071,0.6511800130208333,1990,-5.431518539786339
7494,329,201,109.43370374,2469888,172.0,0.0003,0.7100924849510193,0.40285003185272217,0.2,-0.004730540644959547,2.498531198253234,0.21877587,0.992867648601532,0.7258463541666667,2000,-5.427991070350012
7494,331,202,114.56385476999999,2482176,177.75,0.0003,0.7618556022644043,0.40165725350379944,0.2,-0.00806021803970604,2.3837660973270736,0.19963372,0.9924026131629944,0.7203043619791667,2010,-5.40929152071476
7494,332,203,142.96624566,2494464,210.91,0.0003,1.105689287185669,0.399922639131546,0.2,-0.023715725022096498,2.902536379545927,0.1930824,0.9919400215148926,0.6918131510416666,2020,-5.359557099143664
7494,334,204,158.94149531000002,2506752,230.49,0.0003,2.1584360599517822,0.3992137610912323,0.2,-0.02837454056813537,5.187757721046607,0.11959002,0.9899594783782959,0.6193684895833333,2030,-5.324448646108309
7494,336,205,179.5908355,2519040,252.76,0.0003,1.9094105958938599,0.39732232689857483,0.2,-0.03126727454558325,5.297615514198939,0.14484625,0.9873092174530029,0.6406168619791667,2040,-5.274022920926412
7494,337,206,178.99253910000004,2531328,256.66,0.0003,2.378864288330078,0.3972940444946289,0.2,-0.01518662458693143,3.6948731161653994,0.1969996,0.9921539425849915,0.7072428385416667,2050,-5.263897500435511
7494,339,207,212.42216481,2543616,304.96,0.0003,1.4104632139205933,0.3969551622867584,0.2,-0.022448923613410443,4.996844104925791,0.13184766,0.987403154373169,0.6438639322916667,2060,-5.242304805914561
7494,341,208,228.42954726,2555904,334.32,0.0003,0.6837450265884399,0.39547643065452576,0.2,0.004329734006508564,2.356167510151863,0.23963813,0.991033136844635,0.7473551432291666,2070,-5.242304079731306
7494,342,209,206.80948187,2568192,309.8,0.0003,0.825161337852478,0.39526358246803284,0.2,-0.011656548743970537,2.9200265429914,0.27193478,0.9864798784255981,0.7280843098958333,2080,-5.220074051618576
7494,344,210,191.86141237000004,2580480,284.84,0.0003,1.7834205627441406,0.3934410512447357,0.2,-0.03150978937046602,5.741025085250537,0.12511857,0.9838171601295471,0.6141276041666667,2090,-5.177267797787985
7494,345,211,213.17861364,2592768,297.02,0.0003,1.0691272020339966,0.3941674530506134,0.2,0.004737628416235869,2.349490702152252,0.26706073,0.9932336807250977,0.7605550130208333,2100,-5.175390823682149
7494,347,212,213.17497603,2605056,305.73,0.0003,1.0782670974731445,0.39416584372520447,0.2,-0.008532101563954104,2.4061743833124636,0.17733212,0.9929018616676331,0.713330078125,2110,-5.192326922218005
7494,349,213,228.66520162000003,2617344,332.71,0.0003,0.5419321060180664,0.3960449993610382,0.2,-0.008068840659689158,1.5717236928641796,0.21546046,0.9960403442382812,0.7328043619791667,2120,-5.2448948383331295
7494,350,214,244.75232573000002,2629632,353.19,0.0003,2.570002555847168,0.39555200934410095,0.2,-0.029294601198247013,5.582087377210458,0.10253251,0.9869174361228943,0.5851725260416667,2130,-5.2460600962241495
7494,352,215,265.63121206000005,2641920,373.95,0.0003,1.1524802446365356,0.39456573128700256,0.2,-0.016844598727766426,2.9736184033254784,0.18090375,0.990541934967041,0.6828450520833333,2140,-5.2258732656637825
7494,354,216,285.9032219,2654208,402.61,0.0003,1.9027692079544067,0.3929731845855713,0.2,-0.023475616726015384,3.8361261588831743,0.1506065,0.9888142943382263,0.6567626953125,2150,-5.185922293861707
7494,355,217,244.11686904,2666496,360.34,0.0003,0.3482914865016937,0.39598044753074646,0.2,0.03309311563595353,0.8443681940436363,0.32250518,0.9954137802124023,0.8065104166666667,2160,-5.263056643803915
7493,357,218,226.55588488,2678784,341.86,0.0003,1.423633337020874,0.3944877088069916,0.2,-0.02744893221242819,3.182209112495184,0.111717425,0.9899546504020691,0.6257893880208333,2170,-5.234746572375298
7492,359,219,206.22153154000003,2691072,313.22,0.0003,0.6761976480484009,0.39365413784980774,0.2,-0.020761473838744375,2.4298163107285897,0.13630229,0.9924992918968201,0.6573079427083334,2180,-5.202116460601489
7492,360,220,243.00695166999998,2703360,347.72,0.0003,0.819330632686615,0.39295467734336853,0.2,-0.03047001621647117,4.293966377029816,0.10785705,0.9863681197166443,0.5914794921875,2190,-5.174224922060967
7492,362,221,217.18207827000003,2715648,313.23,0.0003,0.8352982401847839,0.39245903491973877,0.2,-0.016153095132904128,2.9161761693656443,0.16971366,0.9897572994232178,0.6807454427083334,2200,-5.162413982550303
7492,364,222,228.21654229999996,2727936,320.66,0.0003,1.5209153890609741,0.3931560814380646,0.2,-0.017344967004222174,3.544406301776568,0.16600835,0.9920022487640381,0.6978352864583334,2210,-5.160431209206581
7492,365,223,220.65588576,2740224,315.16,0.0003,1.3939439058303833,0.3921484053134918,0.2,-0.022260368010029195,3.83418445289135,0.1545527,0.9893391132354736,0.6703206380208333,2220,-5.158489866058032
7492,367,224,236.82492841999996,2752512,336.96,0.0003,0.7474292516708374,0.393292099237442,0.2,-0.0026666066036947693,2.077313547581434,0.2444402,0.994637668132782,0.7461263020833333,2230,-5.169419446587563
7492,368,225,217.80419512,2764800,311.2,0.0003,1.2098541259765625,0.39287543296813965,0.2,-0.02199955757629747,3.236028979718685,0.15048808,0.9926347732543945,0.662109375,2240,-5.184169686834017
7492,370,226,224.23054528999998,2777088,323.55,0.0003,0.8251258730888367,0.39277395606040955,0.2,-0.01883457317308057,2.9012813203036787,0.18747939,0.9913504123687744,0.7002766927083334,2250,-5.174574190378189
7492,372,227,216.00503655,2789376,315.11,0.0003,2.617593288421631,0.3919779360294342,0.2,-0.02246881557124046,5.518394853671392,0.15694986,0.9869533181190491,0.6552652994791667,2260,-5.155029293894768
7492,373,228,245.09520013000002,2801664,358.65,0.0003,2.1040310859680176,0.39054691791534424,0.2,-0.02577211094079151,4.3602023385465145,0.16122313,0.9886658191680908,0.6682942708333334,2270,-5.117391701539358
7492,375,229,252.43539454,2813952,365.11,0.0003,1.1607909202575684,0.3893733024597168,0.2,-0.0026273737996234557,2.871483987569809,0.20599286,0.9904511570930481,0.7376627604166667,2280,-5.105906491478284
7492,377,230,230.63811940000002,2826240,339.34,0.0003,1.1634920835494995,0.3892844617366791,0.2,-0.0066751441603022,3.4846678537627063,0.17496896,0.9899315237998962,0.707470703125,2290,-5.079268998901049
7492,378,231,223.28496037000002,2838528,327.0,0.0003,2.155329704284668,0.3880133628845215,0.2,-0.022871052176924422,4.058408912271261,0.17607701,0.9902823567390442,0.6864501953125,2300,-5.045651804407438
7491,380,232,246.08839951,2850816,356.52,0.0003,0.3904668390750885,0.3884265422821045,0.2,0.011897271636795874,1.6461624886840582,0.3175672,0.9938743114471436,0.7840413411458333,2310,-5.0513236840566
7490,382,233,279.79305764000003,2863104,398.3,0.0003,1.231575608253479,0.3876456916332245,0.2,-0.024372292009259885,3.3023648843169213,0.13804983,0.9862750768661499,0.6434733072916666,2320,-5.055967438220978
7490,383,234,227.04547399000003,2875392,336.6,0.0003,1.6155120134353638,0.38725969195365906,0.2,-0.028233062887738924,4.127496133248012,0.14257973,0.9904428124427795,0.6441324869791667,2330,-5.047527940074603
7490,385,235,225.55276019000001,2887680,334.44,0.0003,1.0146969556808472,0.3868591785430908,0.2,-0.011404345430006894,2.321388521293799,0.2554939,0.9942615628242493,0.7337565104166667,2340,-5.056586469213168
7489,387,236,240.73578973000002,2899968,349.24,0.0003,0.6509088277816772,0.38641607761383057,0.2,-0.017831423285436663,2.5770735959211986,0.16811156,0.9917539358139038,0.6798665364583333,2350,-5.048870605230332
7489,388,237,263.17910146,2912256,371.69,0.0003,0.9928063154220581,0.38665375113487244,0.2,-0.012029525484346474,2.4628693564484516,0.16751377,0.9914429783821106,0.7001057942708333,2360,-5.056428535779317
7489,390,238,237.52382026000004,2924544,333.85,0.0003,2.2213926315307617,0.3858628273010254,0.2,-0.03118521706928732,5.567233864963055,0.09626604,0.9857673645019531,0.5855794270833333,2370,-5.032567333181699
7489,392,239,236.72935589999997,2936832,328.49,0.0003,2.700093984603882,0.38555908203125,0.2,-0.015364933188538998,4.523584059129159,0.14454241,0.9915575981140137,0.6771158854166667,2380,-5.021368425091108
7489,393,240,249.31411546000004,2949120,347.13,0.0003,1.3108372688293457,0.3843458592891693,0.2,-0.01425366367038805,4.278612036506335,0.13539124,0.9881747364997864,0.6750813802083333,2390,-4.997637596726418
7489,395,241,286.17017076,2961408,394.81,0.0003,1.101460576057434,0.38353466987609863,0.2,0.0048246728649246505,2.383128959313035,0.30838406,0.9926460385322571,0.7666748046875,2400,-4.9707823952039085
7489,397,242,337.96759276999995,2973696,454.95,0.0003,0.7101894021034241,0.3822305202484131,0.2,-0.00461618550956094,2.454204290608565,0.21195833,0.9910376667976379,0.72021484375,2410,-4.933178699016571
7489,398,243,351.11347280999996,2985984,478.46,0.0003,1.0821183919906616,0.38218796253204346,0.2,-0.005436436950306719,3.4506706756850085,0.1969593,0.9891501069068909,0.709033203125,2420,-4.919982649882635
7489,400,244,331.04650607,2998272,442.4,0.0003,0.748361349105835,0.3806208670139313,0.2,-0.010818297097769877,2.617784950137138,0.19001622,0.9903191924095154,0.7127034505208333,2430,-4.8923390736182535
7489,401,245,299.55402553,3010560,414.24,0.0003,1.8006713390350342,0.379218190908432,0.2,-0.02007079144823365,4.296865827838579,0.14763896,0.9876421689987183,0.6696940104166667,2440,-4.864652851223946
