time/fps,time/time_elapsed,time/iterations,rollout/ep_rew_mean,rollout/ep_len_mean,time/total_timesteps,train/std,train/value_loss,train/clip_range,train/policy_gradient_loss,train/n_updates,train/entropy_loss,train/approx_kl,train/loss,train/explained_variance,train/clip_fraction,train/learning_rate
11284,1,1,-0.6514548333333702,1000.0,12288,,,,,,,,,,,
8153,3,2,248.381967625,1000.0,24576,0.13874360918998718,1323.8868958791097,0.2,-0.004996610522114983,11390,7.87546049853166,0.0062387004,458.12725830078125,0.018939077854156494,0.04150390625,1e-05
7464,4,3,288.5029573333333,1000.0,36864,0.13874377310276031,648.6535945256551,0.2,-0.007421962800435722,11400,7.875557864705722,0.007217365,280.43994140625,0.08803606033325195,0.05010579427083333,1e-05
7375,6,4,303.9822482916666,984.5625,49152,0.13874788582324982,1489.9209878285726,0.2,-0.0052642934570030775,11410,7.8754521161317825,0.00626044,732.6498413085938,0.21362584829330444,0.043009440104166664,1e-05
7310,8,5,329.84904694999994,980.3166666666667,61440,0.13874825835227966,1787.6654465993245,0.2,-0.007281267453314892,11420,7.87536296347777,0.007255888,542.3594970703125,0.3201533555984497,0.058349609375,1e-05
7293,10,6,412.4871619178082,971.1232876712329,73728,0.13874493539333344,417.983660475413,0.2,-0.008189072877091046,11430,7.875548106431961,0.0070536025,223.1935577392578,0.3328068256378174,0.065771484375,1e-05
7269,11,7,356.38148936470594,966.3882352941176,86016,0.13874225318431854,553.9217315038045,0.2,-0.01046437079833898,11440,7.87605906923612,0.010097005,327.9257507324219,0.36865442991256714,0.10511067708333334,1e-05
7253,13,8,250.39846352040814,966.4387755102041,98304,0.1387409120798111,2468.325092315674,0.2,-0.005785900633297084,11450,7.876074986656507,0.00559842,1236.738525390625,0.2922678589820862,0.0345703125,1e-05
7244,15,9,304.21850795,959.33,110592,0.138736754655838,2333.087865447998,0.2,-0.006126874223991763,11460,7.876307612657547,0.005432235,1084.8095703125,0.48513442277908325,0.036848958333333334,1e-05
7235,16,10,366.68850934999995,959.33,122880,0.13873614370822906,804.1177081425984,0.2,-0.008665398294397164,11470,7.876557890574137,0.007192875,299.4502258300781,0.5768492221832275,0.06910807291666667,1e-05
7227,18,11,403.85577937,945.29,135168,0.138732448220253,338.1856002807617,0.2,-0.010191456143123409,11480,7.876973188916842,0.0104198055,107.20799255371094,0.6879023909568787,0.1099853515625,1e-05
7217,20,12,272.73957486,949.69,147456,0.13872762024402618,779.822050412496,0.2,-0.008399352218354276,11490,7.877513075868289,0.0075770672,444.9671936035156,0.6400542259216309,0.07215169270833334,1e-05
7217,22,13,212.5421221299999,949.69,159744,0.13871170580387115,2424.6617299397785,0.2,-0.006594662442512345,11500,7.878329374392828,0.0070198253,963.2593994140625,0.36003565788269043,0.05813802083333333,1e-05
7220,23,14,205.47046997,954.22,172032,0.13869184255599976,1551.1214772542319,0.2,-0.008611781799603098,11510,7.880008835593859,0.008311597,710.1057739257812,0.5746908783912659,0.08426920572916667,1e-05
7210,25,15,329.63723891999996,954.22,184320,0.13866333663463593,629.9376221974691,0.2,-0.011187873449913847,11520,7.88168703019619,0.010803404,317.1793518066406,0.6384994983673096,0.1225830078125,1e-05
7203,27,16,424.91962512999993,958.54,196608,0.13865926861763,687.1306256612141,0.2,-0.010248761864689489,11530,7.88236366212368,0.010910284,289.0014343261719,0.6352254152297974,0.12610677083333333,1e-05
7207,28,17,473.69065296,953.12,208896,0.1386156529188156,326.134046459198,0.2,-0.010308286126625413,11540,7.8837405731280645,0.014968861,116.1502456665039,0.7792390584945679,0.18252766927083333,1e-05
7191,30,18,472.75603760999996,946.03,221184,0.13858427107334137,85.5819303671519,0.2,-0.010312885456854323,11550,7.886012936631839,0.012824915,38.30567169189453,0.909971296787262,0.21284993489583334,1e-05
7188,32,19,536.69216775,967.48,233472,0.1385735422372818,164.99953083992006,0.2,-0.010043986551560616,11560,7.886934344967206,0.011656816,90.24066162109375,0.7987565398216248,0.14884440104166666,1e-05
7189,34,20,682.2422764900002,961.33,245760,0.13858161866664886,105.35767781734467,0.2,-0.010228337104490493,11570,7.887357363104821,0.014890966,41.582862854003906,0.7454702258110046,0.19749348958333332,1e-05
7191,35,21,717.5717192699999,961.33,258048,0.13856664299964905,466.6242123921712,0.2,-0.009546648320004654,11580,7.888228222727776,0.010137293,183.23480224609375,0.5903134346008301,0.12661946614583333,1e-05
7192,37,22,715.031011,973.56,270336,0.13855670392513275,612.1259293556213,0.2,-0.008566825671490126,11590,7.889288708567619,0.008674473,253.89100646972656,0.6913033723831177,0.08994140625,1e-05
7191,39,23,743.8785787600001,973.56,282624,0.13856619596481323,606.1727924346924,0.2,-0.009077062874954816,11600,7.889309841394424,0.009920466,289.7330017089844,0.7004553079605103,0.11807454427083333,1e-05
7193,40,24,771.2708303799998,953.72,294912,0.13861796259880066,128.26520698865255,0.2,-0.008902589648156815,11610,7.887197199463844,0.018885324,67.97802734375,0.7087615728378296,0.21488444010416666,1e-05
7193,42,25,699.8340901100001,962.24,307200,0.13862422108650208,217.45546865463257,0.2,-0.00859287909794754,11620,7.885396828254064,0.011629008,148.4986114501953,0.8001258969306946,0.13721516927083333,1e-05
7191,44,26,697.70434609,969.33,319488,0.1386500597000122,747.5335295995077,0.2,-0.00854475355881732,11630,7.884795559446017,0.010573454,496.6258850097656,0.5265562534332275,0.11620279947916666,1e-05
7193,46,27,625.55548273,969.33,331776,0.13863149285316467,433.5428160667419,0.2,-0.010541268896971209,11640,7.884220356742541,0.010855708,238.56190490722656,0.7158061265945435,0.13289388020833334,1e-05
7196,47,28,618.6819941800001,975.48,344064,0.13864286243915558,739.3684474945069,0.2,-0.008636775326158386,11650,7.8843044430017475,0.008743439,450.4259033203125,0.7099083662033081,0.09413248697916667,1e-05
7196,49,29,719.14276998,975.48,356352,0.13864843547344208,537.0644609769186,0.2,-0.009377318677919296,11660,7.883072099089622,0.010678903,231.43614196777344,0.7226184606552124,0.14361979166666666,1e-05
7174,51,30,758.7559046199999,967.77,368640,0.13864660263061523,46.07636873722076,0.2,-0.01038232193289635,11670,7.883540699879329,0.017331054,17.103511810302734,0.8924780488014221,0.23568522135416667,1e-05
7176,53,31,775.3440640399999,962.73,380928,0.13866131007671356,355.3256979147593,0.2,-0.009569271361882178,11680,7.884746802846591,0.014422807,125.89634704589844,0.6819859743118286,0.16720377604166667,1e-05
7175,54,32,721.9647086199999,975.09,393216,0.13859756290912628,50.90331478118897,0.2,-0.008671656038980775,11690,7.885971134901046,0.015747325,27.06649398803711,0.8597564697265625,0.22061360677083333,1e-05
7175,56,33,740.07914553,975.09,405504,0.13859915733337402,1514.5156049728394,0.2,-0.00857655649476025,11700,7.887055315574011,0.0071413107,837.6403198242188,0.5506678819656372,0.10213216145833333,1e-05
7174,58,34,707.3159722000001,975.09,417792,0.13859505951404572,393.54941635131837,0.2,-0.011979694262845442,11710,7.887239045898119,0.011627705,179.8848419189453,0.7037428021430969,0.12030436197916666,1e-05
7175,59,35,759.8777452200001,975.09,430080,0.1385856717824936,518.3800038655598,0.2,-0.009270716839819216,11720,7.888085496425629,0.0077621974,192.96742248535156,0.738032341003418,0.088037109375,1e-05
7167,61,36,770.05341697,975.09,442368,0.13855977356433868,338.0498248418172,0.2,-0.007584458573546726,11730,7.8901603331168495,0.012291106,91.1976547241211,0.7324470281600952,0.138330078125,1e-05
7168,63,37,697.11458482,970.21,454656,0.1385510265827179,268.1857447942098,0.2,-0.008904659128165803,11740,7.89129269917806,0.012222648,133.26565551757812,0.8248237371444702,0.15858561197916668,1e-05
7169,65,38,671.0343629999999,977.92,466944,0.13853849470615387,749.6734877268474,0.2,-0.0090015854453668,11750,7.891692927479744,0.009037793,325.8304138183594,0.7259889841079712,0.0993408203125,1e-05
7170,66,39,635.02942702,982.96,479232,0.13856658339500427,413.79942779541017,0.2,-0.008933156620090206,11760,7.8915759573380155,0.010596494,160.03526306152344,0.8427991271018982,0.12364095052083333,1e-05
7170,68,40,606.8836332400001,995.12,491520,0.13854533433914185,339.7495826721191,0.2,-0.00806480376777472,11770,7.89156334400177,0.010964088,157.57443237304688,0.8075810670852661,0.13446451822916666,1e-05
7167,70,41,645.78980081,988.59,503808,0.1384907364845276,180.46688896814982,0.2,-0.010209407755367769,11780,7.894198207060496,0.01234911,64.7164077758789,0.8822627663612366,0.166845703125,1e-05
7168,71,42,692.26768614,980.83,516096,0.138498455286026,499.9950023651123,0.2,-0.00809292268822901,11790,7.895412611961365,0.009836085,220.19580078125,0.7720957398414612,0.12891438802083333,1e-05
7170,73,43,733.0879894799999,973.44,528384,0.13849861919879913,129.16535154978433,0.2,-0.009256574535296143,11800,7.894223024447759,0.013858435,44.2822265625,0.9056580662727356,0.17847493489583333,1e-05
7170,75,44,701.9875191799999,973.44,540672,0.13836634159088135,55.23627140522003,0.2,-0.009128593376954087,11810,7.896804392337799,0.017163923,21.85054588317871,0.9151794910430908,0.2148681640625,1e-05
7169,77,45,780.2219847499998,964.7,552960,0.13835543394088745,699.1001703580221,0.2,-0.00669788462012851,11820,7.901454490423203,0.008208667,283.29608154296875,0.7551236152648926,0.1009765625,1e-05
7167,78,46,769.1317056000001,964.7,565248,0.13834263384342194,215.258313592275,0.2,-0.009047971095424146,11830,7.902328249812126,0.014002603,90.9515609741211,0.8974086046218872,0.17198893229166667,1e-05
7165,80,47,818.6727793099999,964.7,577536,0.13834208250045776,330.8173087120056,0.2,-0.010503730420411254,11840,7.9027421047290165,0.0135244755,70.34918212890625,0.7889586091041565,0.186962890625,1e-05
7165,82,48,798.84513482,963.0,589824,0.1383376121520996,81.97445716857911,0.2,-0.009357602805054436,11850,7.903695889314016,0.015102212,28.305042266845703,0.8991504311561584,0.17815755208333334,1e-05
7166,84,49,876.9516597400001,969.53,602112,0.13831932842731476,45.242955668767294,0.2,-0.00925224826981624,11860,7.904335192839304,0.014148089,19.75673484802246,0.9304758310317993,0.19852701822916666,1e-05
7166,85,50,883.91509073,972.75,614400,0.13833799958229065,94.71728214422862,0.2,-0.009931481644647041,11870,7.902897660930951,0.013910946,25.174396514892578,0.8875094652175903,0.173828125,1e-05
7167,87,51,856.41886131,980.14,626688,0.13833783566951752,87.04083892504374,0.2,-0.010036655072084007,11880,7.900460197528203,0.01068994,26.37078285217285,0.8978263139724731,0.14656575520833334,1e-05
7166,89,52,897.3268912499999,966.07,638976,0.13832874596118927,269.02779742876686,0.2,-0.008250065777004541,11890,7.899158607920011,0.007994431,90.74932098388672,0.7788007259368896,0.09814453125,1e-05
7167,90,53,863.1861000199999,979.69,651264,0.13829325139522552,62.355470891793566,0.2,-0.010515092817270973,11900,7.900232308109602,0.014834979,23.513355255126953,0.9384306073188782,0.17552897135416667,1e-05
7163,92,54,869.7461319600001,965.6,663552,0.13830305635929108,130.63992657661439,0.2,-0.011048971148557029,11910,7.900724471608798,0.012959826,58.78528594970703,0.8697049617767334,0.15331217447916667,1e-05
7162,94,55,862.9813217100002,965.6,675840,0.1382804661989212,148.776113986969,0.2,-0.009394361108813124,11920,7.900972066322963,0.0096213585,62.401546478271484,0.878821074962616,0.12552083333333333,1e-05
7160,96,56,823.9547101099998,959.08,688128,0.13829843699932098,290.42200164794923,0.2,-0.008654318319167941,11930,7.900957842667897,0.009756046,113.09600067138672,0.8377030491828918,0.11190592447916667,1e-05
7159,97,57,815.5760647999999,959.08,700416,0.1382685750722885,121.45463071664174,0.2,-0.009196933750354219,11940,7.902333351969719,0.011521925,66.03533935546875,0.9031442999839783,0.1514404296875,1e-05
7157,99,58,763.2432655199998,963.62,712704,0.1382194310426712,138.00424679120383,0.2,-0.01003147209751963,11950,7.906533260146777,0.012789396,71.78125,0.9057401418685913,0.15176595052083333,1e-05
7156,101,59,727.6830575999999,963.62,724992,0.13821281492710114,475.5929358482361,0.2,-0.008987544826231897,11960,7.908950898051262,0.009518699,280.9722900390625,0.8093205690383911,0.10555826822916667,1e-05
7156,103,60,673.2945573599999,977.69,737280,0.13819466531276703,351.46822621027627,0.2,-0.007849599586431092,11970,7.909832595785459,0.010074324,190.2639617919922,0.8248357772827148,0.1213623046875,1e-05
7156,104,61,687.1317344900001,977.69,749568,0.1381700485944748,232.21976051330566,0.2,-0.007787875231103195,11980,7.910687575737636,0.011993974,116.87781524658203,0.8091145753860474,0.134130859375,1e-05
7139,106,62,691.0676666500002,985.65,761856,0.1381639689207077,125.31062843799592,0.2,-0.01055083635195236,11990,7.910648503899575,0.015377653,74.15055084228516,0.865449845790863,0.20620930989583333,1e-05
7118,108,63,677.5896842599999,982.47,774144,0.1381152719259262,208.4638819853465,0.2,-0.007583211850336132,12000,7.912616609533628,0.0149033405,90.50057983398438,0.7967796921730042,0.17236328125,1e-05
7105,110,64,559.1542506699999,990.69,786432,0.13812176883220673,465.2286444028219,0.2,-0.007707663884017771,12010,7.91379410525163,0.008143273,215.6994171142578,0.838189959526062,0.10205891927083334,1e-05
7091,112,65,432.45794330000007,990.69,798720,0.1381399780511856,1363.617697397868,0.2,-0.008211396569095086,12020,7.912771146496137,0.009615173,697.3494873046875,0.7838151454925537,0.09567057291666667,1e-05
7071,114,66,464.09731113999993,978.43,811008,0.13814686238765717,1889.5380106608072,0.2,-0.0078020273732060256,12030,7.9121189723412195,0.00942368,1266.1278076171875,0.7445415258407593,0.11100260416666667,1e-05
7062,116,67,513.85159985,978.43,823296,0.13808929920196533,107.856170074145,0.2,-0.009614790496804441,12040,7.914098060131073,0.015751148,49.838172912597656,0.9287727475166321,0.18349609375,1e-05
7053,118,68,532.59907859,972.49,835584,0.138064444065094,112.4519906282425,0.2,-0.007639619529557725,12050,7.9175436109304425,0.011821958,44.729461669921875,0.9361703395843506,0.17566731770833333,1e-05
7050,120,69,489.39826758,974.34,847872,0.1380513459444046,217.65523567199708,0.2,-0.008372149045559734,12060,7.91977833211422,0.010711338,108.99681091308594,0.8969202041625977,0.14219563802083332,1e-05
7043,122,70,492.1491678999999,972.06,860160,0.1380508989095688,234.11370636622112,0.2,-0.00809065507298025,12070,7.920248490571976,0.009344416,107.32617950439453,0.928580105304718,0.12376302083333333,1e-05
7042,123,71,555.77255917,975.24,872448,0.13806813955307007,60.395483913024265,0.2,-0.005674345460283803,12080,7.919799742102623,0.016913174,48.15567398071289,0.9195479154586792,0.20332845052083334,1e-05
7041,125,72,686.4357375,972.12,884736,0.13800542056560516,27.526895850896835,0.2,-0.007723063657128174,12090,7.9210725873708725,0.014689253,10.984403610229492,0.9322776794433594,0.2238525390625,1e-05
7030,127,73,765.8018050099998,972.12,897024,0.13797423243522644,178.70757082303365,0.2,-0.007493800658752056,12100,7.923722084363302,0.0085950205,71.32671356201172,0.8914216160774231,0.10206705729166667,1e-05
7015,129,74,855.83036705,978.51,909312,0.13795453310012817,82.25094989935558,0.2,-0.00963975932293882,12110,7.925195228060087,0.012872152,39.66530227661133,0.9011721014976501,0.1526123046875,1e-05
6999,131,75,856.27268493,984.38,921600,0.13792644441127777,61.32324553330739,0.2,-0.009647965110343649,12120,7.927007506291072,0.011582675,28.00104522705078,0.9109596610069275,0.14925130208333334,1e-05
6988,133,76,924.7376535199999,989.69,933888,0.13793930411338806,59.3366206129392,0.2,-0.01109933984601715,12130,7.927332136034965,0.011976612,21.494543075561523,0.920231819152832,0.149755859375,1e-05
6986,135,77,934.4564346200001,975.67,946176,0.13793854415416718,19.71873339017232,0.2,-0.012180553095822689,12140,7.927278543512027,0.013958911,8.860319137573242,0.9542388319969177,0.18306477864583334,1e-05
6989,137,78,928.74869309,982.23,958464,0.13793784379959106,211.36253361701966,0.2,-0.006704284958444381,12150,7.928577475746473,0.008665534,157.38201904296875,0.8654393553733826,0.09856770833333334,1e-05
6989,138,79,872.0507458100001,982.23,970752,0.13794389367103577,69.03723808526993,0.2,-0.010089593794934142,12160,7.928148285547892,0.012330628,40.59975051879883,0.9154791831970215,0.15459798177083334,1e-05
6991,140,80,857.21584911,982.77,983040,0.1379428505897522,307.752388159434,0.2,-0.008766707411268726,12170,7.927873433629672,0.008946414,144.13250732421875,0.7764453887939453,0.10057779947916666,1e-05
6993,142,81,869.4350277599999,982.77,995328,0.13793747127056122,89.7141357978185,0.2,-0.010275606625994745,12180,7.928987181186676,0.012523529,42.21704864501953,0.9159649610519409,0.1396484375,1e-05
6995,144,82,848.95027119,982.77,1007616,0.1378827840089798,72.34908026059469,0.2,-0.011530426468137496,12190,7.931688054402669,0.0140966,27.8736515045166,0.948636531829834,0.1875,1e-05
6996,145,83,807.8932985099999,976.82,1019904,0.1378653198480606,222.49605696996053,0.2,-0.009312550184161713,12200,7.933600234985351,0.010115943,104.02722930908203,0.8656730651855469,0.10830078125,1e-05
6996,147,84,709.44294857,964.79,1032192,0.13784950971603394,247.90371613502504,0.2,-0.009004581979146073,12210,7.934955056508382,0.009177562,82.01396942138672,0.8671963214874268,0.10594889322916666,1e-05
6996,149,85,696.4774268699999,978.81,1044480,0.1378198117017746,281.5783017794291,0.2,-0.009148356638615952,12220,7.936571119228999,0.010781755,120.50994110107422,0.8990891575813293,0.12549641927083333,1e-05
6998,151,86,640.4531069799999,978.81,1056768,0.13782064616680145,349.42685047785443,0.2,-0.006307587483994818,12230,7.9382353782653805,0.009973771,138.8970184326172,0.8917313814163208,0.11375325520833333,1e-05
7000,152,87,628.1172693799999,978.81,1069056,0.1378038078546524,304.8415961901347,0.2,-0.009136132811545395,12240,7.938927266001701,0.009915282,135.5357666015625,0.8953993320465088,0.12129720052083333,1e-05
7002,154,88,616.0650497499998,979.63,1081344,0.13779452443122864,422.44542503356934,0.2,-0.007921643680795872,12250,7.9397475063800815,0.0100987675,187.25196838378906,0.8001949191093445,0.10426432291666667,1e-05
7005,156,89,571.57141735,965.19,1093632,0.13779905438423157,149.30471518834432,0.2,-0.007530959241557866,12260,7.939733482400576,0.013343096,79.95111846923828,0.9345074892044067,0.1681640625,1e-05
7008,157,90,553.4855220000001,957.19,1105920,0.13782338798046112,137.20919720331827,0.2,-0.009394684667495313,12270,7.938406225045522,0.013790923,67.55337524414062,0.9035912752151489,0.18182779947916666,1e-05
7010,159,91,587.0010765399999,963.14,1118208,0.1377873569726944,150.49266123771667,0.2,-0.006943275406471609,12280,7.939300705989202,0.012430035,63.11503982543945,0.9244968891143799,0.15841471354166667,1e-05
7012,161,92,606.23758984,975.8,1130496,0.13777844607830048,79.69374302228292,0.2,-0.008081505151252107,12290,7.941190598408381,0.011976232,33.60072326660156,0.9518676400184631,0.17601725260416667,1e-05
7014,162,93,572.9598611499999,967.86,1142784,0.13776004314422607,326.4756895065308,0.2,-0.007752937862339119,12300,7.942071820298831,0.009671376,137.0528106689453,0.8915141820907593,0.12080078125,1e-05
7015,164,94,593.45980554,956.48,1155072,0.13773709535598755,356.05814367930094,0.2,-0.007146533120976528,12310,7.943766525387764,0.009838613,198.4807586669922,0.8720114827156067,0.11416829427083333,1e-05
7017,166,95,662.8282538099999,954.41,1167360,0.1377083957195282,99.5898983001709,0.2,-0.00823040139512159,12320,7.945888603727023,0.012415521,47.30652618408203,0.9555646181106567,0.18611653645833334,1e-05
7019,168,96,696.49034166,952.76,1179648,0.1376890391111374,26.446760545174282,0.2,-0.009589626219531055,12330,7.947855410973231,0.014524941,8.273153305053711,0.9623352289199829,0.19706217447916666,1e-05
7020,169,97,679.4254730800001,959.36,1191936,0.13768504559993744,163.08841568628947,0.2,-0.009043752051851092,12340,7.949298244714737,0.009451456,72.39995574951172,0.9361426830291748,0.11573079427083334,1e-05
7022,171,98,710.4517909199999,965.19,1204224,0.1376996487379074,149.65639193852743,0.2,-0.008967045563622378,12350,7.948780893286069,0.013917148,127.60167694091797,0.9323740601539612,0.15906575520833333,1e-05
7025,173,99,733.73931077,965.19,1216512,0.13768430054187775,43.6754986445109,0.2,-0.010755845491560952,12360,7.948471231261889,0.014753363,17.604751586914062,0.9587932229042053,0.18780110677083334,1e-05
7026,174,100,781.5612376499998,961.32,1228800,0.13763059675693512,44.5510438879331,0.2,-0.006266142709743387,12370,7.9514194895823795,0.01423872,15.76283073425293,0.9445223808288574,0.194287109375,1e-05
7028,176,101,827.53120947,974.0,1241088,0.13761286437511444,108.20534212589264,0.2,-0.008563933491920276,12380,7.9544700473546985,0.0112057,54.092529296875,0.9328286051750183,0.12344563802083333,1e-05
7030,178,102,836.3834029600001,980.64,1253376,0.13763315975666046,126.5430106163025,0.2,-0.009166460142296273,12390,7.954647475481034,0.010331006,62.6923828125,0.9194802641868591,0.12565104166666666,1e-05
7030,180,103,781.26489086,979.54,1265664,0.13762407004833221,85.90524643262228,0.2,-0.012666772905504331,12400,7.954492642482122,0.011705871,52.02134323120117,0.9284356236457825,0.14203287760416666,1e-05
7029,181,104,778.7956018000001,986.12,1277952,0.13761524856090546,209.70371929804483,0.2,-0.011257935704634292,12410,7.954841218392054,0.010669823,127.59912872314453,0.8960511684417725,0.11736653645833334,1e-05
7029,183,105,822.7905004600001,990.79,1290240,0.13763675093650818,100.99772617816924,0.2,-0.009639318863143368,12420,7.954775681098302,0.01198954,56.14597702026367,0.8597202301025391,0.16368001302083332,1e-05
7031,185,106,831.2748377899999,992.96,1302528,0.1376512497663498,25.562075847387312,0.2,-0.009917574895856282,12430,7.953407664100329,0.014891304,10.548022270202637,0.9490501880645752,0.19788411458333333,1e-05
7033,186,107,790.3694558700001,992.96,1314816,0.13765473663806915,206.78715279102326,0.2,-0.008124666940420865,12440,7.952490009864172,0.008315285,65.53565216064453,0.9249707460403442,0.1060791015625,1e-05
7035,188,108,792.5881488800001,996.83,1327104,0.13766051828861237,145.60587988694508,0.2,-0.00844059187026384,12450,7.9519219676653545,0.009472211,72.54263305664062,0.9106947183609009,0.11756998697916667,1e-05
7037,190,109,810.40587612,996.83,1339392,0.13770624995231628,257.11921146710716,0.2,-0.009981202377336256,12460,7.949895069003105,0.011325836,106.92100524902344,0.7070865631103516,0.13021647135416667,1e-05
7033,192,110,842.79932753,996.83,1351680,0.13766153156757355,58.034538662433626,0.2,-0.011191512913016292,12470,7.948938296238581,0.013250228,20.638092041015625,0.9617460370063782,0.1536865234375,1e-05
7029,194,111,905.2851610700001,1000.0,1363968,0.1376141607761383,23.782962568600972,0.2,-0.009598838240102244,12480,7.952124532063802,0.015072231,8.855659484863281,0.9358078837394714,0.2157470703125,1e-05
7024,195,112,927.0804585299999,994.65,1376256,0.13758228719234467,19.78040581146876,0.2,-0.011970215177279897,12490,7.955422967672348,0.016456395,9.659269332885742,0.8750870227813721,0.20939127604166666,1e-05
7025,197,113,880.67280681,994.65,1388544,0.13755299150943756,41.587642733256025,0.2,-0.012610268871261118,12500,7.957895290851593,0.013671465,17.51325035095215,0.8646946549415588,0.16178385416666666,1e-05
7025,199,114,841.24926741,994.65,1400832,0.13754650950431824,200.0155320485433,0.2,-0.007671979873460562,12510,7.959605955084165,0.008713721,93.03841400146484,0.739919126033783,0.07652994791666666,1e-05
7019,201,115,830.8242056799999,994.65,1413120,0.137523353099823,457.2822746912638,0.2,-0.009968787047546357,12520,7.960826054215431,0.008604866,153.62155151367188,0.6093289852142334,0.09132486979166667,1e-05
7017,203,116,841.6948255100001,990.66,1425408,0.1375327855348587,180.71674097379048,0.2,-0.012174151227130399,12530,7.961344093084335,0.012290279,55.3787841796875,0.7060668468475342,0.1444580078125,1e-05
7013,204,117,834.61101371,990.66,1437696,0.13757111132144928,68.32657373746237,0.2,-0.011423831975722958,12540,7.959877126415571,0.013005615,32.00687789916992,0.8046755194664001,0.14784342447916668,1e-05
7008,206,118,814.9903934,987.61,1449984,0.13757292926311493,159.2497045358022,0.2,-0.010438358307874296,12550,7.958669053514798,0.010450975,91.7346420288086,0.7387162446975708,0.12347819010416666,1e-05
6994,209,119,810.0716740800001,982.81,1462272,0.13755790889263153,45.5346284866333,0.2,-0.010508628526198056,12560,7.9592885941267015,0.014162428,16.234729766845703,0.9020034074783325,0.17704264322916666,1e-05
6989,210,120,797.17980291,988.16,1474560,0.1375461369752884,26.15060538450877,0.2,-0.008209516759719312,12570,7.959157902995745,0.0141032925,10.828496932983398,0.9720706343650818,0.17020670572916666,1e-05
6982,212,121,801.57059154,988.16,1486848,0.13755054771900177,115.40990954240164,0.2,-0.008217822904407512,12580,7.958956688642502,0.008769617,48.818748474121094,0.8716470003128052,0.1080810546875,1e-05
6978,214,122,828.04013638,988.16,1499136,0.13757528364658356,249.66526041030883,0.2,-0.010443194131948986,12590,7.95759827196598,0.0108626885,67.79156494140625,0.847052812576294,0.11451822916666667,1e-05
6972,216,123,829.2501403399999,988.16,1511424,0.13757644593715668,152.31424870491028,0.2,-0.011487039155811847,12600,7.956038738290469,0.011252974,92.67472839355469,0.883021354675293,0.14383138020833333,1e-05
6972,218,124,848.5975587800001,984.59,1523712,0.13758344948291779,171.4621197382609,0.2,-0.0092980381877472,12610,7.9545838336149854,0.016704343,82.24849700927734,0.3505227565765381,0.23705240885416667,1e-05
6969,220,125,879.6842535000001,981.35,1536000,0.13750682771205902,15.366988430420557,0.2,-0.008190588852933918,12620,7.95631204644839,0.016350847,6.560823440551758,0.8910914659500122,0.229150390625,1e-05
6966,222,126,886.21606461,984.4,1548288,0.137507364153862,37.31675668557485,0.2,-0.011645218473859131,12630,7.959878338376681,0.01394669,13.799575805664062,0.918370246887207,0.1625732421875,1e-05
6959,224,127,853.0120442499999,989.2,1560576,0.13753338158130646,123.8247220993042,0.2,-0.00931997158525822,12640,7.958956189950308,0.00958898,63.3277587890625,0.8281893730163574,0.10624186197916667,1e-05
6958,226,128,845.1603437399997,989.2,1572864,0.13755366206169128,214.61558583577474,0.2,-0.011102596453080574,12650,7.957617740829786,0.011958133,137.09970092773438,0.7567741274833679,0.12733561197916668,1e-05
6960,227,129,836.3094569,989.2,1585152,0.13756009936332703,94.30502246220907,0.2,-0.010633661941392347,12660,7.956983919938406,0.010512012,41.89449691772461,0.8472810387611389,0.121728515625,1e-05
6961,229,130,856.5846447999998,989.2,1597440,0.1375647336244583,212.19279403686522,0.2,-0.009063819256941013,12670,7.957107443610827,0.009784175,69.82671356201172,0.7769997119903564,0.10230305989583334,1e-05
6961,231,131,852.1539930499999,989.2,1609728,0.13749784231185913,41.32772574027379,0.2,-0.00990237762259009,12680,7.9587330023447675,0.013399961,23.97751808166504,0.9360693097114563,0.1629638671875,1e-05
6962,232,132,816.6891526300002,996.76,1622016,0.1374877244234085,80.92798680464426,0.2,-0.010712311951404747,12690,7.960597212115924,0.012796122,41.65357971191406,0.7982387542724609,0.152978515625,1e-05
6958,234,133,798.70229521,994.42,1634304,0.13748566806316376,245.22933120727538,0.2,-0.009112383366543023,12700,7.960489385326704,0.010713126,95.5290298461914,0.8345010876655579,0.10161946614583334,1e-05
6955,236,134,784.51203708,988.0,1646592,0.1375371217727661,135.23877657254536,0.2,-0.009909937013677943,12710,7.95835406879584,0.009438661,40.47005844116211,0.8837417364120483,0.12522786458333332,1e-05
6956,238,135,724.4645657599999,988.0,1658880,0.1375352293252945,93.33456788857778,0.2,-0.00948908138234401,12720,7.955764768520991,0.01290295,39.25335693359375,0.8112177848815918,0.15,1e-05
6956,240,136,783.06190055,988.0,1671168,0.13753803074359894,305.1469061215719,0.2,-0.00958248201495735,12730,7.9554981331030525,0.010166747,134.9606170654297,0.7319594025611877,0.11793619791666667,1e-05
6957,241,137,798.7311883399999,988.0,1683456,0.1375017762184143,17.5118923107783,0.2,-0.008121908180085787,12740,7.956039113799731,0.016201874,7.530471324920654,0.9686353206634521,0.22931315104166666,1e-05
6956,243,138,807.624596,988.0,1695744,0.13747137784957886,137.1842694203059,0.2,-0.008263944349891972,12750,7.958256719509761,0.011525579,49.43661880493164,0.8339990377426147,0.13427734375,1e-05
6957,245,139,824.4096850000001,981.84,1708032,0.13746364414691925,31.96899442076683,0.2,-0.00783004524516097,12760,7.960260997215907,0.010946679,10.963911056518555,0.9400843977928162,0.1474365234375,1e-05
6954,247,140,862.9465182499999,981.84,1720320,0.13746649026870728,68.37717599074045,0.2,-0.007827947462404457,12770,7.960282551248868,0.011584501,39.135868072509766,0.9173442125320435,0.14740397135416666,1e-05
6952,249,141,830.7998012800001,987.42,1732608,0.1374683827161789,56.551131864388786,0.2,-0.01074676161078969,12780,7.960334269205729,0.012744617,19.522171020507812,0.9193612933158875,0.15962727864583334,1e-05
6952,250,142,807.15047078,983.44,1744896,0.13748428225517273,109.3486935933431,0.2,-0.009183020015674023,12790,7.959741775194804,0.010406182,57.81586456298828,0.8829904198646545,0.11984049479166667,1e-05
6940,253,143,819.0070005100001,983.44,1757184,0.13750971853733063,133.6495191891988,0.2,-0.00898936284405257,12800,7.9581521391868595,0.009448601,54.509033203125,0.9200202226638794,0.10940755208333333,1e-05
6935,255,144,816.2413651899999,972.09,1769472,0.13750523328781128,128.2780910094579,0.2,-0.007796900727165242,12810,7.957577971617381,0.011087681,76.07713317871094,0.8825151920318604,0.1244140625,1e-05
6929,257,145,826.95904224,964.68,1781760,0.13741452991962433,11.153410077095032,0.2,-0.008861970127327368,12820,7.960897646347681,0.015431099,3.7053608894348145,0.9617831707000732,0.21705729166666668,1e-05
6923,259,146,799.9244644299998,963.99,1794048,0.13741357624530792,100.76184786955515,0.2,-0.010387043225152107,12830,7.964107488592465,0.011253506,27.274770736694336,0.9170385599136353,0.1343994140625,1e-05
6916,261,147,819.2710519300001,963.99,1806336,0.13742627203464508,52.829291224479675,0.2,-0.009167193635948933,12840,7.963138175010681,0.010471706,32.82598114013672,0.9469000101089478,0.1482666015625,1e-05
6915,262,148,848.6607047800001,956.34,1818624,0.13747306168079376,94.77871856292089,0.2,-0.008685080089586942,12850,7.960316536823909,0.010767306,29.092679977416992,0.823974609375,0.15244140625,1e-05
6914,264,149,847.1969304000002,956.34,1830912,0.13743633031845093,25.47341259121895,0.2,-0.009705031182481132,12860,7.960354544719061,0.013235868,12.084775924682617,0.9618776440620422,0.18833821614583332,1e-05
6916,266,150,905.4298163,957.0,1843200,0.13742314279079437,284.3284149169922,0.2,-0.0077800823732104615,12870,7.962457635998726,0.008178688,123.89148712158203,0.7139575481414795,0.08978678385416666,1e-05
6913,268,151,914.8459800900002,962.63,1855488,0.13745060563087463,19.026349184910455,0.2,-0.009502355760196224,12880,7.961641721924146,0.014265501,8.335348129272461,0.9635823369026184,0.20537109375,1e-05
6906,270,152,918.3332547599999,968.35,1867776,0.1374504268169403,72.1736427028974,0.2,-0.009663545128326708,12890,7.960704908768336,0.010798908,48.3127326965332,0.8657490015029907,0.13494466145833334,1e-05
6901,272,153,932.78812454,975.76,1880064,0.13746565580368042,60.64356205066045,0.2,-0.00832898073955827,12900,7.960353844364485,0.011101457,28.229616165161133,0.9212310910224915,0.118798828125,1e-05
6892,274,154,973.9397362499999,982.61,1892352,0.1374545842409134,13.440665213267009,0.2,-0.008051032726264869,12910,7.9608119835456215,0.014571768,2.6900951862335205,0.9721541404724121,0.20714518229166667,1e-05
6887,276,155,966.8665158700001,976.47,1904640,0.13738907873630524,5.984305652479331,0.2,-0.007545100898520711,12920,7.9632244378328325,0.013183765,2.2080366611480713,0.9690641760826111,0.19076334635416667,1e-05
6886,278,156,930.26268138,984.12,1916928,0.13740335404872894,38.182863485813144,0.2,-0.009234322806150885,12930,7.965539165337881,0.01242132,17.52822494506836,0.9162912368774414,0.14593098958333334,1e-05
6881,280,157,957.56144881,984.12,1929216,0.13740648329257965,240.86681300799052,0.2,-0.008402612683615493,12940,7.965313891569774,0.007435713,124.40948486328125,0.8409219980239868,0.07105305989583334,1e-05
6875,282,158,974.86921839,987.59,1941504,0.13740502297878265,134.7321990807851,0.2,-0.00911386051690594,12950,7.965013203024864,0.010696101,51.62128448486328,0.8168203830718994,0.12450358072916666,1e-05
6870,284,159,979.5002060399999,987.59,1953792,0.13742971420288086,7.832531905174255,0.2,-0.008548317924820973,12960,7.964487711588542,0.014411874,2.767286777496338,0.9716425538063049,0.216943359375,1e-05
6869,286,160,952.9200666000002,981.88,1966080,0.13741767406463623,54.40583353837331,0.2,-0.00819516424186683,12970,7.964557074507078,0.00905075,12.514190673828125,0.9183657765388489,0.10068359375,1e-05
6863,288,161,888.4365834699998,974.39,1978368,0.13738922774791718,52.28128854036331,0.2,-0.009394418400188443,12980,7.966134534279505,0.010155144,27.631717681884766,0.92209792137146,0.104052734375,1e-05
6860,290,162,884.2926045199998,974.39,1990656,0.13736888766288757,385.80906947453815,0.2,-0.008495354039769153,12990,7.96813126206398,0.0073932246,193.56871032714844,0.7863761186599731,0.07217610677083333,1e-05
6860,291,163,865.7930091899999,974.69,2002944,0.13737733662128448,48.161559863885245,0.2,-0.010483955128196006,13000,7.969042373696963,0.013718654,24.037818908691406,0.843256413936615,0.18419596354166667,1e-05
6859,293,164,875.1116377999999,969.39,2015232,0.13736067712306976,78.22073908249537,0.2,-0.009162432465624685,13010,7.969588892658551,0.011685518,52.63086700439453,0.8901935815811157,0.15320638020833333,1e-05
6857,295,165,884.2173950400002,969.39,2027520,0.13738417625427246,81.13975890477498,0.2,-0.009544063614157494,13020,7.969201387961705,0.009580336,38.33941650390625,0.9468650221824646,0.11636555989583333,1e-05
6854,297,166,844.6753488599998,975.66,2039808,0.13738134503364563,114.4238914569219,0.2,-0.009502627776237204,13030,7.968102065722148,0.011213161,44.826866149902344,0.9268626570701599,0.123583984375,1e-05
6853,299,167,863.51532111,975.66,2052096,0.13737960159778595,165.69790857632955,0.2,-0.011878175018743302,13040,7.968119322260221,0.011329536,72.97695922851562,0.9071192741394043,0.13388671875,1e-05
6849,301,168,884.9125589299999,981.37,2064384,0.1374383419752121,13.20616939663887,0.2,-0.009291435115058751,13050,7.965948313474655,0.015553492,4.168812274932861,0.9607947468757629,0.23705240885416667,1e-05
6837,303,169,929.49038746,981.37,2076672,0.1374107152223587,17.95954198439916,0.2,-0.009338120901278064,13060,7.9655701895554865,0.01271868,7.20961856842041,0.9714253544807434,0.1627685546875,1e-05
6834,305,170,920.2253136799998,988.86,2088960,0.13742345571517944,77.09647733370463,0.2,-0.007848802987427916,13070,7.966247277458509,0.009403698,33.86178207397461,0.9027071595191956,0.10611165364583333,1e-05
6832,307,171,895.58687632,994.7,2101248,0.13740424811840057,69.64639119704565,0.2,-0.011410542648809497,13080,7.96643296678861,0.014438699,22.040407180786133,0.9224489331245422,0.177783203125,1e-05
6831,309,172,940.5603378699999,1000.0,2113536,0.13741464912891388,166.00069450537364,0.2,-0.007316552037567211,13090,7.9671800315380095,0.009322319,68.94053649902344,0.9017277359962463,0.112939453125,1e-05
6829,311,173,948.3418422699999,993.98,2125824,0.13742782175540924,22.570361773173016,0.2,-0.00814100850984687,13100,7.967477503418922,0.01630544,11.656774520874023,0.948898434638977,0.22275390625,1e-05
6821,313,174,985.7252505399999,993.98,2138112,0.13735586404800415,25.916636429230373,0.2,-0.009473158356073933,13110,7.970171431700389,0.015940122,14.16910171508789,0.951313853263855,0.20640462239583332,1e-05
6817,315,175,953.9196574500004,990.93,2150400,0.13734114170074463,48.21081463098526,0.2,-0.010383363005530555,13120,7.972989184657733,0.011362684,22.801712036132812,0.8893641233444214,0.13502604166666668,1e-05
6812,317,176,942.40795614,990.93,2162688,0.13734298944473267,54.94931804339091,0.2,-0.008940603330362744,13130,7.973647640148799,0.01227203,20.496196746826172,0.8654837012290955,0.13492838541666666,1e-05
6808,319,177,936.68504516,990.93,2174976,0.13732357323169708,17.553837553660074,0.2,-0.009522291746300955,13140,7.973883838454882,0.014469582,6.332562446594238,0.9804623126983643,0.1666259765625,1e-05
6804,321,178,932.8398323299999,984.1,2187264,0.13731621205806732,59.87941368818283,0.2,-0.007538548596009302,13150,7.974390946825346,0.008524036,29.226680755615234,0.9567883014678955,0.1035888671875,1e-05
6800,323,179,968.19908027,984.1,2199552,0.1373036801815033,46.72007401784261,0.2,-0.00914681996461392,13160,7.9750067840019865,0.009769828,22.49772071838379,0.9568173885345459,0.11553548177083334,1e-05
6796,325,180,962.8430018800001,984.1,2211840,0.13728360831737518,32.792640264829,0.2,-0.009990643181178408,13170,7.977089818318685,0.013807114,13.661247253417969,0.9304277896881104,0.18211263020833332,1e-05
6792,327,181,949.5535335600001,984.1,2224128,0.13732221722602844,61.981550149122874,0.2,-0.009854000172830031,13180,7.976660409569741,0.014826109,44.4704704284668,0.900184690952301,0.19270833333333334,1e-05
6788,329,182,903.8496062700001,990.12,2236416,0.13732856512069702,135.44549701213836,0.2,-0.009871775335341226,13190,7.975100986162821,0.012019054,66.68390655517578,0.898837149143219,0.15100911458333333,1e-05
6784,331,183,941.6107761799999,993.17,2248704,0.1373225897550583,233.1545635064443,0.2,-0.008655009896998914,13200,7.975225500265757,0.009584599,106.64521026611328,0.7312382459640503,0.1203125,1e-05
6780,333,184,937.81295794,993.17,2260992,0.1372663527727127,13.590185683965682,0.2,-0.008250791308334253,13210,7.977705898880958,0.017579595,6.297776699066162,0.9818891286849976,0.21988118489583333,1e-05
6777,335,185,940.6926060200001,986.78,2273280,0.13725508749485016,36.06886371771495,0.2,-0.008868293704775472,13220,7.981185417373975,0.013329901,24.66742515563965,0.9442691802978516,0.16929524739583332,1e-05
6773,337,186,938.16011486,990.24,2285568,0.13727201521396637,164.3655096769333,0.2,-0.007834730820710926,13230,7.9806500991185505,0.011519585,69.90357208251953,0.873565137386322,0.16578776041666668,1e-05
6770,339,187,917.18126451,983.29,2297856,0.13727021217346191,29.743664890527725,0.2,-0.008858257898828015,13240,7.979538685083389,0.014778164,11.448168754577637,0.9709120392799377,0.22699381510416666,1e-05
6766,341,188,921.92190744,983.29,2310144,0.1372627317905426,65.69630284309387,0.2,-0.0073872789507731795,13250,7.979669414957365,0.013012941,33.897064208984375,0.9139570593833923,0.1773193359375,1e-05
6760,343,189,935.53552025,983.29,2322432,0.1372276395559311,9.499497785170872,0.2,-0.006940154703625012,13260,7.981032405296961,0.013872315,3.2651207447052,0.9481381177902222,0.2332275390625,1e-05
6757,345,190,968.0455129400002,983.29,2334720,0.1372072398662567,52.890621860822044,0.2,-0.007758888597406136,13270,7.983259605367978,0.008866616,17.79410743713379,0.9401258826255798,0.110009765625,1e-05
6754,347,191,927.5454083699998,983.29,2347008,0.13719046115875244,199.7232710202535,0.2,-0.0073347356820401425,13280,7.984549471735955,0.008162327,94.32994079589844,0.8158180117607117,0.07517903645833333,1e-05
6750,349,192,929.15439982,989.68,2359296,0.1371717005968094,104.02756722768147,0.2,-0.008680860330059659,13290,7.98583411971728,0.009649203,73.42315673828125,0.8581193685531616,0.12804361979166667,1e-05
6746,351,193,886.1557539099999,989.68,2371584,0.13718943297863007,124.66941097577413,0.2,-0.010748982500808779,13300,7.986127959688504,0.01098946,49.69461441040039,0.9253805875778198,0.12267252604166666,1e-05
6743,353,194,897.8806837000001,993.05,2383872,0.13716380298137665,166.54747835795084,0.2,-0.009683627564906297,13310,7.98666080236435,0.010457276,98.64991760253906,0.8764301538467407,0.12327473958333333,1e-05
6740,355,195,869.3711743299999,1000.0,2396160,0.13714510202407837,222.9502750078837,0.2,-0.010291598745970987,13320,7.987703636288643,0.009922343,81.8009033203125,0.9204524755477905,0.11482747395833333,1e-05
6737,357,196,809.5958259199999,1000.0,2408448,0.1371545046567917,92.53189253807068,0.2,-0.00930763648308736,13330,7.987371479471524,0.010674355,41.85676193237305,0.9549779891967773,0.12899576822916667,1e-05
6733,359,197,796.31630307,1000.0,2420736,0.13716167211532593,176.45610540707906,0.2,-0.009465272136731073,13340,7.987273406982422,0.01282629,65.72972106933594,0.8083124160766602,0.159912109375,1e-05
6729,361,198,798.94990031,1000.0,2433024,0.1371009796857834,52.59407727718353,0.2,-0.008875054130718733,13350,7.989208729068438,0.012143073,26.959333419799805,0.9644504189491272,0.1558837890625,1e-05
6726,363,199,851.5592577900002,1000.0,2445312,0.13708128035068512,22.07053458491961,0.2,-0.008861494832672179,13360,7.992994024356206,0.01686558,11.336713790893555,0.9471439719200134,0.22705891927083333,1e-05
6723,365,200,863.9118348499999,1000.0,2457600,0.13708540797233582,7.17162616600593,0.2,-0.007630015318864025,13370,7.995289181669553,0.015449743,3.525291681289673,0.9604137539863586,0.238720703125,1e-05
6720,367,201,911.8886455000002,1000.0,2469888,0.13714082539081573,10.771792267759642,0.2,-0.009690770554880147,13380,7.994622696439425,0.012774424,4.563597679138184,0.9441362619400024,0.17093912760416666,1e-05
6716,369,202,912.4831224599999,999.73,2482176,0.13713933527469635,77.80288761456808,0.2,-0.01103606138737329,13390,7.993373556931814,0.010461527,26.257564544677734,0.7342261075973511,0.12122395833333334,1e-05
6714,371,203,949.4291662300001,999.73,2494464,0.13712842762470245,27.573158129056296,0.2,-0.00968159588422471,13400,7.993706761797269,0.00960158,14.126885414123535,0.9741186499595642,0.10868326822916667,1e-05
6710,373,204,975.69708597,999.73,2506752,0.13711020350456238,41.013231273492174,0.2,-0.00921044181062219,13410,7.994731276233991,0.0121332,20.45599937438965,0.9347536563873291,0.1368408203125,1e-05
6708,375,205,1005.1987628299999,999.73,2519040,0.13710512220859528,133.25522742271423,0.2,-0.009159759218649317,13420,7.995805006225904,0.010511395,47.4846076965332,0.7234163284301758,0.121923828125,1e-05
6705,377,206,1030.96880571,999.73,2531328,0.1370721012353897,15.536815583705902,0.2,-0.006868289965010869,13430,7.9963656038045885,0.015288614,5.381504058837891,0.8697311282157898,0.23033040364583332,1e-05
6702,379,207,1017.93486259,999.73,2543616,0.1370735913515091,11.78886403342088,0.2,-0.008119906306092162,13440,7.99730095565319,0.011487377,4.364719867706299,0.9800719022750854,0.12356770833333333,1e-05
6700,381,208,1011.45637331,999.73,2555904,0.1370503455400467,22.196948023637137,0.2,-0.009920388596947305,13450,7.99808109998703,0.01181256,6.754635810852051,0.9567211866378784,0.13310546875,1e-05
6698,383,209,1017.8069304700001,999.73,2568192,0.1370309591293335,25.997239993015924,0.2,-0.00792258781924223,13460,8.000335208574931,0.011423054,10.593664169311523,0.9150433540344238,0.15170084635416667,1e-05
6695,385,210,1017.6444477499999,1000.0,2580480,0.1370285004377365,21.35849907795588,0.2,-0.00958155860134866,13470,8.001760478814443,0.012325652,11.396048545837402,0.9094664454460144,0.16680501302083334,1e-05
6693,387,211,1011.9869934,1000.0,2592768,0.13699032366275787,35.95248653888702,0.2,-0.006893333250385088,13480,8.002537343899409,0.013676281,14.560907363891602,0.8208107948303223,0.154052734375,1e-05
6691,389,212,1050.77806216,1000.0,2605056,0.1369699388742447,58.640872248013814,0.2,-0.008851700248002695,13490,8.004969203472138,0.012012389,34.39057922363281,0.8311754465103149,0.154931640625,1e-05
6688,391,213,1044.62639038,1000.0,2617344,0.136987566947937,11.769869751731555,0.2,-0.011660485222819261,13500,8.005607525507608,0.013919339,4.556778907775879,0.9055378437042236,0.17691243489583333,1e-05
6686,393,214,1031.5938883400001,1000.0,2629632,0.1370113641023636,88.81533911625544,0.2,-0.007366381028744703,13510,8.004287310441335,0.01178551,37.73862075805664,0.6941017508506775,0.153564453125,1e-05
6684,395,215,1027.76501577,1000.0,2641920,0.13697843253612518,19.285236354668935,0.2,-0.009872460887224103,13520,8.004878463347753,0.013512353,8.014201164245605,0.9148016571998596,0.1640380859375,1e-05
6682,397,216,1046.2726338399998,1000.0,2654208,0.13695621490478516,16.076405817270278,0.2,-0.009531580177523816,13530,8.007256100575129,0.012835515,6.814145565032959,0.9315142035484314,0.16087239583333332,1e-05
6679,399,217,1010.59728793,1000.0,2666496,0.1369439959526062,19.646731973687807,0.2,-0.011487066862173378,13540,8.009282277027767,0.011657479,11.35318660736084,0.9672570824623108,0.16509602864583334,1e-05
6677,401,218,1030.4389256700001,1000.0,2678784,0.1369522362947464,114.68129782676696,0.2,-0.010263562240773657,13550,8.01027592420578,0.010512491,36.99259567260742,0.817919135093689,0.12770182291666668,1e-05
6676,403,219,1007.9054279600001,1000.0,2691072,0.1369459480047226,15.291125671068828,0.2,-0.008968863053208527,13560,8.01062868833542,0.011391985,5.137906074523926,0.9577413201332092,0.1598388671875,1e-05
6672,405,220,990.62240838,1000.0,2703360,0.136946901679039,63.65676775773366,0.2,-0.009889496388980963,13570,8.011565639575322,0.011001095,29.281076431274414,0.9031209349632263,0.12715657552083334,1e-05
6670,407,221,1014.7849884600001,1000.0,2715648,0.13693857192993164,74.13768080472946,0.2,-0.009838456375291571,13580,8.011549206574758,0.01477747,18.564855575561523,0.7286258339881897,0.17263997395833333,1e-05
6668,409,222,979.5685848800001,1000.0,2727936,0.13693194091320038,72.06594466368357,0.2,-0.008626091862727966,13590,8.011920424302419,0.008971739,37.44327926635742,0.9238338470458984,0.10069173177083333,1e-05
6666,411,223,948.4678495900001,1000.0,2740224,0.13692373037338257,129.5042723019918,0.2,-0.010953501257366346,13600,8.01236992875735,0.010172832,65.90514373779297,0.8198867440223694,0.12220052083333334,1e-05
6664,413,224,938.6199705,1000.0,2752512,0.1369689255952835,98.62991576989492,0.2,-0.009846586300894463,13610,8.011248670021693,0.011731726,41.33882522583008,0.846116304397583,0.15492350260416668,1e-05
6662,414,225,957.3878261,1000.0,2764800,0.1369653344154358,99.12158549030622,0.2,-0.007364129025275664,13620,8.009591442346572,0.015130018,75.09303283691406,0.7235738635063171,0.22045084635416667,1e-05
6660,416,226,953.8046154700002,1000.0,2777088,0.13693009316921234,83.26877729495367,0.2,-0.009304221334847778,13630,8.010960280895233,0.012153141,38.7297477722168,0.6964089274406433,0.15022786458333334,1e-05
6658,418,227,940.50817178,1000.0,2789376,0.1369095891714096,35.31519283850988,0.2,-0.008594753171685928,13640,8.01288967927297,0.011633579,20.604881286621094,0.9313421845436096,0.1501220703125,1e-05
6657,420,228,964.1853958000003,1000.0,2801664,0.1369193196296692,75.63601009051006,0.2,-0.00979289449993909,13650,8.01254518230756,0.010876827,29.740888595581055,0.918137788772583,0.11904296875,1e-05
6654,422,229,910.45633082,1000.0,2813952,0.1369360089302063,50.232747451464334,0.2,-0.009682179320952855,13660,8.010784800847372,0.014289465,23.912199020385742,0.8752422332763672,0.17622884114583334,1e-05
6652,424,230,949.6597786199999,1000.0,2826240,0.1369476169347763,194.8300470193227,0.2,-0.009843934759555851,13670,8.009570223093032,0.0108473,112.10287475585938,0.8161380290985107,0.12718912760416667,1e-05
6651,426,231,917.8444133799998,1000.0,2838528,0.13695013523101807,108.29630661805471,0.2,-0.009781265373264129,13680,8.009043753147125,0.012488257,62.16948318481445,0.9040515422821045,0.15096028645833334,1e-05
6649,428,232,910.01189567,1000.0,2850816,0.13696910440921783,144.63968903223673,0.2,-0.009324048055956762,13690,8.007592823108038,0.012504705,66.29805755615234,0.8766247630119324,0.14632161458333334,1e-05
6647,430,233,905.17743575,1000.0,2863104,0.137006476521492,25.07119295994441,0.2,-0.007894438095778849,13700,8.00536322593689,0.014165687,13.512277603149414,0.9634476900100708,0.19733072916666666,1e-05
6646,432,234,897.13089789,1000.0,2875392,0.1370476931333542,87.02266573111216,0.2,-0.007575463941611816,13710,8.002995697657267,0.011370558,45.62199020385742,0.9347442984580994,0.150048828125,1e-05
6644,434,235,931.90123987,1000.0,2887680,0.13705585896968842,92.17315111160278,0.2,-0.009417061084726204,13720,8.000657552480698,0.013925415,40.71123504638672,0.7760975360870361,0.18453776041666667,1e-05
6642,436,236,921.5702025200002,1000.0,2899968,0.13703735172748566,9.183906309803326,0.2,-0.007447164901532233,13730,8.000846564769745,0.016081644,4.344905853271484,0.9300572872161865,0.23658040364583333,1e-05
6641,438,237,952.4187916800001,1000.0,2912256,0.1370272934436798,61.72556581099828,0.2,-0.008582639658804207,13740,8.002058998743694,0.011869252,19.425399780273438,0.6927475333213806,0.14781087239583332,1e-05
6640,440,238,942.4292277300001,1000.0,2924544,0.13703446090221405,42.49026205937068,0.2,-0.009030262343973543,13750,8.001587694883346,0.010691449,19.44702911376953,0.8727242946624756,0.11599934895833333,1e-05
6638,442,239,1007.05225042,1000.0,2936832,0.13700826466083527,43.845099635918935,0.2,-0.00886567200892993,13760,8.002014621098835,0.00986261,20.747364044189453,0.921766996383667,0.11363118489583333,1e-05
6637,444,240,1023.39201236,1000.0,2949120,0.1369851976633072,7.722693334023158,0.2,-0.010145657085619557,13770,8.00409522652626,0.0153298825,2.8932271003723145,0.9231234788894653,0.21507975260416667,1e-05
6635,446,241,1028.48069949,1000.0,2961408,0.1369522213935852,19.381393406788508,0.2,-0.008106541392044165,13780,8.006468099355697,0.013058528,8.876992225646973,0.9216784834861755,0.17923990885416666,1e-05
6633,448,242,1034.1339048399998,1000.0,2973696,0.13695695996284485,54.90500299135844,0.2,-0.009833628725027665,13790,8.00773694117864,0.011882253,22.346067428588867,0.8218019008636475,0.16161295572916667,1e-05
6631,450,243,960.84301289,1000.0,2985984,0.13696305453777313,38.75166050791741,0.2,-0.009936795028625055,13800,8.007128771146139,0.014451067,13.233010292053223,0.8670536875724792,0.19204915364583333,1e-05
6630,452,244,971.6422679499999,1000.0,2998272,0.136963352560997,448.2711937268575,0.2,-0.0046845225937431675,13810,8.007014129559199,0.0058793896,208.5389862060547,0.7101912498474121,0.059342447916666666,1e-05
6629,454,245,960.2017064899998,1000.0,3010560,0.13698677718639374,41.24523303508759,0.2,-0.009315701103090154,13820,8.005976283550263,0.012254895,10.620882987976074,0.8815948367118835,0.1646240234375,1e-05
