time/time_elapsed,time/iterations,time/total_timesteps,time/fps,rollout/ep_rew_mean,rollout/ep_len_mean,train/explained_variance,train/value_loss,train/approx_kl,train/entropy_loss,train/clip_range,train/loss,train/policy_gradient_loss,train/clip_fraction,train/learning_rate,train/n_updates,train/std
1,1,12288,11710,733.5751655714284,805.7857142857143,,,,,,,,,,,
2,2,24576,8782,779.1801047692308,835.9615384615385,0.9777858257293701,8.96148559351762,0.016982006,-6.15725089708964,0.2,2.6059041023254395,-0.03486704574121783,0.19620768229166666,5e-05,8140,0.41277334094047546
4,3,36864,8125,708.5466951219512,770.3170731707318,0.9755891561508179,8.191285961618027,0.017534487,-6.142719871799151,0.2,1.9750224351882935,-0.03460828271563514,0.21173502604166666,5e-05,8150,0.412190705537796
6,4,49152,7840,760.3439030000001,822.0566037735849,0.976747989654541,11.055499041080475,0.017181566,-6.123970192670822,0.2,7.485781192779541,-0.03649054329822927,0.18645833333333334,5e-05,8160,0.4115240275859833
7,5,61440,7695,761.8880105294116,823.6911764705883,0.9812139868736267,3.8310448159774144,0.0331967,-6.108927432696024,0.2,1.9917714595794678,-0.04219578704602706,0.333349609375,5e-05,8170,0.4110240638256073
9,6,73728,7610,759.1239510470587,811.2352941176471,0.9849664568901062,1.996910391251246,0.035005283,-6.09369478225708,0.2,1.1745048761367798,-0.042586144098701574,0.359423828125,5e-05,8180,0.4105629026889801
11,7,86016,7556,754.9546614300001,807.12,0.9817319512367249,5.530897380163272,0.019038908,-6.077769461274147,0.2,3.80717396736145,-0.0372697148481772,0.21460774739583333,5e-05,8190,0.40995121002197266
13,8,98304,7479,776.6673735500001,821.2,0.9897675514221191,5.263094002753496,0.01997522,-6.060426756739616,0.2,1.6206238269805908,-0.040141782425538015,0.21370442708333334,5e-05,8200,0.4093380868434906
14,9,110592,7444,783.6041600600003,818.91,0.9818017482757568,5.774823578447103,0.017870689,-6.046271569530169,0.2,2.27392578125,-0.032765471675278,0.20257161458333334,5e-05,8210,0.40883901715278625
16,10,122880,7420,807.63320297,837.51,0.9772640466690063,4.938626668602228,0.020610834,-6.027233930428823,0.2,4.696303367614746,-0.030733405507635324,0.223388671875,5e-05,8220,0.40814855694770813
18,11,135168,7381,817.51572446,838.44,0.9822261929512024,7.473391307890415,0.019597406,-6.010862901806831,0.2,2.6522510051727295,-0.03545504944146766,0.21854654947916666,5e-05,8230,0.4077896177768707
20,12,147456,7358,802.4892470000002,820.75,0.994044840335846,1.7065095084408919,0.036761466,-6.003725702563922,0.2,0.8727794289588928,-0.04990077133503898,0.372021484375,5e-05,8240,0.40746328234672546
21,13,159744,7342,829.2981012599998,841.54,0.9907523989677429,3.023725641518831,0.024552723,-5.990645010272662,0.2,1.1827975511550903,-0.04308671706821769,0.27212727864583336,5e-05,8250,0.406942754983902
23,14,172032,7333,867.0109813500001,871.12,0.9686647653579712,5.552561933050553,0.014886368,-5.97772714694341,0.2,2.1646201610565186,-0.026575593641609885,0.171240234375,5e-05,8260,0.40651145577430725
25,15,184320,7324,850.34679302,851.72,0.9811991453170776,2.1049979956199727,0.030220194,-5.9527423024177555,0.2,0.5744506120681763,-0.03734089339656445,0.33148600260416666,5e-05,8270,0.40542224049568176
26,16,196608,7312,845.009785,850.5,0.9690883755683899,5.54296709994475,0.016991844,-5.930033231774966,0.2,0.8330729603767395,-0.030447262628392004,0.1841552734375,5e-05,8280,0.40485891699790955
28,17,208896,7311,813.8008325499999,814.94,0.9756558537483215,5.708288333813349,0.018649876,-5.910678893327713,0.2,1.0396276712417603,-0.03080561523674987,0.215478515625,5e-05,8290,0.40415000915527344
30,18,221184,7310,821.7348043000001,814.02,0.984932005405426,4.651227205495039,0.019190973,-5.890706417957942,0.2,1.3989627361297607,-0.035555585604743103,0.215869140625,5e-05,8300,0.403699666261673
31,19,233472,7303,811.1412501699998,808.45,0.9871511459350586,3.475794514392813,0.024729446,-5.874157313505808,0.2,1.0055241584777832,-0.033546610701402337,0.27255045572916664,5e-05,8310,0.40317702293395996
33,20,245760,7295,816.1665430800002,806.64,0.9780230522155762,7.226863450308641,0.019112946,-5.860387446482976,0.2,2.0850188732147217,-0.03438426045443824,0.21749674479166667,5e-05,8320,0.40262913703918457
35,21,258048,7295,772.4116543099999,773.97,0.9740533828735352,4.906748309979836,0.028390026,-5.848264821370443,0.2,2.549543619155884,-0.03508660621058273,0.2978515625,5e-05,8330,0.4022310674190521
37,22,270336,7296,772.7056428099999,773.66,0.980694591999054,7.045825086285671,0.020568317,-5.8266217092672985,0.2,5.940638542175293,-0.03489307310034443,0.224755859375,5e-05,8340,0.4014444649219513
38,23,282624,7297,805.1075590799999,804.79,0.9834999442100525,6.250178560614586,0.022140345,-5.801515829563141,0.2,2.5996956825256348,-0.03696073077395946,0.24273274739583334,5e-05,8350,0.40059101581573486
40,24,294912,7290,834.1186411,830.27,0.9896335005760193,4.479581509778897,0.024667291,-5.775121356050174,0.2,2.230302572250366,-0.03723134444153402,0.2748616536458333,5e-05,8360,0.3997131884098053
42,25,307200,7293,814.94793587,821.35,0.9866382479667664,2.515803252533078,0.03023079,-5.750451841950417,0.2,0.7919374704360962,-0.0385323600115953,0.3230224609375,5e-05,8370,0.39892125129699707
43,26,319488,7295,837.5717591199999,834.51,0.9821367859840393,5.587010581046343,0.021428632,-5.73808842698733,0.2,2.6433045864105225,-0.03359562810801435,0.23421223958333334,5e-05,8380,0.3987060487270355
45,27,331776,7296,833.5993416900002,830.9,0.994816780090332,0.9987032229701678,0.038679946,-5.725187687079112,0.2,0.2982840836048126,-0.04936019450057453,0.38509928385416664,5e-05,8390,0.3980339467525482
47,28,344064,7300,842.51826803,835.1,0.9831613302230835,5.590516376247009,0.015652968,-5.713825061917305,0.2,2.5362625122070312,-0.03227305460604839,0.1748291015625,5e-05,8400,0.39798983931541443
48,29,356352,7302,842.2766870800001,834.32,0.9886435270309448,3.6811818095544973,0.017679669,-5.707065041859945,0.2,0.9927672147750854,-0.033241679320538724,0.194775390625,5e-05,8410,0.39765751361846924
50,30,368640,7304,861.1849757599998,848.21,0.9892591238021851,4.108433114737272,0.023033408,-5.686923159162204,0.2,1.446472406387329,-0.03924486184259877,0.2518310546875,5e-05,8420,0.3967982828617096
52,31,380928,7307,844.4189650499998,844.01,0.991378128528595,1.458174837132295,0.03194594,-5.65996104379495,0.2,0.42150387167930603,-0.04813896793057211,0.3343505859375,5e-05,8430,0.39598754048347473
53,32,393216,7294,858.20613839,853.64,0.9832291007041931,4.158332665264607,0.019174011,-5.634731092055639,0.2,2.9989709854125977,-0.03503751483027979,0.22457682291666667,5e-05,8440,0.3951756954193115
55,33,405504,7295,835.07836049,836.2,0.9857826232910156,3.7796707661201556,0.021035211,-5.6107697755098345,0.2,0.9495142102241516,-0.032145039568422365,0.23335774739583334,5e-05,8450,0.3945079743862152
57,34,417792,7286,840.9193619300002,837.16,0.9819621443748474,6.900928078591823,0.015267774,-5.591725912690163,0.2,1.61589515209198,-0.029164100295262566,0.17693684895833334,5e-05,8460,0.3939724266529083
59,35,430080,7287,804.8364445899999,806.96,0.9808778762817383,6.916422763466835,0.017819,-5.580248209834099,0.2,2.1061367988586426,-0.0331174304446904,0.19359537760416667,5e-05,8470,0.3938005268573761
60,36,442368,7289,808.0125309299999,799.71,0.9781306982040405,9.976330806811651,0.016868109,-5.572908467054367,0.2,3.92838191986084,-0.030794279254526675,0.19930013020833334,5e-05,8480,0.39349767565727234
62,37,454656,7290,804.20884872,786.49,0.9892107844352722,3.756984643886487,0.02673491,-5.558723004659017,0.2,2.283491611480713,-0.04233843696905145,0.2895426432291667,5e-05,8490,0.3929007947444916
64,38,466944,7293,759.6883494,742.38,0.9862627983093262,4.938551217814287,0.020582248,-5.5394878844420115,0.2,2.232144832611084,-0.03447689724174173,0.2457763671875,5e-05,8500,0.39227592945098877
65,39,479232,7291,788.03995104,759.83,0.9828842282295227,7.776806290199359,0.02120849,-5.523751024405161,0.2,1.538662314414978,-0.031794014864135536,0.24353841145833333,5e-05,8510,0.3917125165462494
67,40,491520,7294,798.61157004,769.72,0.9876417517662048,4.467873172089457,0.033875074,-5.496052328745524,0.2,1.0038782358169556,-0.03705832028645091,0.3576416015625,5e-05,8520,0.3908156454563141
69,41,503808,7295,836.1646517500001,795.62,0.9892546534538269,3.126137908920646,0.026495079,-5.4722822397947315,0.2,0.9834209680557251,-0.035551088770444036,0.29786783854166665,5e-05,8530,0.38994231820106506
70,42,516096,7296,850.2825222700001,811.4,0.9787302017211914,4.3763162987927595,0.019528799,-5.449464072783788,0.2,0.975051999092102,-0.029654552763774215,0.239892578125,5e-05,8540,0.3892444670200348
72,43,528384,7298,848.64595958,809.78,0.9789677262306213,5.764206071694692,0.020199874,-5.425173811117808,0.2,4.574835300445557,-0.035063073513447306,0.22788899739583332,5e-05,8550,0.3885211944580078
74,44,540672,7301,858.5210942400001,817.61,0.9858004450798035,6.38731865187486,0.019176627,-5.403338298201561,0.2,1.8924126625061035,-0.03681179810858642,0.22185872395833334,5e-05,8560,0.3879294693470001
75,45,552960,7302,887.2416913100001,837.13,0.9793988466262817,3.306214960043629,0.03514655,-5.395325522621473,0.2,0.5774097442626953,-0.03146476839707854,0.3734130859375,5e-05,8570,0.38774967193603516
77,46,565248,7304,894.3609869100001,846.73,0.9887464046478271,1.9845295245448749,0.027516827,-5.381985235214233,0.2,0.7243707776069641,-0.04313388698307487,0.28720703125,5e-05,8580,0.3873949348926544
79,47,577536,7306,858.0256257499999,825.65,0.9845382571220398,2.7308387022465466,0.022381434,-5.370501925547917,0.2,0.46711888909339905,-0.032599937449170585,0.2496826171875,5e-05,8590,0.3867013454437256
80,48,589824,7306,839.1678884500001,818.61,0.9785869121551514,8.727086239556472,0.015778853,-5.352758760253589,0.2,2.437852382659912,-0.03240943024866283,0.17777506510416666,5e-05,8600,0.3864007294178009
82,49,602112,7307,838.9550424000001,819.57,0.9831432700157166,4.550417879472176,0.024693275,-5.33650657037894,0.2,2.4761250019073486,-0.03384939774502224,0.27517903645833336,5e-05,8610,0.3857187330722809
84,50,614400,7305,866.06432606,844.04,0.9813185334205627,6.213673708339532,0.0183405,-5.320374336838722,0.2,3.6197924613952637,-0.0318513014256799,0.20252278645833333,5e-05,8620,0.3855045735836029
85,51,626688,7307,836.8272618199999,824.96,0.9892597794532776,2.9657254570474225,0.02922509,-5.309796205163002,0.2,2.1894772052764893,-0.03554755955265136,0.31171875,5e-05,8630,0.38513362407684326
87,52,638976,7307,830.9351065199999,824.3,0.9868797063827515,5.891543425619602,0.020495215,-5.299593643347422,0.2,1.99949049949646,-0.03360758301860187,0.2284912109375,5e-05,8640,0.38483861088752747
89,53,651264,7308,816.8104532200002,808.35,0.9860948920249939,4.600477872540553,0.021611566,-5.285909789800644,0.2,2.9864869117736816,-0.03300500317612508,0.2490234375,5e-05,8650,0.3843911588191986
90,54,663552,7309,830.64353171,815.26,0.992301881313324,3.4325937569141387,0.024291575,-5.27104032933712,0.2,2.2684502601623535,-0.04075408469846783,0.27908528645833336,5e-05,8660,0.38385605812072754
92,55,675840,7310,826.8947665999997,811.26,0.9815713763237,5.615088697274526,0.020873228,-5.260297418634097,0.2,5.285506248474121,-0.031698723731096834,0.2321533203125,5e-05,8670,0.38365790247917175
94,56,688128,7311,802.79486164,792.05,0.9893485307693481,4.246157410989205,0.027274499,-5.245056411623954,0.2,1.0963274240493774,-0.041978356747616394,0.30279947916666666,5e-05,8680,0.38299107551574707
95,57,700416,7312,789.3204332000001,782.51,0.9832302927970886,6.581681822488705,0.019014688,-5.23198517759641,0.2,0.8979065418243408,-0.030116864670223245,0.22705078125,5e-05,8690,0.38277101516723633
97,58,712704,7314,815.9011650699999,801.71,0.9882810115814209,4.519677876432737,0.02553528,-5.213874363899231,0.2,1.3966645002365112,-0.03794509677779085,0.28717447916666666,5e-05,8700,0.38198041915893555
99,59,724992,7317,824.81363841,805.6,0.9841601252555847,4.685469580938419,0.02699402,-5.186105441053709,0.2,0.9132900238037109,-0.03410928956679224,0.2871500651041667,5e-05,8710,0.3811512887477875
100,60,737280,7318,863.0706369099998,838.02,0.9903051257133484,2.466418485343456,0.03350194,-5.162336869041125,0.2,0.5383813977241516,-0.03661798609488566,0.3565185546875,5e-05,8720,0.38044384121894836
102,61,749568,7320,875.5561207300001,849.99,0.9920312762260437,2.278602826719483,0.030956173,-5.13382689456145,0.2,0.6410462260246277,-0.04100170762491568,0.3305745442708333,5e-05,8730,0.3794086277484894
104,62,761856,7317,890.7108907599999,854.63,0.9955276846885681,1.4544968927899997,0.033386018,-5.105663912494977,0.2,0.38237908482551575,-0.048879211510454,0.35817057291666665,5e-05,8740,0.37853121757507324
105,63,774144,7318,929.6329279500001,878.0,0.9833810329437256,5.033264635751645,0.0155409435,-5.0873544186353685,0.2,1.2595704793930054,-0.03308763732202351,0.17850748697916666,5e-05,8750,0.3783015310764313
107,64,786432,7318,930.9382267600001,887.58,0.9891397953033447,2.7187200057009857,0.028050164,-5.072853601972262,0.2,2.436018943786621,-0.03558689215763782,0.31472981770833336,5e-05,8760,0.3775811195373535
109,65,798720,7319,947.4047605100001,895.96,0.9863928556442261,4.1895300435523195,0.017475318,-5.05756239593029,0.2,1.924103021621704,-0.0270740757904908,0.1927001953125,5e-05,8770,0.377213716506958
110,66,811008,7319,947.9263112399999,899.22,0.9894058704376221,2.2850643041233223,0.026664237,-5.041992541154226,0.2,0.9260073304176331,-0.036616873317204104,0.29429524739583335,5e-05,8780,0.37685251235961914
112,67,823296,7318,911.88037958,880.74,0.9893858432769775,2.136467522010207,0.02880761,-5.0230520337820055,0.2,0.34779858589172363,-0.037737204181030395,0.31280110677083334,5e-05,8790,0.3761204779148102
114,68,835584,7315,931.7771389499999,889.68,0.9898883700370789,3.335019055257241,0.022225251,-5.006566360592842,0.2,0.5971623063087463,-0.03757741047690312,0.24593912760416667,5e-05,8800,0.37573882937431335
115,69,847872,7315,910.0606954,869.03,0.9910632967948914,2.3792107690125706,0.024081176,-4.996254300077756,0.2,1.826542615890503,-0.0357510485938595,0.25331217447916665,5e-05,8810,0.37550732493400574
117,70,860160,7316,871.78320364,839.47,0.981041431427002,4.100818191468716,0.016517056,-4.984675387541453,0.2,1.063963532447815,-0.03126848975759155,0.1904052734375,5e-05,8820,0.3749910891056061
119,71,872448,7318,851.2773985700001,829.36,0.9918781518936157,2.5670696146786214,0.029691985,-4.962062669793765,0.2,0.8680520057678223,-0.04363213960750727,0.3129801432291667,5e-05,8830,0.37433311343193054
120,72,884736,7318,855.2434518800001,831.94,0.9851477146148682,4.488342087219158,0.021456135,-4.938654053211212,0.2,0.9671841263771057,-0.03421149709223149,0.2392333984375,5e-05,8840,0.3735632002353668
122,73,897024,7319,858.4272993600002,829.27,0.9836697578430176,4.813005844006936,0.02610132,-4.92120515704155,0.2,1.271648645401001,-0.032385920483890614,0.2962158203125,5e-05,8850,0.3732583224773407
124,74,909312,7321,851.7240401399999,817.64,0.9891080856323242,1.388281362876296,0.033337656,-4.902888263265292,0.2,0.3998498320579529,-0.04050463424937334,0.3446533203125,5e-05,8860,0.3726331293582916
125,75,921600,7320,818.49524104,788.53,0.9850061535835266,5.526573449869951,0.017188707,-4.889743376771609,0.2,1.7527018785476685,-0.03105003532837145,0.20030924479166667,5e-05,8870,0.3722848892211914
127,76,933888,7320,871.3435324,832.35,0.985225260257721,5.354937812189261,0.01669342,-4.880357333024343,0.2,1.8869116306304932,-0.032622534398493976,0.18841959635416666,5e-05,8880,0.37196624279022217
129,77,946176,7320,888.8421088,842.83,0.990464985370636,1.5261028388515114,0.039629202,-4.85661079287529,0.2,1.895983338356018,-0.040734025248578595,0.38577473958333336,5e-05,8890,0.37086084485054016
130,78,958464,7320,869.5899869199999,825.7,0.989142656326294,3.0967150478313368,0.026268236,-4.839169412851334,0.2,1.496333122253418,-0.03546408547748191,0.2913411458333333,5e-05,8900,0.3706880509853363
132,79,970752,7317,841.39597702,800.67,0.9774612188339233,12.755764207740624,0.011464027,-4.833777705828349,0.2,10.96988296508789,-0.02649202440176547,0.13994140625,5e-05,8910,0.37065204977989197
134,80,983040,7308,827.8034973400001,791.34,0.9887107014656067,4.293769539395968,0.01909017,-4.830312968293826,0.2,1.9188154935836792,-0.03367815157301569,0.21363118489583333,5e-05,8920,0.37039288878440857
136,81,995328,7302,851.7722482899997,808.96,0.9840044975280762,6.496917590498924,0.01677875,-4.817093666394552,0.2,3.6981754302978516,-0.030937720348204797,0.19401041666666666,5e-05,8930,0.36994877457618713
138,82,1007616,7296,871.98074069,825.6,0.9882474541664124,2.9461373303085567,0.025698936,-4.798465027411779,0.2,0.7858912944793701,-0.03343971458865174,0.27462565104166664,5e-05,8940,0.3693333864212036
139,83,1019904,7294,853.8646025599999,809.2,0.9889318943023682,2.3535330819586915,0.03184727,-4.76978027621905,0.2,0.5554004907608032,-0.03663126984417128,0.3478922526041667,5e-05,8950,0.36821457743644714
141,84,1032192,7293,842.66085622,804.27,0.9849538207054138,3.397835036491354,0.02337539,-4.747830532987913,0.2,0.9075108766555786,-0.030442641977667034,0.26019694010416666,5e-05,8960,0.3677753210067749
143,85,1044480,7291,880.8572279100001,832.52,0.9881269335746765,4.754970307399829,0.017360546,-4.7279155592123665,0.2,1.6927828788757324,-0.03207693942919529,0.18407389322916667,5e-05,8970,0.3670384883880615
144,86,1056768,7292,896.46642093,849.23,0.9909048676490784,2.1254899131755036,0.03182572,-4.702411883076032,0.2,0.7880024909973145,-0.03986024516634643,0.34078776041666664,5e-05,8980,0.3663003444671631
146,87,1069056,7291,890.3069453099998,843.44,0.9822390079498291,7.748088187724352,0.016023656,-4.696494569381078,0.2,2.284297466278076,-0.029572617994078124,0.17823893229166668,5e-05,8990,0.36637377738952637
148,88,1081344,7292,858.1721353499998,821.85,0.9839498400688171,6.954234931369623,0.01977429,-4.687888299425443,0.2,3.9942197799682617,-0.03411309254588559,0.2028564453125,5e-05,9000,0.3659488260746002
149,89,1093632,7292,836.6933337400001,804.64,0.9884771108627319,3.6649160494407016,0.024769625,-4.671824805935224,0.2,1.8822826147079468,-0.03570522100587065,0.2650634765625,5e-05,9010,0.3652544915676117
151,90,1105920,7291,856.6836709599999,819.03,0.9840829372406006,4.028283900767565,0.022271981,-4.646722767750422,0.2,2.462411642074585,-0.032345421230032416,0.2854736328125,5e-05,9020,0.3645695745944977
153,91,1118208,7291,876.8874669199998,834.9,0.9844508767127991,1.8576823079958558,0.042326044,-4.619540506601334,0.2,3.7341830730438232,-0.04384342795189392,0.42841796875,5e-05,9030,0.3637787401676178
155,92,1130496,7291,892.24004492,843.36,0.9872241616249084,2.440332186842958,0.024136296,-4.605032866199811,0.2,0.5546618700027466,-0.03192242236109451,0.2590576171875,5e-05,9040,0.3636026382446289
156,93,1142784,7292,912.45668262,853.11,0.9874494075775146,2.557206149523457,0.022353945,-4.594072243571281,0.2,0.4694705605506897,-0.03582150652267349,0.2538981119791667,5e-05,9050,0.36316564679145813
158,94,1155072,7292,904.6703593100001,842.12,0.9916216135025024,2.442297313734889,0.019902555,-4.579856859644254,0.2,0.9937942624092102,-0.034808634393266404,0.22759602864583334,5e-05,9060,0.36291489005088806
160,95,1167360,7293,945.3216535000001,870.24,0.9874680638313293,5.043231592824061,0.018776514,-4.570608934760093,0.2,1.4110441207885742,-0.030116255277728973,0.22201334635416667,5e-05,9070,0.36254677176475525
161,96,1179648,7291,966.52609958,890.64,0.9775364398956299,4.445261600241065,0.024685321,-4.553996254007021,0.2,2.2644124031066895,-0.02931567061023088,0.26609700520833335,5e-05,9080,0.36193087697029114
163,97,1191936,7291,960.84737858,895.13,0.9833352565765381,4.7267227304478485,0.024289498,-4.53587655822436,0.2,1.9677220582962036,-0.03229139893276927,0.26468098958333336,5e-05,9090,0.3615384101867676
165,98,1204224,7292,942.00604361,878.91,0.9800589680671692,4.359662618984779,0.022505993,-4.5239102681477865,0.2,1.328098177909851,-0.035123219738792004,0.2660400390625,5e-05,9100,0.36111727356910706
166,99,1216512,7293,908.55396115,852.28,0.9772164225578308,6.291859199851752,0.025978947,-4.5091880033413565,0.2,4.036940574645996,-0.028126226275829443,0.27943522135416665,5e-05,9110,0.36071059107780457
168,100,1228800,7293,919.62538251,858.24,0.9875094294548035,6.62057775730888,0.021592103,-4.492714368303617,0.2,2.359987735748291,-0.034433046779304276,0.24866536458333333,5e-05,9120,0.36009785532951355
170,101,1241088,7292,951.2614939099999,884.34,0.989700973033905,1.3437641548613708,0.04092648,-4.463352391123772,0.2,0.3363232910633087,-0.03571089858111615,0.39899088541666666,5e-05,9130,0.3590763509273529
171,102,1253376,7292,916.5211985500001,857.06,0.9948167204856873,1.5119500273217759,0.028667802,-4.441197930773099,0.2,0.6737666726112366,-0.042510469390981596,0.31417643229166664,5e-05,9140,0.35858166217803955
173,103,1265664,7287,901.6773488299998,846.51,0.9794259667396545,5.247933260599772,0.018269306,-4.431598484516144,0.2,1.3437530994415283,-0.031479635761934334,0.20977376302083334,5e-05,9150,0.358379989862442
175,104,1277952,7288,909.32420601,844.08,0.9845831394195557,3.7230465474228063,0.023208067,-4.417800575494766,0.2,0.9806559085845947,-0.03149440291114539,0.2526936848958333,5e-05,9160,0.3577753007411957
177,105,1290240,7289,900.9912737800001,839.53,0.9902303218841553,2.113141263524691,0.03100462,-4.3980120321114855,0.2,0.4177933931350708,-0.03979518151221176,0.31228841145833336,5e-05,9170,0.3572573959827423
178,106,1302528,7289,931.3778410600003,863.55,0.9947878122329712,1.2318794410675764,0.035022214,-4.3765995621681215,0.2,0.3544674515724182,-0.043221140057236575,0.3420328776041667,5e-05,9180,0.3567591607570648
180,107,1314816,7289,915.2912243100001,852.76,0.987474799156189,2.716301289324959,0.027654415,-4.3554619520902635,0.2,2.1502318382263184,-0.032629946094433156,0.3035888671875,5e-05,9190,0.3560229241847992
182,108,1327104,7290,892.18448641,834.55,0.9842570424079895,4.675046414881945,0.021965906,-4.333864368995031,0.2,4.687783718109131,-0.028810882351050775,0.2502848307291667,5e-05,9200,0.35555028915405273
183,109,1339392,7290,893.73656902,837.43,0.9823113083839417,4.039317891125878,0.020242907,-4.318960243463517,0.2,0.6952006220817566,-0.02471951584132815,0.2060791015625,5e-05,9210,0.35530245304107666
185,110,1351680,7290,887.94814955,833.38,0.9760275483131409,8.650631765276193,0.014171598,-4.3101943850517275,0.2,3.812784194946289,-0.026650884755751274,0.17352701822916666,5e-05,9220,0.3550071716308594
187,111,1363968,7290,887.0010654900001,837.67,0.9825115203857422,6.802963154017926,0.018911945,-4.2995227913061775,0.2,2.3161888122558594,-0.03164701166000062,0.21222330729166666,5e-05,9230,0.3546575605869293
188,112,1376256,7290,884.4276128199999,830.58,0.9889804720878601,2.904486549148957,0.028185362,-4.285527604818344,0.2,0.9036838412284851,-0.03848651737013521,0.3062825520833333,5e-05,9240,0.3541652262210846
190,113,1388544,7291,900.8619888499999,837.74,0.9933337569236755,0.994400444192191,0.03935695,-4.264531820019086,0.2,0.26411980390548706,-0.03797289538100206,0.3959716796875,5e-05,9250,0.3534769117832184
192,114,1400832,7291,897.2564707100001,841.45,0.9876420497894287,2.9872140218814214,0.02380464,-4.246458134055137,0.2,0.6949423551559448,-0.033768617242458276,0.2677083333333333,5e-05,9260,0.35306453704833984
193,115,1413120,7291,905.1968065899999,850.75,0.9840174317359924,3.4616248175501823,0.020377504,-4.2317604949076975,0.2,3.2416040897369385,-0.03498658338697472,0.23103841145833334,5e-05,9270,0.3526340425014496
195,116,1425408,7286,931.4381017599999,875.44,0.9879466891288757,3.6992204866061607,0.025656551,-4.214780956506729,0.2,0.9890930652618408,-0.03146087644369497,0.24707845052083333,5e-05,9280,0.3519836366176605
197,117,1437696,7278,930.6866124100002,879.78,0.9790500998497009,5.153679958482583,0.018897729,-4.198039603233338,0.2,3.2123255729675293,-0.02998201791779138,0.22213541666666667,5e-05,9290,0.3516578674316406
199,118,1449984,7271,953.4289504300001,892.6,0.9879081845283508,1.8425218778351942,0.032095388,-4.171081282695135,0.2,1.2453559637069702,-0.03959738636137142,0.3358561197916667,5e-05,9300,0.35039642453193665
201,119,1462272,7260,985.96989941,909.53,0.9795752167701721,3.0948402229696512,0.024803238,-4.144215236107509,0.2,0.560325026512146,-0.024342822938342577,0.2528157552083333,5e-05,9310,0.34996166825294495
203,120,1474560,7250,985.3637091899999,919.87,0.9925822615623474,0.8813148627678553,0.039629724,-4.116061106324196,0.2,0.21123799681663513,-0.04413659141913134,0.39273274739583336,5e-05,9320,0.3490518629550934
205,121,1486848,7242,976.32286689,917.1,0.9831171631813049,2.834918930629889,0.029722119,-4.087624960144361,0.2,0.31051692366600037,-0.03250137833044088,0.3177001953125,5e-05,9330,0.3482823073863983
207,122,1499136,7237,956.36923387,899.61,0.9897878170013428,2.828459546218316,0.018948087,-4.065099364519119,0.2,1.1481674909591675,-0.03390710496654113,0.2072509765625,5e-05,9340,0.3478966951370239
208,123,1511424,7234,937.63102404,890.02,0.9779118895530701,5.136676251888275,0.015866593,-4.054984776178996,0.2,1.53891921043396,-0.028815194724302273,0.1866943359375,5e-05,9350,0.3477257192134857
210,124,1523712,7233,924.3553762799999,884.41,0.9748772978782654,9.057663786411286,0.014774136,-4.046002796292305,0.2,6.630870819091797,-0.03091719793349815,0.17236328125,5e-05,9360,0.3473344147205353
212,125,1536000,7233,905.28115526,865.4,0.9834116697311401,3.7784999909500283,0.025994405,-4.032081734140714,0.2,1.404854655265808,-0.03361785326366468,0.28583170572916666,5e-05,9370,0.34687674045562744
214,126,1548288,7232,891.4133590800001,855.7,0.9712138772010803,5.828786032398542,0.01731658,-4.0242135177056,0.2,2.1270837783813477,-0.02836334847282463,0.214990234375,5e-05,9380,0.34686946868896484
215,127,1560576,7231,882.51149771,849.9,0.9897752404212952,2.945363737642765,0.032790218,-4.0133289158344265,0.2,3.1658761501312256,-0.03451411217295875,0.3268636067708333,5e-05,9390,0.34628400206565857
217,128,1572864,7232,900.7360360799997,859.61,0.9496846199035645,7.827749952798088,0.02283018,-3.9948237126072246,0.2,2.978346824645996,-0.02529460361499029,0.2987060546875,5e-05,9400,0.3457365036010742
219,129,1585152,7228,889.1674906899998,844.88,0.9829732775688171,4.698576048016548,0.025824144,-3.9780693540970486,0.2,1.7190823554992676,-0.03306894765507119,0.2932942708333333,5e-05,9410,0.3452303111553192
221,130,1597440,7223,910.4739961500002,854.27,0.9749412536621094,7.480765968064467,0.017779982,-3.9682852471868197,0.2,2.954296112060547,-0.028709696542743284,0.216455078125,5e-05,9420,0.34508419036865234
222,131,1609728,7222,928.5615590399998,863.19,0.9797742366790771,4.704036041597525,0.03190261,-3.9583743209640185,0.2,1.1620523929595947,-0.0338623634466785,0.32676595052083335,5e-05,9430,0.3445906341075897
224,132,1622016,7221,929.74315902,868.33,0.9838782548904419,3.8712147139012814,0.034681212,-3.9367971802751223,0.2,0.3820233643054962,-0.038973722258621515,0.35374348958333335,5e-05,9440,0.34395861625671387
226,133,1634304,7213,952.8036871400001,885.24,0.9725920557975769,7.845306523516774,0.0260699,-3.921092541515827,0.2,1.1612708568572998,-0.02628697097825352,0.2805257161458333,5e-05,9450,0.3436411917209625
228,134,1646592,7206,930.6097393199999,862.65,0.9752879738807678,3.3893320918704073,0.03340624,-3.9164899215102196,0.2,0.39100176095962524,-0.025135309709488258,0.34383951822916664,5e-05,9460,0.3437260687351227
230,135,1658880,7202,910.2223494,854.29,0.9800206422805786,5.736816485971213,0.022088071,-3.908520034948985,0.2,2.268052816390991,-0.03436445197633778,0.26853841145833335,5e-05,9470,0.3432140350341797
232,136,1671168,7193,940.1133738699999,877.78,0.9789203405380249,4.0652800932526585,0.030398777,-3.8938708995779354,0.2,1.3421229124069214,-0.034441904998190394,0.29580891927083336,5e-05,9480,0.3426600992679596
234,137,1683456,7188,962.6108718099999,901.28,0.9712319374084473,5.023095030461748,0.03743815,-3.8708792154987655,0.2,2.3757028579711914,-0.029884153909127537,0.36654459635416664,5e-05,9490,0.34211623668670654
235,138,1695744,7186,970.6646708100002,904.39,0.9799255132675171,2.703936539342006,0.03322422,-3.8547148644924163,0.2,0.7862565517425537,-0.03363184990594163,0.3589274088541667,5e-05,9500,0.3416333496570587
237,139,1708032,7185,976.34347206,901.6,0.9901578426361084,2.1987773240854342,0.038513064,-3.830450101196766,0.2,1.019645094871521,-0.0356303949529926,0.3628336588541667,5e-05,9510,0.3408394753932953
239,140,1720320,7184,968.5325388100001,899.67,0.9835767149925232,2.923701603959004,0.024650276,-3.812932012975216,0.2,0.3258681297302246,-0.02944485542345016,0.2686279296875,5e-05,9520,0.34052133560180664
241,141,1732608,7182,977.51805687,911.13,0.9821961522102356,3.4788496562590203,0.025209537,-3.7975120479861895,0.2,0.930971086025238,-0.03318381387653062,0.27293294270833335,5e-05,9530,0.34006690979003906
243,142,1744896,7175,1011.43748979,928.86,0.9861056208610535,3.2257008383671444,0.025103023,-3.7862771938244504,0.2,0.8153095245361328,-0.028579171550518367,0.2916748046875,5e-05,9540,0.33980682492256165
245,143,1757184,7171,1030.00866518,936.79,0.9931400418281555,0.7402211723849177,0.040923893,-3.7730789383252463,0.2,0.19144724309444427,-0.04692092901095748,0.40576171875,5e-05,9550,0.3393906056880951
246,144,1769472,7170,1019.5524608499999,924.75,0.9808170199394226,6.145881831025084,0.014705911,-3.7632262289524077,0.2,2.068321943283081,-0.026520657368625203,0.1724609375,5e-05,9560,0.3392227590084076
248,145,1781760,7169,1006.2627399,914.58,0.9808720350265503,3.5133325307319563,0.023746556,-3.751501215497653,0.2,0.8394370079040527,-0.028183185015708052,0.2561116536458333,5e-05,9570,0.33876752853393555
250,146,1794048,7166,978.8433221,894.34,0.9856002926826477,4.342969822883606,0.018514806,-3.7371167555451392,0.2,2.357400894165039,-0.028360286213379975,0.21698404947916666,5e-05,9580,0.33843961358070374
252,147,1806336,7163,988.6081065699999,905.79,0.9896562695503235,3.2606933575123547,0.02563941,-3.7214441264669103,0.2,0.5096279978752136,-0.035849468285838765,0.2741455078125,5e-05,9590,0.33797869086265564
253,148,1818624,7161,976.83586908,892.3,0.9839918613433838,1.1182839211076498,0.03819224,-3.6929844319820404,0.2,0.47649475932121277,-0.036081250062852635,0.400439453125,5e-05,9600,0.33693990111351013
255,149,1830912,7161,945.7730674300001,876.55,0.990865170955658,2.037115003913641,0.02267927,-3.670878610511621,0.2,1.1394528150558472,-0.034327217465033755,0.25790201822916664,5e-05,9610,0.336712509393692
257,150,1843200,7162,952.7860313799999,883.83,0.9858922362327576,3.7011939575274786,0.02196469,-3.6567427550752956,0.2,0.9639724493026733,-0.030867758741563497,0.23126627604166666,5e-05,9620,0.33615371584892273
258,151,1855488,7164,936.3444545999998,876.1,0.9788898229598999,2.653451166798671,0.030203583,-3.632099425295989,0.2,1.0502063035964966,-0.03039420090353815,0.3015543619791667,5e-05,9630,0.33532533049583435
260,152,1867776,7165,932.36805693,880.7,0.9825527667999268,3.772804400821527,0.020237528,-3.6067542776465418,0.2,1.5005230903625488,-0.03381002403718109,0.22671712239583333,5e-05,9640,0.3348546326160431
262,153,1880064,7165,931.6133016299999,882.46,0.9853281378746033,3.6129416997234025,0.025222935,-3.5938679521282513,0.2,2.8197433948516846,-0.033586497855139896,0.2635579427083333,5e-05,9650,0.3345848619937897
264,154,1892352,7167,934.0860398500001,881.29,0.9856612086296082,4.6103323799868425,0.022182947,-3.575970161954562,0.2,1.968415379524231,-0.0338161266001407,0.23741861979166667,5e-05,9660,0.33394989371299744
265,155,1904640,7166,923.11205678,869.74,0.9915884733200073,2.166940765020748,0.0338985,-3.552795186638832,0.2,0.942934513092041,-0.034666801564162596,0.32220052083333334,5e-05,9670,0.3332986533641815
267,156,1916928,7167,949.3970656399999,885.87,0.986667275428772,4.626292161643505,0.026483387,-3.531912311911583,0.2,3.9297916889190674,-0.030628352075776397,0.2859293619791667,5e-05,9680,0.3328677713871002
269,157,1929216,7168,944.65364668,884.85,0.9768245816230774,2.650288858388861,0.037076883,-3.5230706160267196,0.2,0.6754415035247803,-0.02598084265094561,0.35818684895833336,5e-05,9690,0.3327694237232208
270,158,1941504,7169,933.0957436099999,861.22,0.9919660091400146,1.2923297192901373,0.03703357,-3.5152897720535594,0.2,0.5785313844680786,-0.038951085408916696,0.3511474609375,5e-05,9700,0.3325653076171875
272,159,1953792,7170,937.0963623,857.79,0.9818659424781799,6.612075963492194,0.012782003,-3.5069472759962084,0.2,4.261728763580322,-0.0280415995856553,0.16056315104166666,5e-05,9710,0.33240798115730286
274,160,1966080,7171,944.5423638399998,860.41,0.9909101128578186,1.4502092123031616,0.040113185,-3.4904768094420433,0.2,0.5110581517219543,-0.03742572781678367,0.39327799479166664,5e-05,9720,0.331553190946579
275,161,1978368,7172,969.0828605299998,881.01,0.9840087890625,3.299838785082102,0.022281298,-3.4714873413244884,0.2,2.7640583515167236,-0.029483348056965043,0.25006510416666666,5e-05,9730,0.3313239514827728
277,162,1990656,7172,955.7428159300001,877.31,0.9795690178871155,2.3348556445290645,0.028901407,-3.457198180258274,0.2,0.8504940867424011,-0.03320541561891635,0.30923665364583336,5e-05,9740,0.3309544622898102
279,163,2002944,7172,933.1001310100002,869.2,0.9765222668647766,6.248168822874626,0.016697869,-3.445402469734351,0.2,4.435600280761719,-0.028222059090815797,0.17661946614583332,5e-05,9750,0.33063384890556335
280,164,2015232,7171,924.6444544800001,856.59,0.9634156823158264,10.417935442179441,0.017549986,-3.4372284079591435,0.2,2.7597427368164062,-0.02779001842427533,0.21685384114583334,5e-05,9760,0.33046069741249084
282,165,2027520,7173,944.85613041,881.11,0.9741901159286499,8.294135175645351,0.019271275,-3.4278004581729573,0.2,2.570319652557373,-0.026154720893343135,0.2346923828125,5e-05,9770,0.3302276134490967
284,166,2039808,7174,956.3589633,896.67,0.9830305576324463,2.141002099836866,0.04949066,-3.4103863447904588,0.2,0.7793567776679993,-0.030122395427315495,0.43779296875,5e-05,9780,0.32957723736763
285,167,2052096,7175,921.59328952,876.56,0.9730545282363892,3.784429565196236,0.029523244,-3.389229016502698,0.2,1.0156352519989014,-0.03143175917988022,0.31943359375,5e-05,9790,0.3289394676685333
287,168,2064384,7175,907.2836347500001,854.91,0.9890446662902832,4.198573821038008,0.021726072,-3.371236290534337,0.2,1.3052029609680176,-0.03638284972888262,0.25615234375,5e-05,9800,0.32850614190101624
289,169,2076672,7176,922.91374225,866.31,0.982573926448822,6.980875059217214,0.02319388,-3.355546720325947,0.2,0.5954239964485168,-0.0283768915462133,0.27955729166666665,5e-05,9810,0.32807064056396484
291,170,2088960,7177,926.06696737,859.15,0.9862728118896484,3.818358643849691,0.029500397,-3.3439315194884935,0.2,0.5030176639556885,-0.0310965670318789,0.30463053385416666,5e-05,9820,0.32779332995414734
292,171,2101248,7177,912.0121567799999,854.51,0.9884567260742188,4.329411428545912,0.028382502,-3.33075358470281,0.2,2.658628225326538,-0.03477691637138681,0.29373372395833336,5e-05,9830,0.32738518714904785
294,172,2113536,7178,912.6579598499998,850.12,0.9855256676673889,4.743567051986854,0.021498801,-3.3141012211640675,0.2,1.8138413429260254,-0.030561029503587633,0.23687337239583334,5e-05,9840,0.3268747329711914
296,173,2125824,7178,916.07739645,849.84,0.9869243502616882,1.1176980833212535,0.041751277,-3.2780945445100467,0.2,0.3172474205493927,-0.03541762647704066,0.42275390625,5e-05,9850,0.32561612129211426
297,174,2138112,7178,952.2896827500001,870.54,0.9813345670700073,2.1248595530788106,0.036085613,-3.2437436704834304,0.2,1.0672988891601562,-0.03184603413489337,0.368603515625,5e-05,9860,0.3250376284122467
299,175,2150400,7178,976.8916523,892.11,0.9886240363121033,0.782586957141757,0.040168304,-3.22144479850928,0.2,0.49698126316070557,-0.03976010426413268,0.3929036458333333,5e-05,9870,0.3244117796421051
301,176,2162688,7178,937.5677255699999,862.19,0.9895125031471252,2.2598129698385794,0.022644147,-3.2007026389241218,0.2,0.5100974440574646,-0.03001348692147682,0.25808919270833336,5e-05,9880,0.32383906841278076
302,177,2174976,7178,969.587981,890.82,0.9873902201652527,5.284602777659893,0.017070793,-3.185041447977225,0.2,1.8396997451782227,-0.03171656205425582,0.186474609375,5e-05,9890,0.32356542348861694
304,178,2187264,7179,994.7930496699998,911.66,0.9790860414505005,7.1806236748894055,0.021063043,-3.1716093023618064,0.2,2.676953077316284,-0.027699996188554604,0.24039713541666666,5e-05,9900,0.3231748044490814
306,179,2199552,7179,1000.0600389599999,912.63,0.9880453944206238,0.49566535639266174,0.042907488,-3.156697588165601,0.2,0.17058569192886353,-0.04632452406610052,0.4281087239583333,5e-05,9910,0.32288458943367004
308,180,2211840,7180,1003.0378985299999,920.4,0.9836502075195312,1.0430508067210515,0.029455429,-3.135362097620964,0.2,0.18133287131786346,-0.037168983114437046,0.32371419270833335,5e-05,9920,0.32222700119018555
309,181,2224128,7181,1005.55140025,914.26,0.9777013063430786,2.349054190143943,0.023080388,-3.1189594313502313,0.2,0.2819187045097351,-0.02725757624042065,0.26162109375,5e-05,9930,0.3220701217651367
311,182,2236416,7181,1004.55867812,915.3,0.9700776934623718,3.6740543308357396,0.019606913,-3.1108823756376904,0.2,1.3881645202636719,-0.027279910007685735,0.21564127604166666,5e-05,9940,0.32178589701652527
313,183,2248704,7182,1022.0358960200002,926.67,0.9909628033638,1.9006130738804738,0.025724417,-3.0960718100269635,0.2,0.9305838346481323,-0.03127912933220311,0.2815755208333333,5e-05,9950,0.32132384181022644
314,184,2260992,7183,1005.9610076999999,910.22,0.980715274810791,3.887104087571303,0.021743437,-3.0818807035684586,0.2,1.585766315460205,-0.02665042873801819,0.24959309895833334,5e-05,9960,0.3209728002548218
316,185,2273280,7183,1015.3525641900001,918.61,0.9723659753799438,6.660036430135369,0.016844345,-3.0722513193885486,0.2,1.431907057762146,-0.025790255639973718,0.22191569010416667,5e-05,9970,0.3207886517047882
318,186,2285568,7184,1016.3906238399999,918.61,0.9777986407279968,2.384467730112374,0.036073793,-3.057109655936559,0.2,0.3299257457256317,-0.03314482176792808,0.3712646484375,5e-05,9980,0.3202691376209259
319,187,2297856,7185,992.1523961099999,897.97,0.9865867495536804,0.8339214423050483,0.038501725,-3.03281112909317,0.2,0.24906612932682037,-0.040977365740885334,0.38253580729166664,5e-05,9990,0.3195634186267853
321,188,2310144,7186,975.4600806000001,886.89,0.9772764444351196,6.596356058120728,0.013447836,-3.025818506379922,0.2,2.6538357734680176,-0.027062839528177087,0.16555989583333333,5e-05,10000,0.31970253586769104
323,189,2322432,7186,981.0667945999999,885.67,0.984713077545166,4.072400302936633,0.020849952,-3.017738921940327,0.2,0.7401772141456604,-0.030028109004100165,0.23338216145833332,5e-05,10010,0.31919485330581665
324,190,2334720,7187,976.22345451,888.41,0.9856375455856323,1.2264984779680768,0.04413597,-2.993998736143112,0.2,0.1725037693977356,-0.03777751576562878,0.4193033854166667,5e-05,10020,0.3185358941555023
326,191,2347008,7187,987.9028793399998,901.34,0.9903546571731567,1.243844735994935,0.034535192,-2.9704706892371178,0.2,0.6176927089691162,-0.038988587335431174,0.3441650390625,5e-05,10030,0.31798255443573
328,192,2359296,7188,999.5019104599997,911.55,0.9775182008743286,4.038111207510034,0.02003754,-2.9550036544601124,0.2,1.8390692472457886,-0.027021529945583704,0.24037272135416668,5e-05,10040,0.3177517354488373
329,193,2371584,7189,988.74465384,906.14,0.9882810115814209,1.7530380708475908,0.03179106,-2.937221602598826,0.2,0.24279069900512695,-0.03712072854347449,0.32491861979166664,5e-05,10050,0.3170159161090851
331,194,2383872,7189,966.04087906,884.69,0.985925018787384,2.0373118142286937,0.029724771,-2.917267766594887,0.2,0.4580903947353363,-0.03626419748761691,0.32052408854166664,5e-05,10060,0.31650498509407043
333,195,2396160,7190,970.44808268,891.57,0.978986382484436,6.200214627633492,0.014493302,-2.90527436931928,0.2,2.202834367752075,-0.027854028949514033,0.16240234375,5e-05,10070,0.3163433372974396
334,196,2408448,7191,954.1176428,882.17,0.9864978790283203,2.2955960323413214,0.025422953,-2.8946849301457407,0.2,0.5286409854888916,-0.02866148089475852,0.31170247395833334,5e-05,10080,0.3159431517124176
336,197,2420736,7191,959.6884516700002,883.6,0.9780291318893433,5.120510263244311,0.024598813,-2.8754904200633367,0.2,4.345040321350098,-0.027974996867123993,0.2895914713541667,5e-05,10090,0.315525084733963
338,198,2433024,7192,963.3476170800002,888.68,0.9928740859031677,0.8984138514846564,0.0446662,-2.8521191105246544,0.2,0.6693202257156372,-0.040157072907701756,0.4305501302083333,5e-05,10100,0.31491515040397644
339,199,2445312,7193,962.21030438,884.16,0.974225640296936,5.261793211350838,0.016830428,-2.8379775539040564,0.2,1.396005392074585,-0.026981686271513657,0.19625651041666667,5e-05,10110,0.3146665096282959
341,200,2457600,7193,952.0144786,869.16,0.9914059042930603,1.5036224101980527,0.03003378,-2.8244006951649983,0.2,0.5863417387008667,-0.03260998501718859,0.31717122395833336,5e-05,10120,0.31418290734291077
343,201,2469888,7194,978.1161482599999,889.51,0.982756495475769,4.390040505801638,0.01888934,-2.8107438748081526,0.2,2.937285900115967,-0.029071728446676087,0.21898600260416667,5e-05,10130,0.3139277398586273
344,202,2482176,7195,995.2408167899999,899.77,0.9899275302886963,3.657275732482473,0.022617495,-2.800158667564392,0.2,1.4059451818466187,-0.03118398226846087,0.2635009765625,5e-05,10140,0.3136577904224396
346,203,2494464,7195,975.7092124800001,880.76,0.9896601438522339,2.1462667557100454,0.028063575,-2.780389228463173,0.2,0.5062403678894043,-0.034106314678986865,0.3019205729166667,5e-05,10150,0.31298914551734924
348,204,2506752,7195,956.3542639400001,869.19,0.9667754173278809,12.581932937105497,0.015291818,-2.766755911707878,0.2,4.7106122970581055,-0.02531285275472328,0.1884765625,5e-05,10160,0.3129402697086334
350,205,2519040,7196,946.88852029,856.23,0.9828031063079834,4.42960603274405,0.026285985,-2.7599960361917812,0.2,3.9345602989196777,-0.027443661627088053,0.3220703125,5e-05,10170,0.31254950165748596
351,206,2531328,7196,919.9340997699999,841.25,0.9820685982704163,2.955087663109104,0.037413813,-2.7508359918991725,0.2,0.7395220398902893,-0.02728764260051927,0.37664388020833334,5e-05,10180,0.3124728500843048
353,207,2543616,7196,917.8683814899999,840.82,0.9888738393783569,2.944249464323123,0.02631854,-2.738097173968951,0.2,0.9984213709831238,-0.032734868921882786,0.3070882161458333,5e-05,10190,0.3119674026966095
355,208,2555904,7197,923.4377978600002,846.88,0.9769589900970459,3.81858048128585,0.04484555,-2.7076093981663387,0.2,2.874284267425537,-0.031203651040656647,0.42910970052083336,5e-05,10200,0.31115373969078064
356,209,2568192,7197,926.96389358,846.48,0.9784237742424011,3.861065100133419,0.02637252,-2.6843053504824637,0.2,0.6007732152938843,-0.02858305737415018,0.31344401041666664,5e-05,10210,0.3107078969478607
358,210,2580480,7198,958.29637241,873.34,0.9879375100135803,2.522959561149279,0.031843353,-2.6647013247013094,0.2,1.5410094261169434,-0.033175366105569995,0.34271647135416666,5e-05,10220,0.310143381357193
360,211,2592768,7197,946.1371434199999,855.4,0.9864879846572876,1.802948972893258,0.036188807,-2.6386937508980433,0.2,0.49185964465141296,-0.033274301246274264,0.3626220703125,5e-05,10230,0.3096245229244232
361,212,2605056,7197,963.5531383600002,872.25,0.9858419299125671,3.60876851528883,0.018145517,-2.627658405403296,0.2,0.8327199816703796,-0.03172939634532668,0.23296712239583334,5e-05,10240,0.3094484806060791
363,213,2617344,7198,970.0207032199997,873.79,0.985293984413147,2.992103783537944,0.034207344,-2.611994478603204,0.2,1.877631664276123,-0.032745112992900734,0.33584798177083336,5e-05,10250,0.30891719460487366
365,214,2629632,7199,969.1953689200002,871.26,0.9858373403549194,2.6204966992139815,0.031022308,-2.596276952823003,0.2,0.7496018409729004,-0.027366767501128684,0.31319986979166664,5e-05,10260,0.30859819054603577
366,215,2641920,7199,977.6505928099999,879.17,0.9836784601211548,5.210485469798247,0.02166661,-2.583122435212135,0.2,1.4735708236694336,-0.03078144173535596,0.2455078125,5e-05,10270,0.3083207607269287
368,216,2654208,7200,984.74572022,881.71,0.9542267918586731,9.449178682267666,0.017567841,-2.5761758009592692,0.2,4.078409671783447,-0.02745297881726098,0.21040852864583334,5e-05,10280,0.3082529902458191
370,217,2666496,7200,982.94008854,879.33,0.9902966618537903,1.4939199763039748,0.050998807,-2.572034965455532,0.2,0.3588661551475525,-0.028873059442412342,0.4816487630208333,5e-05,10290,0.30800873041152954
371,218,2678784,7201,983.7962546600003,882.46,0.9776620864868164,1.1156127945209542,0.04281072,-2.560133746266365,0.2,0.12490768730640411,-0.028092009655180543,0.4275634765625,5e-05,10300,0.30778443813323975
373,219,2691072,7201,989.85414762,887.04,0.985324501991272,3.7917137670020264,0.017480109,-2.5533450707793235,0.2,1.2479368448257446,-0.031207555533425572,0.19873046875,5e-05,10310,0.3076094686985016
375,220,2703360,7202,988.6568793600001,880.97,0.9809800386428833,5.150893293569485,0.021033498,-2.5475291565060614,0.2,1.3229972124099731,-0.027495851489948108,0.23726399739583334,5e-05,10320,0.3074510395526886
376,221,2715648,7203,1021.9176531199998,910.67,0.9867994785308838,2.2499757786591847,0.03512694,-2.541154778500398,0.2,1.1641446352005005,-0.029302901055295174,0.35389811197916665,5e-05,10330,0.30728575587272644
378,222,2727936,7203,1014.5978329499999,904.66,0.9868658781051636,1.2556666270519297,0.03482837,-2.5195370520154636,0.2,0.3436238169670105,-0.03674936040309452,0.36505533854166666,5e-05,10340,0.30648234486579895
380,223,2740224,7203,1033.79562314,920.97,0.9845536351203918,3.3707619761427243,0.02465784,-2.496685034533342,0.2,2.251342535018921,-0.033419379096691654,0.275927734375,5e-05,10350,0.3060206174850464
382,224,2752512,7203,1004.4733809300001,897.97,0.9785281419754028,3.0179557845617335,0.039155066,-2.485391906897227,0.2,5.106734275817871,-0.02689161635256217,0.40748697916666665,5e-05,10360,0.305867463350296
383,225,2764800,7203,999.85627596,891.65,0.9858353734016418,4.716404915849368,0.01821208,-2.47946065813303,0.2,1.9187521934509277,-0.027602811123021334,0.210986328125,5e-05,10370,0.3057616651058197
385,226,2777088,7204,1012.9450562,900.75,0.9770267009735107,4.215720773115754,0.02702929,-2.4736301064491273,0.2,1.389168620109558,-0.02655690704123117,0.3065104166666667,5e-05,10380,0.30568206310272217
387,227,2789376,7205,993.06234978,885.8,0.9819498062133789,3.356448049843311,0.032818172,-2.4588252474864323,0.2,2.4904725551605225,-0.029425367296789774,0.3385498046875,5e-05,10390,0.3051621615886688
388,228,2801664,7205,973.8869115499999,867.53,0.9811773300170898,4.761515541747213,0.021085238,-2.445813488463561,0.2,1.0074572563171387,-0.02636150024967113,0.2927978515625,5e-05,10400,0.30493247509002686
390,229,2813952,7206,989.2885873099999,875.55,0.9874750375747681,3.3547509513795375,0.024446776,-2.439815640449524,0.2,0.4333520531654358,-0.029935400796239263,0.28909505208333336,5e-05,10410,0.3048577606678009
392,230,2826240,7206,1002.9303989800001,885.27,0.9913740158081055,0.4743103499834736,0.05189969,-2.4288261021176973,0.2,0.10341080278158188,-0.04749454008318329,0.47626139322916666,5e-05,10420,0.30427294969558716
393,231,2838528,7206,1006.3362076299999,889.53,0.9940590858459473,0.539518906796972,0.03715052,-2.3981295709808665,0.2,0.12431440502405167,-0.040898172255644266,0.38082682291666664,5e-05,10430,0.30347391963005066
395,232,2850816,7206,982.10749801,869.34,0.9932841062545776,1.6796162446339926,0.02257667,-2.376658044755459,0.2,0.7047411799430847,-0.03711323971316839,0.24278157552083332,5e-05,10440,0.3030298054218292
397,233,2863104,7207,982.99130763,866.56,0.987936794757843,4.121151281769077,0.013299402,-2.3669340779383976,0.2,1.1040229797363281,-0.026419150663423353,0.15487467447916667,5e-05,10450,0.3029107451438904
398,234,2875392,7207,1001.3592099200001,885.98,0.9816539883613586,2.884152503559987,0.022986894,-2.3566479514042538,0.2,0.6352989673614502,-0.03327710896943851,0.24729817708333332,5e-05,10460,0.3025027811527252
400,235,2887680,7208,997.1138835399998,889.54,0.9760484099388123,0.6760704853261511,0.042283207,-2.3497764726479846,0.2,0.2093171924352646,-0.04324478289539305,0.408935546875,5e-05,10470,0.3024749457836151
402,236,2899968,7209,991.07320524,889.95,0.9942628741264343,1.1971685510128736,0.030179152,-2.339451032876968,0.2,0.3624184727668762,-0.03957519512138485,0.323291015625,5e-05,10480,0.30195561051368713
403,237,2912256,7209,982.3393607700001,881.64,0.9670527577400208,3.6903168044984342,0.027112925,-2.319318235417207,0.2,1.6024445295333862,-0.02885011800438709,0.29571940104166666,5e-05,10490,0.3014715611934662
405,238,2924544,7210,966.27477702,874.31,0.9787343144416809,2.911943019554019,0.027143143,-2.30467928647995,0.2,1.1588237285614014,-0.0264386774317245,0.2911376953125,5e-05,10500,0.3013075590133667
407,239,2936832,7210,979.73436756,883.45,0.9911045432090759,2.969458569586277,0.026500976,-2.2961883862813313,0.2,0.42154765129089355,-0.03388384376400306,0.27333984375,5e-05,10510,0.30106765031814575
408,240,2949120,7211,983.3463913999999,889.5,0.9920238256454468,1.9576349873716632,0.031426456,-2.2818283905585606,0.2,0.6746854782104492,-0.03668282623499787,0.31857096354166664,5e-05,10520,0.30066487193107605
410,241,2961408,7211,923.9485678200002,840.2,0.9772306680679321,3.588103973120451,0.021685258,-2.2683809717496235,0.2,0.2378787249326706,-0.0266463864701412,0.2635904947916667,5e-05,10530,0.30042609572410583
412,242,2973696,7211,950.9948701999997,857.91,0.9822719693183899,7.3211449493964516,0.016290398,-2.2661402434110642,0.2,3.3802120685577393,-0.028833005490499393,0.20690104166666667,5e-05,10540,0.30043354630470276
414,243,2985984,7210,942.2786169800003,849.82,0.9810332655906677,2.283529490667085,0.04055213,-2.263505111634731,0.2,1.7463191747665405,-0.029132291164326793,0.39413248697916664,5e-05,10550,0.30039939284324646
415,244,2998272,7210,942.93320126,849.57,0.98923659324646,3.1844876024872066,0.027634889,-2.25906754086415,0.2,0.8634389638900757,-0.03337061850470491,0.28749186197916665,5e-05,10560,0.30007901787757874
417,245,3010560,7211,943.5639905400001,851.38,0.9835891127586365,3.4012519797931113,0.032320272,-2.2415263533592222,0.2,1.3401055335998535,-0.02905018181190826,0.343994140625,5e-05,10570,0.2996583878993988
419,246,3022848,7211,958.6271253500001,865.35,0.9915437698364258,1.556350555891792,0.03858846,-2.2293877427776656,0.2,0.5017433166503906,-0.03433602818792376,0.3793538411458333,5e-05,10580,0.29935914278030396
420,247,3035136,7212,963.4154159499999,871.88,0.9875661730766296,1.5391969279696545,0.035736665,-2.209406092762947,0.2,1.6020060777664185,-0.031192035978892817,0.381396484375,5e-05,10590,0.29880306124687195
422,248,3047424,7211,1004.5480303799999,901.09,0.993471622467041,1.1342309966683388,0.036683872,-2.1948183223605158,0.2,0.279694527387619,-0.03610165333860398,0.3745849609375,5e-05,10600,0.29858624935150146
424,249,3059712,7212,1002.7866642699998,897.61,0.9866543412208557,3.67087016950051,0.020945212,-2.183148363729318,0.2,0.46555861830711365,-0.029180448919457074,0.22201334635416667,5e-05,10610,0.2983578145503998
425,250,3072000,7212,1014.2323960300001,907.13,0.9910181164741516,1.1465369313334426,0.039959434,-2.172912456591924,0.2,0.4183873236179352,-0.03333232687728014,0.3806640625,5e-05,10620,0.2981550991535187
427,251,3084288,7213,1025.2994662299998,917.89,0.9827362895011902,2.9275767135123414,0.024830649,-2.162426756322384,0.2,0.8944014310836792,-0.029437179036904126,0.2746337890625,5e-05,10630,0.29778942465782166
429,252,3096576,7213,1031.40487151,915.61,0.9892303347587585,1.7780814033622543,0.033654135,-2.138700268169244,0.2,1.2435846328735352,-0.03175363440144186,0.333984375,5e-05,10640,0.2970304787158966
430,253,3108864,7213,1032.33246744,913.61,0.9826780557632446,4.6173295944929125,0.022211215,-2.119057060778141,0.2,1.1583110094070435,-0.028888560908671933,0.2314453125,5e-05,10650,0.2967923879623413
432,254,3121152,7214,1027.28552637,911.42,0.9869623184204102,4.161440890530745,0.024278542,-2.108860238889853,0.2,2.5672078132629395,-0.03402821908530314,0.26177571614583334,5e-05,10660,0.29652222990989685
434,255,3133440,7214,1027.9805063400001,912.01,0.9743955731391907,6.396490117410819,0.021779774,-2.097889691591263,0.2,2.066248655319214,-0.025089148522238248,0.2540364583333333,5e-05,10670,0.2963641583919525
436,256,3145728,7214,1017.28151808,905.18,0.9689435958862305,7.0751090909043945,0.022202188,-2.0890723998347918,0.2,1.3103207349777222,-0.028791107322710254,0.265185546875,5e-05,10680,0.2960568964481354
437,257,3158016,7214,1009.0748037999999,901.43,0.9845291972160339,1.6014425735920668,0.04801293,-2.0776788095633187,0.2,0.47442319989204407,-0.029423847867777415,0.45205078125,5e-05,10690,0.295777827501297
439,258,3170304,7215,1005.52053233,900.16,0.9815937280654907,4.467749823381504,0.024865955,-2.0598852386077247,0.2,1.2192621231079102,-0.030152971214071535,0.28375651041666666,5e-05,10700,0.29532843828201294
441,259,3182592,7215,992.9032370400002,893.77,0.9722529649734497,5.7377358209341764,0.027620658,-2.045058673620224,0.2,1.0358723402023315,-0.02766035019691723,0.27706705729166664,5e-05,10710,0.29502061009407043
442,260,3194880,7215,990.4301804700001,894.6,0.9898759126663208,3.0509310213228065,0.035523932,-2.0291926845908166,0.2,1.2754939794540405,-0.03372473755540947,0.3306966145833333,5e-05,10720,0.2946372628211975
444,261,3207168,7216,1012.8375022799999,907.82,0.9882710576057434,2.376131249405444,0.04789717,-2.0136216332515082,0.2,0.6766108274459839,-0.031074193680251484,0.44632161458333336,5e-05,10730,0.29441025853157043
446,262,3219456,7215,1001.0337448500002,903.2,0.9891688823699951,1.0799140341579914,0.04461938,-1.9924729471405347,0.2,0.43040958046913147,-0.039309585599888425,0.4149169921875,5e-05,10740,0.2936878502368927
447,263,3231744,7215,1010.2409971,911.67,0.9679681062698364,3.5061304635057846,0.025158664,-1.9690029864509901,0.2,1.523239016532898,-0.028540335877914914,0.27130533854166666,5e-05,10750,0.29322484135627747
449,264,3244032,7216,1023.4213926499999,918.48,0.981839656829834,2.048418194738527,0.04020023,-1.9508705628414948,0.2,0.6240997314453125,-0.029842489161334623,0.3699951171875,5e-05,10760,0.29284045100212097
451,265,3256320,7216,1055.32991038,938.37,0.9870768189430237,1.293652334747215,0.04218391,-1.9341129268209138,0.2,0.850501298904419,-0.032110736912970124,0.40765787760416666,5e-05,10770,0.2922995388507843
452,266,3268608,7215,1067.6321236699998,941.88,0.9791383147239685,0.36996055704851943,0.039071877,-1.9150269066294034,0.2,0.12039615213871002,-0.030744216742459685,0.40728352864583334,5e-05,10780,0.29179686307907104
454,267,3280896,7215,1077.78563404,948.03,0.9941688776016235,0.4173675413243473,0.037928104,-1.8863940122226874,0.2,0.07771042734384537,-0.047413365327520295,0.3753173828125,5e-05,10790,0.29105380177497864
456,268,3293184,7216,1070.00342957,941.4,0.9702883362770081,3.947243259474635,0.016558724,-1.8690296853582065,0.2,0.803692102432251,-0.022618982672914473,0.219873046875,5e-05,10800,0.2909453511238098
458,269,3305472,7216,1083.72905514,947.79,0.9930761456489563,0.6359175955255826,0.03395735,-1.8564372723301252,0.2,0.164302259683609,-0.042902513525041285,0.3476806640625,5e-05,10810,0.2905275523662567
459,270,3317760,7216,1101.3109623399998,957.91,0.9892791509628296,1.5215591503928105,0.024160907,-1.8414293674131235,0.2,1.0251524448394775,-0.03079526174988132,0.2522705078125,5e-05,10820,0.29036593437194824
461,271,3330048,7215,1088.06063301,950.39,0.9907811284065247,0.6314647087827325,0.03649212,-1.8283501679698626,0.2,0.11320483684539795,-0.03524232788816638,0.36687825520833334,5e-05,10830,0.28989389538764954
463,272,3342336,7214,1095.81723497,949.81,0.9910794496536255,1.5504356015473604,0.025823759,-1.8120060640076796,0.2,0.6007213592529297,-0.02775247848912841,0.2719645182291667,5e-05,10840,0.28957024216651917
465,273,3354624,7213,1078.2410386000001,938.02,0.9932384490966797,0.9598069337507089,0.033584896,-1.796234670529763,0.2,0.4615764617919922,-0.03860351503826678,0.3291097005208333,5e-05,10850,0.28916826844215393
466,274,3366912,7212,1085.34615706,945.44,0.9867519736289978,2.880638753250241,0.020105023,-1.78700707629323,0.2,0.7720891833305359,-0.027691284656369438,0.2248779296875,5e-05,10860,0.2890983521938324
468,275,3379200,7212,1080.2965796800001,940.1,0.9740437865257263,0.7709410823881626,0.039120488,-1.78297194664677,0.2,0.42012348771095276,-0.03380009709605171,0.3780110677083333,5e-05,10870,0.2889985144138336
470,276,3391488,7213,1086.45775212,946.68,0.9884126782417297,1.9351255494480333,0.024410928,-1.7707598403096199,0.2,0.3419993817806244,-0.03355880320790069,0.26328938802083335,5e-05,10880,0.28858378529548645
471,277,3403776,7213,1087.4936431800002,952.95,0.9877362847328186,1.9291821465517083,0.029602021,-1.7541017274061839,0.2,0.8087300658226013,-0.03339105752335551,0.30348307291666665,5e-05,10890,0.2881487309932709
473,278,3416064,7212,1079.2678217900002,946.65,0.9853516817092896,2.1203035614763697,0.026967356,-1.7396532212694487,0.2,1.363905668258667,-0.030162201806282003,0.2746337890625,5e-05,10900,0.2878188192844391
475,279,3428352,7213,1072.31538456,945.25,0.9782879948616028,2.1845568024863797,0.027093396,-1.7265690604845683,0.2,1.1344784498214722,-0.02871565950141909,0.2911295572916667,5e-05,10910,0.2875334918498993
476,280,3440640,7213,1060.0096874399999,936.42,0.9821180701255798,5.781479946523905,0.017641129,-1.7139589610199133,0.2,2.6214802265167236,-0.03012425582370876,0.2037841796875,5e-05,10920,0.2873370945453644
478,281,3452928,7213,1074.14511281,948.21,0.9842239618301392,3.1964699026197194,0.032232855,-1.7037160029013951,0.2,1.6951303482055664,-0.025229691780017067,0.30227864583333336,5e-05,10930,0.2871342897415161
480,282,3465216,7214,1066.42689855,941.41,0.9926729798316956,0.5189935196191072,0.05036989,-1.6875848067303498,0.2,0.17494985461235046,-0.036207530218719815,0.46124674479166666,5e-05,10940,0.28664904832839966
482,283,3477504,7214,1054.61290352,936.32,0.9752785563468933,3.57518503566583,0.028878348,-1.6771159743269284,0.2,0.4079400300979614,-0.025465958943823353,0.3003743489583333,5e-05,10950,0.2863398492336273
483,284,3489792,7213,1056.06740606,937.3,0.972197413444519,4.440952548012137,0.02603809,-1.6655046661694846,0.2,3.6393394470214844,-0.027563486319074095,0.27301432291666666,5e-05,10960,0.2860889136791229
485,285,3502080,7214,1026.74933376,912.34,0.9914310574531555,1.3186617833872636,0.037893355,-1.651584113885959,0.2,0.27104493975639343,-0.030262235865423766,0.36802571614583335,5e-05,10970,0.2857389748096466
487,286,3514368,7214,1047.39521117,918.86,0.984381914138794,5.159714108146727,0.022858432,-1.6363938103119533,0.2,1.5355165004730225,-0.025420939153021512,0.26593424479166666,5e-05,10980,0.28543373942375183
488,287,3526656,7215,1048.4624814999997,914.85,0.988656759262085,1.2187930895636478,0.039578088,-1.627946892629067,0.2,0.13813194632530212,-0.03167483102151891,0.38580729166666666,5e-05,10990,0.285352498292923
490,288,3538944,7215,1042.5811610800001,909.84,0.9908209443092346,1.2953080910568435,0.035098895,-1.622402442495028,0.2,1.8963454961776733,-0.0308372940683815,0.3664632161458333,5e-05,11000,0.2852208912372589
492,289,3551232,7216,1032.74889184,911.39,0.9799572825431824,1.3027150502428413,0.03739435,-1.613659796367089,0.2,0.2919413149356842,-0.030088589252166762,0.37784016927083336,5e-05,11010,0.2849484980106354
493,290,3563520,7216,1039.37380891,914.96,0.9846717715263367,1.2300838438173136,0.035807,-1.5920712436238924,0.2,0.6882361173629761,-0.03045076048292685,0.3531087239583333,5e-05,11020,0.2844332456588745
495,291,3575808,7216,1053.26601829,927.21,0.9908432364463806,1.128704924446841,0.03540137,-1.5687123566865921,0.2,0.6409399509429932,-0.03755989067091529,0.3518147786458333,5e-05,11030,0.2838863134384155
497,292,3588096,7217,1051.16838508,933.16,0.9658154249191284,0.9754157658666373,0.03820557,-1.5535664101441702,0.2,0.3781414031982422,-0.035591495653595,0.377294921875,5e-05,11040,0.28367528319358826
498,293,3600384,7217,1071.87934583,955.51,0.9872245788574219,1.5338918699572484,0.03850766,-1.542767375210921,0.2,0.14723548293113708,-0.03203908573583855,0.39186197916666665,5e-05,11050,0.2833388149738312
500,294,3612672,7218,1054.8756390099998,948.27,0.9853447675704956,1.5999171855549017,0.026239788,-1.5238347155352434,0.2,0.8775677680969238,-0.03166264348886519,0.28583170572916666,5e-05,11060,0.2828611135482788
502,295,3624960,7218,1075.8263802499998,959.57,0.9572710990905762,1.3820672829325,0.030151213,-1.507649941990773,0.2,0.2547476589679718,-0.021021705988096072,0.3209635416666667,5e-05,11070,0.2825476825237274
503,296,3637248,7218,1081.56356865,966.83,0.986992359161377,1.1154733170444766,0.035463575,-1.4910081344346204,0.2,0.3265335261821747,-0.03154422695127626,0.34112141927083334,5e-05,11080,0.2822067439556122
505,297,3649536,7219,1090.0377798,970.48,0.9896363615989685,1.2331973536560932,0.03314051,-1.4732767713566621,0.2,0.2049485743045807,-0.03400890618698516,0.33487141927083336,5e-05,11090,0.28183549642562866
507,298,3661824,7219,1075.24547401,952.85,0.9769412279129028,2.2544302473465603,0.022681372,-1.4587693832814694,0.2,1.178717017173767,-0.029635335146061457,0.2585693359375,5e-05,11100,0.28153282403945923
508,299,3674112,7219,1058.77730464,933.31,0.9900973439216614,2.102435464039445,0.02398681,-1.450937274346749,0.2,1.1690726280212402,-0.029399763824767434,0.2658203125,5e-05,11110,0.28145232796669006
510,300,3686400,7219,1046.5203508999998,922.35,0.9895484447479248,3.0252384788046283,0.024666255,-1.4417631313204766,0.2,1.1059939861297607,-0.03193166539228211,0.259716796875,5e-05,11120,0.2811947762966156
512,301,3698688,7220,1057.37330988,931.83,0.9912110567092896,1.0709895629435777,0.04541622,-1.4223251514136792,0.2,0.20403331518173218,-0.03255773494602181,0.4216227213541667,5e-05,11130,0.28072455525398254
514,302,3710976,7219,1050.1788994999997,924.87,0.990655243396759,0.7754146784543992,0.042158503,-1.3919864835838476,0.2,0.1643693447113037,-0.030283598365591993,0.40655110677083334,5e-05,11140,0.2799159288406372
515,303,3723264,7219,1048.9787783299998,928.37,0.9915350079536438,1.7232841933767,0.026356021,-1.3634547213713328,0.2,0.3430635929107666,-0.03537686849109984,0.28622233072916664,5e-05,11150,0.2793469727039337
517,304,3735552,7218,1046.2033623900002,923.38,0.9902827739715576,0.8846814368541042,0.042953033,-1.3437285671631496,0.2,0.09998007118701935,-0.03933880419644993,0.4099853515625,5e-05,11160,0.2790873348712921
519,305,3747840,7218,1023.7035480999999,905.63,0.9892471432685852,1.1605209088573853,0.027708173,-1.32613508750995,0.2,0.315051406621933,-0.03028238310459225,0.29190266927083336,5e-05,11170,0.2786029279232025
520,306,3760128,7219,1045.06483958,924.24,0.9885787963867188,2.297985746525228,0.026035003,-1.3059280109902223,0.2,0.834385335445404,-0.026801827043042674,0.29278971354166666,5e-05,11180,0.278158575296402
522,307,3772416,7217,1051.5359119999998,930.17,0.9656413197517395,4.717222131912907,0.031183632,-1.2862613196174304,0.2,0.7319974303245544,-0.02738309699149492,0.31790364583333336,5e-05,11190,0.27773651480674744
524,308,3784704,7214,1055.03797366,928.76,0.9918208122253418,1.563132561929524,0.035213146,-1.2703847606976828,0.2,1.0144368410110474,-0.030371033839765006,0.32850748697916665,5e-05,11200,0.2774662673473358
526,309,3796992,7213,1053.2184450199998,921.53,0.9854092597961426,2.309439510976275,0.024670443,-1.262367694079876,0.2,0.4727812707424164,-0.02781762947755245,0.28802897135416666,5e-05,11210,0.27737492322921753
528,310,3809280,7213,1047.40978983,913.38,0.9788618087768555,2.84193590550373,0.03283851,-1.2514973190923533,0.2,0.39847052097320557,-0.023809841585656008,0.36746419270833336,5e-05,11220,0.27708864212036133
529,311,3821568,7212,1047.60431377,911.82,0.9663310050964355,2.191804255483051,0.033255044,-1.2426673044761023,0.2,0.5462344884872437,-0.023455339392724758,0.3461507161458333,5e-05,11230,0.2768819034099579
531,312,3833856,7212,1060.2459613499998,920.85,0.9820482730865479,1.622816975787282,0.04575312,-1.2294036152462164,0.2,0.23770946264266968,-0.024212107234537445,0.42242838541666666,5e-05,11240,0.2765680253505707
533,313,3846144,7211,1080.08160131,935.88,0.9796539545059204,2.3845895551145078,0.03444038,-1.218050861855348,0.2,0.4882088899612427,-0.023506936735551185,0.3539225260416667,5e-05,11250,0.2762462794780731
535,314,3858432,7211,1063.89752517,921.61,0.9775186777114868,1.4578147403895856,0.039648805,-1.1964505520959696,0.2,0.8694992065429688,-0.03417181857900384,0.40183919270833335,5e-05,11260,0.2756727635860443
536,315,3870720,7211,1061.1567246,927.72,0.9771993160247803,5.141093956927459,0.020905063,-1.1836789811650912,0.2,1.6218127012252808,-0.02535303862435588,0.22001953125,5e-05,11270,0.27550598978996277
538,316,3883008,7212,1085.5004163700003,943.28,0.9749187231063843,1.2735369840015969,0.03881111,-1.1739826828241349,0.2,0.5283980965614319,-0.03178027900576126,0.38080240885416666,5e-05,11280,0.2753455638885498
540,317,3895296,7211,1081.00007394,939.0,0.9845646023750305,2.0225968521709246,0.036151752,-1.1656163208186627,0.2,0.29335731267929077,-0.031175819723284804,0.37814127604166664,5e-05,11290,0.2751113474369049
541,318,3907584,7211,1077.9077528000003,939.54,0.9930705428123474,1.1888911068439483,0.042515863,-1.1537963738044104,0.2,0.3225794732570648,-0.034948887056089006,0.4101481119791667,5e-05,11300,0.27481186389923096
543,319,3919872,7212,1068.34707035,933.14,0.9846452474594116,3.43528391631941,0.020665925,-1.1414668045938015,0.2,1.647958755493164,-0.027483890803220373,0.2499267578125,5e-05,11310,0.27462565898895264
545,320,3932160,7212,1076.35163032,938.77,0.9886916875839233,1.3687126148492097,0.042032424,-1.1255912862718105,0.2,0.7757828235626221,-0.03009549838267655,0.4154866536458333,5e-05,11320,0.2740953266620636
546,321,3944448,7211,1082.73221069,945.59,0.9939942359924316,0.8149140155563752,0.042021375,-1.093895967056354,0.2,0.35810166597366333,-0.04320171123448138,0.39703776041666666,5e-05,11330,0.2734664976596832
548,322,3956736,7211,1088.1672388299999,948.16,0.988139271736145,1.563772384946545,0.030833175,-1.0748346333702405,0.2,0.6440997123718262,-0.03639040828469054,0.3204427083333333,5e-05,11340,0.2732454836368561
550,323,3969024,7209,1085.1896494,947.97,0.9894113540649414,1.5355851432929437,0.031184152,-1.0573299760619799,0.2,0.7317730784416199,-0.03388508722321906,0.331640625,5e-05,11350,0.27266183495521545
552,324,3981312,7210,1058.15899304,927.96,0.9933570027351379,0.4956131186336279,0.041278984,-1.030503593136867,0.2,0.3094859719276428,-0.03732556179262853,0.40740559895833334,5e-05,11360,0.27197131514549255
553,325,3993600,7210,1036.9080514799998,915.63,0.9821831583976746,3.526547485838334,0.018064702,-1.0120412049194176,0.2,1.3880383968353271,-0.024778792380190377,0.202978515625,5e-05,11370,0.27181336283683777
555,326,4005888,7210,1060.8539359999997,932.97,0.9866654276847839,2.8274134561419486,0.024745876,-1.0021439968297878,0.2,2.22699236869812,-0.029905131472817932,0.2722574869791667,5e-05,11380,0.27150774002075195
557,327,4018176,7211,1040.0013797800002,919.68,0.9893333911895752,2.3259174476688105,0.03247687,-0.9811231929808855,0.2,1.5848158597946167,-0.03393007262930041,0.31504720052083335,5e-05,11390,0.27082210779190063
558,328,4030464,7211,1037.75791535,918.21,0.9907299280166626,1.3925912113239367,0.039016265,-0.9616824788351853,0.2,1.5735629796981812,-0.03284018051053863,0.36724446614583334,5e-05,11400,0.2705630362033844
560,329,4042752,7211,1019.7268400600001,901.42,0.9923214316368103,0.6508552037800351,0.05109209,-0.9515226357926925,0.2,0.19851255416870117,-0.043012377997123014,0.45048828125,5e-05,11410,0.2703526020050049
562,330,4055040,7212,986.8742566800001,874.8,0.9694759249687195,7.333291106422743,0.014235104,-0.9458198885122935,0.2,1.2603915929794312,-0.02297345625605279,0.1765625,5e-05,11420,0.2702370584011078
563,331,4067328,7212,998.1076051299999,883.0,0.9800801873207092,4.826934298686683,0.026779613,-0.9407826393842698,0.2,3.3429315090179443,-0.024329434585524723,0.320361328125,5e-05,11430,0.2701241672039032
565,332,4079616,7212,1016.65243734,896.47,0.9862571954727173,2.8479343368361394,0.030330569,-0.9329971248904864,0.2,2.2133729457855225,-0.03213067636825144,0.314453125,5e-05,11440,0.26991888880729675
567,333,4091904,7213,1008.59563206,890.03,0.9855061173439026,1.400693223811686,0.043758497,-0.9222699812302987,0.2,0.30958402156829834,-0.032934995790128596,0.39560546875,5e-05,11450,0.2696424424648285
568,334,4104192,7213,1007.2831854899999,888.09,0.9816566705703735,5.171732189754645,0.023223236,-0.911549431954821,0.2,1.3623950481414795,-0.025663395409840934,0.27938639322916664,5e-05,11460,0.26946744322776794
570,335,4116480,7214,1002.2205423200003,886.05,0.9831265211105347,2.809537706275781,0.03310634,-0.8935755112518867,0.2,1.3541733026504517,-0.03353115497981586,0.3332763671875,5e-05,11470,0.26885393261909485
572,336,4128768,7214,1024.81120936,900.0,0.9853206276893616,3.3464156658699116,0.030272648,-0.8802697180459896,0.2,0.9764403104782104,-0.02783422248903662,0.321923828125,5e-05,11480,0.2687891721725464
573,337,4141056,7215,1049.1478868899999,918.45,0.9876769185066223,1.1543695795039335,0.05419403,-0.8751235328614712,0.2,0.31254875659942627,-0.029931830319886405,0.47970377604166664,5e-05,11490,0.26868936419487
575,338,4153344,7215,1050.9500313899998,925.82,0.9872498512268066,3.0192961988349754,0.028181924,-0.8679176338016987,0.2,3.008448839187622,-0.028584940163515662,0.28566080729166665,5e-05,11500,0.2684996724128723
577,339,4165632,7215,1058.1731788799998,931.15,0.9845726490020752,3.1576250062634545,0.025790274,-0.8516294124225775,0.2,1.4161838293075562,-0.030110261047957464,0.2773844401041667,5e-05,11510,0.2679888904094696
578,340,4177920,7216,1066.79167554,940.96,0.9822444319725037,1.3462468643983205,0.047519814,-0.8314341824501753,0.2,0.4372618794441223,-0.027081315857261264,0.43238932291666665,5e-05,11520,0.2677145302295685
580,341,4190208,7216,1071.7208097799999,939.58,0.9938122034072876,0.5377421965822577,0.051537436,-0.8182832003881534,0.2,0.17928871512413025,-0.04258813203390067,0.4662841796875,5e-05,11530,0.26741155982017517
582,342,4202496,7216,1090.8708918900002,950.55,0.9913982152938843,1.258465932806333,0.034127887,-0.8033293141673009,0.2,1.5904861688613892,-0.03137843465083279,0.3335205078125,5e-05,11540,0.26694512367248535
583,343,4214784,7217,1106.651029,963.82,0.9967318773269653,0.4193766159315904,0.04376964,-0.7729662970950206,0.2,0.16094055771827698,-0.04616274911531946,0.40673828125,5e-05,11550,0.26617369055747986
585,344,4227072,7217,1080.5752466600002,949.17,0.9869323372840881,1.5681085496520002,0.024246378,-0.7494669944047928,0.2,0.16707755625247955,-0.030937835144868586,0.2770751953125,5e-05,11560,0.26582014560699463
587,345,4239360,7217,1074.76375114,950.41,0.9884269833564758,2.2533778097480535,0.025973462,-0.7340667261431615,0.2,0.9475194215774536,-0.031176233423563342,0.2753987630208333,5e-05,11570,0.26556482911109924
589,346,4251648,7217,1079.35383928,951.43,0.9866645336151123,2.343537203098337,0.028152237,-0.7193388387560844,0.2,0.6368746757507324,-0.02883933651513265,0.2919677734375,5e-05,11580,0.2651655673980713
590,347,4263936,7218,1036.29176115,917.58,0.9806203246116638,2.335515717168649,0.028631158,-0.7034366553028425,0.2,0.3694732189178467,-0.025339975870641258,0.3119384765625,5e-05,11590,0.26481398940086365
592,348,4276224,7218,1027.85043457,911.91,0.9758598804473877,5.510571388403575,0.020585366,-0.6897421249498924,0.2,0.7674582004547119,-0.025859300399800608,0.26239420572916666,5e-05,11600,0.26453009247779846
594,349,4288512,7218,1046.32605514,926.87,0.9904708862304688,0.7966814901679754,0.051366746,-0.6678787898272276,0.2,1.045878529548645,-0.03779790815121184,0.4715657552083333,5e-05,11610,0.2638838589191437
595,350,4300800,7218,1029.28447531,913.22,0.9890856742858887,0.376325076383849,0.048912242,-0.6576311313857635,0.2,0.08908352255821228,-0.031345890912537776,0.43701171875,5e-05,11620,0.26390400528907776
597,351,4313088,7219,1050.56179903,922.08,0.9931482672691345,1.0640251850088438,0.028127179,-0.6496033761650324,0.2,0.32569679617881775,-0.03264883670587248,0.2954345703125,5e-05,11630,0.2636278569698334
599,352,4325376,7219,1067.4583527600003,929.57,0.9934390187263489,0.4225312969336907,0.040643573,-0.6275818123171727,0.2,0.08225958049297333,-0.04342606333860507,0.39309895833333336,5e-05,11640,0.2631864845752716
600,353,4337664,7217,1069.8095447,930.24,0.9877355694770813,2.1604818465188145,0.019683847,-0.6135688041647275,0.2,2.0072717666625977,-0.02841647163319673,0.21758626302083334,5e-05,11650,0.26304832100868225
602,354,4349952,7217,1074.73200269,935.77,0.9821417331695557,2.7520555972432095,0.019719435,-0.606671295935909,0.2,0.40278682112693787,-0.02551305198673314,0.2323486328125,5e-05,11660,0.2628573477268219
604,355,4362240,7217,1119.58200593,967.63,0.9939795732498169,0.7730519990126292,0.04349817,-0.6000085533907016,0.2,0.426392138004303,-0.03644517322924609,0.3875325520833333,5e-05,11670,0.26270779967308044
606,356,4374528,7218,1116.4170913799999,963.21,0.9859731197357178,0.8793837221339345,0.03829885,-0.5937460624923309,0.2,0.07375292479991913,-0.03120804334660837,0.3908203125,5e-05,11680,0.26256316900253296
607,357,4386816,7217,1112.4862178800001,963.21,0.9844669103622437,2.038117712115248,0.025984615,-0.5866078120966752,0.2,2.258949041366577,-0.02910819743507697,0.28602701822916665,5e-05,11690,0.26240432262420654
609,358,4399104,7216,1126.9801436199998,972.32,0.9956779479980469,0.47239382670571406,0.043372292,-0.5794980314870676,0.2,0.11598242819309235,-0.045726168924981415,0.4257893880208333,5e-05,11700,0.2622629404067993
611,359,4411392,7215,1111.6826842799999,964.66,0.992178738117218,1.507603808119893,0.030972974,-0.5699127957224845,0.2,1.0549955368041992,-0.03299875540130112,0.3009033203125,5e-05,11710,0.2619996964931488
613,360,4423680,7213,1112.5417961,970.77,0.9881480932235718,1.7778923691560824,0.026603661,-0.560667035728693,0.2,0.5458393096923828,-0.030713698464872628,0.26742350260416664,5e-05,11720,0.261764794588089
614,361,4435968,7213,1112.86954745,969.38,0.9821615815162659,1.8065103551372885,0.024639264,-0.5510481171309948,0.2,0.7432014346122742,-0.027670949928384894,0.2839599609375,5e-05,11730,0.26162591576576233
616,362,4448256,7212,1116.21092039,967.39,0.9906633496284485,1.1303298991173505,0.04028344,-0.5443140964955091,0.2,1.0675524473190308,-0.02923164705862291,0.380517578125,5e-05,11740,0.26152780652046204
618,363,4460544,7212,1105.56326302,959.27,0.98734050989151,1.03482954458644,0.04377158,-0.5378040010730426,0.2,2.4068915843963623,-0.02804782862755625,0.41371256510416665,5e-05,11750,0.2613966763019562
620,364,4472832,7212,1110.3560066100001,963.69,0.9920152425765991,0.6253670278315743,0.041738283,-0.5236182124664386,0.2,0.26286327838897705,-0.03442155235291769,0.389697265625,5e-05,11760,0.260964035987854
621,365,4485120,7212,1101.4820345800001,957.67,0.98357754945755,0.6560022885600726,0.04197831,-0.5079625602811575,0.2,0.3240956962108612,-0.036677228615735656,0.3989176432291667,5e-05,11770,0.2607265114784241
623,366,4497408,7212,1087.59980173,945.59,0.9867865443229675,1.1918339028333624,0.03433792,-0.5022836965198318,0.2,0.4306579530239105,-0.03230039554618998,0.343896484375,5e-05,11780,0.26068314909935
625,367,4509696,7212,1098.0361706099998,952.39,0.9805080890655518,3.345558905291061,0.019981677,-0.4973202005649606,0.2,1.100914716720581,-0.022857519393437543,0.24345703125,5e-05,11790,0.26052919030189514
626,368,4521984,7212,1095.70940598,955.14,0.985644519329071,1.1865553323800364,0.03973533,-0.4847174180671573,0.2,0.20621542632579803,-0.03152978520859809,0.39463704427083335,5e-05,11800,0.26027926802635193
628,369,4534272,7213,1100.36311846,958.09,0.9927845597267151,0.49023177921772004,0.044878244,-0.4615148833021522,0.2,0.1308409571647644,-0.04196146774532584,0.4194091796875,5e-05,11810,0.2596466839313507
630,370,4546560,7211,1078.96915632,941.28,0.9900413751602173,0.966022526472807,0.028462088,-0.4421860449016094,0.2,0.0994591936469078,-0.029281513932316254,0.324072265625,5e-05,11820,0.2593928575515747
632,371,4558848,7210,1079.5810618100002,942.76,0.9563685655593872,3.4182347634186345,0.021177845,-0.4332044837375482,0.2,1.4177502393722534,-0.02220592350398268,0.25808919270833336,5e-05,11830,0.25933584570884705
634,372,4571136,7209,1082.12601295,942.76,0.9881008863449097,1.0969052025427422,0.039870277,-0.42249616198241713,0.2,0.3287660479545593,-0.030956751148429853,0.376416015625,5e-05,11840,0.25905218720436096
635,373,4583424,7208,1083.1140614400001,943.78,0.9847607612609863,1.6025218846897284,0.032926455,-0.40669938288629054,0.2,0.8214165568351746,-0.03310758690980341,0.33462727864583336,5e-05,11850,0.2586887776851654
637,374,4595712,7208,1086.0601674299999,944.35,0.988705575466156,1.9390746012950937,0.033521246,-0.39022688698023555,0.2,0.5021151900291443,-0.02696986130128304,0.3115641276041667,5e-05,11860,0.258337140083313
639,375,4608000,7208,1094.73450491,947.14,0.9886098504066467,3.018548115467032,0.022329113,-0.3779504153256615,0.2,0.7668347954750061,-0.02980883772834204,0.24573567708333333,5e-05,11870,0.25816866755485535
640,376,4620288,7208,1082.0272698099998,938.86,0.9636190533638,2.134788366407156,0.035441272,-0.3701533793161313,0.2,0.6916109919548035,-0.03149472479271935,0.3679117838541667,5e-05,11880,0.2580893933773041
642,377,4632576,7209,1082.38050055,939.08,0.9864498972892761,1.5132847767944138,0.043869466,-0.3545834835618734,0.2,0.38436925411224365,-0.02825844358012546,0.39578450520833336,5e-05,11890,0.25747400522232056
644,378,4644864,7209,1103.30634116,955.96,0.9876368045806885,2.171588604152203,0.034780264,-0.3298607605819901,0.2,0.3035629689693451,-0.026706133745998766,0.36880696614583336,5e-05,11900,0.25707128643989563
645,379,4657152,7209,1110.7982417699998,962.6,0.9877877831459045,0.4590022842399776,0.058868274,-0.30938997318347294,0.2,0.14550437033176422,-0.038005164593535784,0.48855794270833336,5e-05,11910,0.2567328214645386
647,380,4669440,7209,1109.45390984,962.38,0.9950876235961914,0.44998154466350876,0.04427941,-0.28265136120220025,0.2,0.10195674747228622,-0.045073904294986276,0.4186930338541667,5e-05,11920,0.2562239468097687
649,381,4681728,7209,1116.5283698599999,969.82,0.9845600724220276,1.1423601451019445,0.03695872,-0.26026206373547517,0.2,0.16342486441135406,-0.03247451786107073,0.3680501302083333,5e-05,11930,0.25573933124542236
651,382,4694016,7210,1099.73421701,954.92,0.988176703453064,1.4296777575897675,0.024029007,-0.24472269723191858,0.2,2.96622896194458,-0.025222344214853365,0.2736735026041667,5e-05,11940,0.255507230758667
652,383,4706304,7209,1082.1038926699998,942.11,0.9569899439811707,4.911754521355033,0.019291641,-0.2349347815848887,0.2,0.8311226963996887,-0.025793694623280315,0.22279459635416668,5e-05,11950,0.255332887172699
654,384,4718592,7210,1085.7226237299997,948.73,0.9825921654701233,2.1586843116829795,0.03900881,-0.22252150122076272,0.2,0.37426450848579407,-0.029352043777665433,0.3485188802083333,5e-05,11960,0.2550211250782013
656,385,4730880,7210,1088.5424828700002,952.2,0.9790384769439697,1.333619129533569,0.045524966,-0.2080377842610081,0.2,0.26281335949897766,-0.030922442045994102,0.418359375,5e-05,11970,0.2546784579753876
657,386,4743168,7210,1077.79103312,948.57,0.9886182546615601,1.377794548931221,0.035011802,-0.19517548941075802,0.2,0.8746020793914795,-0.034118524238389604,0.3660888671875,5e-05,11980,0.2545373737812042
659,387,4755456,7210,1062.9493503700003,939.11,0.9812577962875366,1.7709902605662744,0.03470942,-0.18820252635826668,0.2,0.39993202686309814,-0.03573176119825803,0.34310709635416664,5e-05,11990,0.25431060791015625
661,388,4767744,7210,1051.83342438,922.75,0.9942044019699097,1.0500725702072182,0.04018463,-0.17670239936560392,0.2,0.246791809797287,-0.03253205832006643,0.383203125,5e-05,12000,0.25401610136032104
662,389,4780032,7211,1049.8993723,925.48,0.9837943911552429,3.6452208322783313,0.019981375,-0.16623193329821032,0.2,1.4342772960662842,-0.02669333777545641,0.22076822916666666,5e-05,12010,0.2539500296115875
664,390,4792320,7211,1065.63189774,939.09,0.9887839555740356,2.1598723769187926,0.031001866,-0.16378593208889167,0.2,1.3769720792770386,-0.03352926984274139,0.3284993489583333,5e-05,12020,0.2539849281311035
666,391,4804608,7211,1055.94895702,932.35,0.9800691604614258,1.9065196792284647,0.04933938,-0.1632263019060095,0.2,1.3702670335769653,-0.029492448854337758,0.4147216796875,5e-05,12030,0.2540059983730316
667,392,4816896,7212,1052.43028968,927.82,0.9855712652206421,3.7903241547445456,0.034721926,-0.15292871718605358,0.2,0.9523049592971802,-0.028949681032099762,0.328369140625,5e-05,12040,0.25356996059417725
669,393,4829184,7212,1045.81660082,920.49,0.9852661490440369,2.683015907804171,0.03893662,-0.12648086889336507,0.2,0.7731085419654846,-0.026958709799024896,0.39072265625,5e-05,12050,0.25300973653793335
671,394,4841472,7212,1034.53506613,909.87,0.9847112894058228,3.4535277362912895,0.02658476,-0.10950034838169813,0.2,1.3140344619750977,-0.028504597608116456,0.2774251302083333,5e-05,12060,0.25282731652259827
672,395,4853760,7212,1039.6595693900001,913.25,0.9878263473510742,2.982748837210238,0.0303716,-0.1024822081749638,0.2,0.4837743639945984,-0.028765289755150057,0.34140625,5e-05,12070,0.2527802586555481
674,396,4866048,7212,1048.16639747,920.41,0.980789065361023,2.8432947850475707,0.04812162,-0.08371460648874442,0.2,1.5686454772949219,-0.02824101349300084,0.43230794270833334,5e-05,12080,0.2520696222782135
676,397,4878336,7212,1045.6059862700001,920.58,0.9908915758132935,0.4758690886820356,0.06246675,-0.04932555121680101,0.2,0.1985001266002655,-0.037479287304449826,0.5083658854166667,5e-05,12090,0.2515853941440582
677,398,4890624,7213,1071.2400707499999,935.39,0.9919227361679077,0.9301100809127092,0.04463473,-0.0329438595722119,0.2,0.2089405059814453,-0.0339255805699698,0.388623046875,5e-05,12100,0.25123658776283264
679,399,4902912,7213,1084.2015706400002,943.11,0.9946745038032532,0.39891682779416443,0.046155423,-0.013928962995608647,0.2,0.08565814793109894,-0.044167235506271635,0.431103515625,5e-05,12110,0.2508612275123596
681,400,4915200,7213,1094.31201414,947.64,0.9907940030097961,0.30793200970316925,0.041839033,0.007099036003152529,0.2,0.06410185247659683,-0.04677325833181385,0.3964111328125,5e-05,12120,0.2502693831920624
683,401,4927488,7213,1108.12892081,959.36,0.9955782890319824,0.3408532933332026,0.038619045,0.03189918374021848,0.2,0.08650650084018707,-0.043010958472829465,0.37930501302083336,5e-05,12130,0.24992257356643677
684,402,4939776,7214,1120.96336968,965.85,0.9890550374984741,1.1333460106203954,0.026482992,0.05160383880138397,0.2,0.9624878764152527,-0.027383799568148483,0.2936279296875,5e-05,12140,0.2494540959596634
686,403,4952064,7214,1107.4279809599998,957.22,0.9803867340087891,3.235716067130367,0.019978987,0.06428451364239057,0.2,1.2945822477340698,-0.02502613706359019,0.23194986979166668,5e-05,12150,0.24935734272003174
688,404,4964352,7214,1112.46746548,957.22,0.9917309880256653,2.541496288528045,0.02391108,0.0678180769085884,0.2,1.3107233047485352,-0.0305185772847229,0.2636637369791667,5e-05,12160,0.24931877851486206
689,405,4976640,7215,1117.72102963,958.61,0.9817060232162476,0.4084422897237043,0.047005296,0.06758539328972499,0.2,0.09165498614311218,-0.03652213316478689,0.4430013020833333,5e-05,12170,0.249236062169075
691,406,4988928,7215,1106.6270720999999,956.53,0.9910995960235596,0.7023014210785429,0.034912325,0.07711152692014972,0.2,0.4792061448097229,-0.03410737137455726,0.365771484375,5e-05,12180,0.24883072078227997
693,407,5001216,7215,1104.3267738700001,953.07,0.9870576858520508,0.9073469357565045,0.03642926,0.0974883864633739,0.2,0.36961209774017334,-0.033638217449576284,0.36285807291666666,5e-05,12190,0.24850326776504517
