time/iterations,time/total_timesteps,rollout/ep_len_mean,rollout/ep_rew_mean,time/fps,time/time_elapsed,train/learning_rate,train/n_updates,train/entropy_loss,train/clip_fraction,train/loss,train/clip_range,train/policy_gradient_loss,train/std,train/value_loss,train/explained_variance,train/approx_kl
1,12288,61.53,22.005552580000003,11803,1,,,,,,,,,,,
2,24576,62.47,21.51776586,8722,2,0.0003,10,-16.981642802556355,0.18782552083333334,2.071157217025757,0.2,-0.019537416623400836,0.9953300952911377,6.172352762520314,-0.017887234687805176,0.015271063
3,36864,63.32,21.84532477,8054,4,0.0003,20,-16.915507396062214,0.1674560546875,1.9792968034744263,0.2,-0.0225299008282794,0.9886406064033508,5.678586360812187,0.49095618724823,0.014006208
4,49152,62.52,22.695333159999997,7691,6,0.0003,30,-16.837753208478293,0.19038899739583334,1.8675237894058228,0.2,-0.02350086349033518,0.983013927936554,5.13768843015035,0.6788463592529297,0.016611509
5,61440,64.0,24.454384799999993,7535,8,0.0003,40,-16.762877587477366,0.20410970052083333,2.0261852741241455,0.2,-0.024739641850950043,0.9766600728034973,5.031379054983457,0.7977458238601685,0.017569073
6,73728,65.08,22.539798949999998,7450,9,0.0003,50,-16.693841449419658,0.2262939453125,2.017315149307251,0.2,-0.025524146795699684,0.9713878035545349,4.237007467945417,0.851371169090271,0.018041054
7,86016,62.55,23.157437530000003,7414,11,0.0003,60,-16.62562727133433,0.22828776041666668,2.040346384048462,0.2,-0.026238260417206522,0.9653921127319336,4.900288248062134,0.8606902360916138,0.018693246
8,98304,67.57,24.842305779999997,7388,13,0.0003,70,-16.55821160078049,0.2506591796875,1.6071799993515015,0.2,-0.028061945948866195,0.9603070616722107,4.068822457889715,0.8937945365905762,0.021789923
9,110592,67.98,26.086479600000004,7367,15,0.0003,80,-16.49934047460556,0.26058756510416664,1.9236563444137573,0.2,-0.029448520913623117,0.9559723734855652,4.963378632068634,0.8885906338691711,0.021999074
10,122880,68.75,26.461652540000003,7347,16,0.0003,90,-16.428360799948376,0.2664306640625,2.272343873977661,0.2,-0.027872331108665094,0.9503011703491211,4.828472143908342,0.8956835269927979,0.02214315
11,135168,72.68,29.034530440000008,7327,18,0.0003,100,-16.326119299729665,0.28292643229166664,2.467179298400879,0.2,-0.02965599392967609,0.9411700367927551,4.522284252941608,0.9028211236000061,0.02360708
12,147456,70.15,28.816632899999995,7324,20,0.0003,110,-16.25313872496287,0.2972819010416667,2.1449759006500244,0.2,-0.029649740982131335,0.9367130398750305,4.935729660093784,0.9073552489280701,0.024682885
13,159744,70.19,28.121721230000002,7322,21,0.0003,120,-16.178660090764364,0.3048502604166667,2.6290998458862305,0.2,-0.029526271187933162,0.930792510509491,5.000312765439351,0.9034386277198792,0.02447527
14,172032,74.13,30.739960489999994,7322,23,0.0003,130,-16.107330679893494,0.32444661458333335,2.3082785606384277,0.2,-0.03116917440687151,0.9259936213493347,4.809209480384985,0.9116570949554443,0.026722774
15,184320,73.48,30.834655710000003,7326,25,0.0003,140,-16.037980715433758,0.3261311848958333,2.124884605407715,0.2,-0.033126632170751694,0.9205438494682312,4.706826201577981,0.9149386882781982,0.027470646
16,196608,71.04,29.014220390000002,7330,26,0.0003,150,-15.967983255783716,0.334228515625,2.1803781986236572,0.2,-0.03188181240499641,0.9154922366142273,4.522742444773515,0.9208710193634033,0.026319427
17,208896,72.79,31.943105670000005,7336,28,0.0003,160,-15.88513215382894,0.3445231119791667,2.295125961303711,0.2,-0.033864623586608404,0.9088373780250549,4.643857970833778,0.9205054044723511,0.02944549
18,221184,73.15,33.99456962,7331,30,0.0003,170,-15.800784107049306,0.34150390625,2.3058221340179443,0.2,-0.03388077516865451,0.902877151966095,4.726834099988142,0.9184087514877319,0.03014049
19,233472,73.25,33.82396686,7328,31,0.0003,180,-15.721465895573298,0.3600667317708333,2.3604581356048584,0.2,-0.03433434251831689,0.8973579406738281,4.500615117947261,0.9322289228439331,0.03080626
20,245760,74.68,34.009847879999995,7329,33,0.0003,190,-15.64875003695488,0.3370442708333333,2.2487988471984863,0.2,-0.03361405950272456,0.8921611905097961,5.377092939118544,0.9269788861274719,0.028833127
21,258048,75.55,34.849778459999996,7313,35,0.0003,200,-15.597123255332312,0.35808919270833334,2.12349271774292,0.2,-0.03274941389584759,0.8887090682983398,4.681826321780681,0.9336661696434021,0.032825682
22,270336,77.09,36.72446495,7310,36,0.0003,210,-15.547790791591009,0.36978352864583336,2.182539701461792,0.2,-0.035783227852274044,0.8847721219062805,5.148808910946051,0.9279430508613586,0.034032688
23,282624,77.21,36.13708731,7315,38,0.0003,220,-15.456684273481368,0.3599853515625,2.59441876411438,0.2,-0.03526306198230789,0.8785737156867981,5.071037238836288,0.934604823589325,0.031953976
24,294912,78.53,37.47558612,7318,40,0.0003,230,-15.36143246293068,0.37213541666666666,1.6440942287445068,0.2,-0.037845052023476454,0.8707900047302246,4.98354595353206,0.9367526173591614,0.035298772
25,307200,80.4,38.02886607999999,7322,41,0.0003,240,-15.27321240901947,0.3431640625,2.997976779937744,0.2,-0.03765894973281926,0.8650913238525391,6.124486376841863,0.9306867122650146,0.03177298
26,319488,80.31,37.919373070000006,7323,43,0.0003,250,-15.189697927236557,0.37786458333333334,1.5721440315246582,0.2,-0.03709573384840041,0.8588804602622986,5.128499733904998,0.9344131350517273,0.03496318
27,331776,76.74,37.58454396,7318,45,0.0003,260,-15.090472882986068,0.3844970703125,3.166285514831543,0.2,-0.036633837124099955,0.8526424765586853,5.097557527323564,0.9358490109443665,0.035516515
28,344064,80.88,39.00538231,7318,47,0.0003,270,-15.021091520786285,0.4009195963541667,1.9849025011062622,0.2,-0.03664299009736472,0.8479689955711365,4.7089327792326605,0.9461091160774231,0.038645014
29,356352,79.52,40.50942956,7316,48,0.0003,280,-14.95348736246427,0.3988850911458333,1.6484971046447754,0.2,-0.038590624458932625,0.8435304760932922,4.545338683823744,0.9452359676361084,0.037211746
30,368640,80.1,39.33128071,7317,50,0.0003,290,-14.863015522559484,0.37569986979166664,2.9760775566101074,0.2,-0.03847895098830729,0.8378550410270691,5.806358695526918,0.9393447637557983,0.036111984
31,380928,76.36,38.82669155,7319,52,0.0003,300,-14.796888307730358,0.38548177083333335,2.4109792709350586,0.2,-0.03882916662162946,0.8335806727409363,6.017511133352915,0.9385483264923096,0.03601755
32,393216,80.0,39.84695395,7321,53,0.0003,310,-14.727803885936737,0.43287760416666665,2.691842555999756,0.2,-0.03922666283712412,0.828977644443512,4.540242772301038,0.9446819424629211,0.042777747
33,405504,81.75,41.66590273,7326,55,0.0003,320,-14.672703844308852,0.42910970052083336,2.625985860824585,0.2,-0.035502327161763485,0.8249457478523254,4.8406788011391955,0.9445493221282959,0.0445832
34,417792,81.51,40.70855975,7331,56,0.0003,330,-14.614382227261862,0.4307861328125,1.9992990493774414,0.2,-0.03812441461680768,0.8218206763267517,4.6744270995259285,0.9473641514778137,0.045612205
35,430080,81.2,42.92076061999999,7331,58,0.0003,340,-14.533880402644476,0.4211507161458333,2.9218084812164307,0.2,-0.04029804269230226,0.8165268898010254,4.82663355221351,0.94399094581604,0.04251938
36,442368,83.08,43.964941630000006,7326,60,0.0003,350,-14.478995577494304,0.4334309895833333,2.2496416568756104,0.2,-0.04195084609964397,0.8138217329978943,4.583267867565155,0.9520224928855896,0.046561986
37,454656,82.12,44.02199068,7325,62,0.0003,360,-14.406216665108998,0.4304443359375,2.6619153022766113,0.2,-0.03991518410621211,0.8080714344978333,4.9667690316836035,0.9508121013641357,0.045131426
38,466944,85.12,45.4364056,7325,63,0.0003,370,-14.318290819724401,0.42889811197916666,2.44869327545166,0.2,-0.04220507201098371,0.802237331867218,5.0108278354008995,0.9496752023696899,0.04430489
39,479232,84.34,44.63643261,7325,65,0.0003,380,-14.226096312204996,0.41705729166666666,2.7421913146972656,0.2,-0.04118401852174429,0.7963323593139648,5.6956401069959,0.9482042789459229,0.040787786
40,491520,84.59,46.42816097,7324,67,0.0003,390,-14.163776582479477,0.41717936197916666,3.4403843879699707,0.2,-0.04014101470529567,0.7925451397895813,5.979188942909241,0.9482277631759644,0.04055543
41,503808,82.54,45.21590836999999,7313,68,0.0003,400,-14.099832288424174,0.4367594401041667,2.8249247074127197,0.2,-0.041234088643492824,0.7893931865692139,5.549954897165298,0.9498024582862854,0.045539975
42,516096,83.72,46.02766574,7309,70,0.0003,410,-14.027445449431736,0.4400227864583333,3.2200026512145996,0.2,-0.04058320943537789,0.7846072316169739,6.178398789962133,0.9462722539901733,0.044269692
43,528384,83.67,44.76731955,7308,72,0.0003,420,-13.960329564412435,0.4521565755208333,2.9849483966827393,0.2,-0.03844214351605236,0.7805919647216797,5.338918273647626,0.94941246509552,0.048296083
44,540672,84.62,47.04123627,7306,74,0.0003,430,-13.876842085520426,0.4656575520833333,2.011849880218506,0.2,-0.04101349632061708,0.7755503058433533,5.239114778737227,0.9484251737594604,0.05300808
45,552960,82.08,46.34544457999999,7305,75,0.0003,440,-13.81029462814331,0.4513020833333333,1.7988989353179932,0.2,-0.04123467622169604,0.7710828185081482,5.096970770756403,0.9530044794082642,0.04812206
46,565248,85.15,48.159749530000006,7300,77,0.0003,450,-13.746165571610133,0.4763427734375,1.9621028900146484,0.2,-0.041900880991791685,0.7670798301696777,4.644479211171468,0.9579645395278931,0.055488188
47,577536,83.8,46.641953619999995,7276,79,0.0003,460,-13.670732853809993,0.4702067057291667,2.2007317543029785,0.2,-0.041906417316446704,0.7621603012084961,4.894592418769995,0.9559960961341858,0.0510179
48,589824,86.08,47.9265262,7280,81,0.0003,470,-13.585188871622085,0.45132649739583336,3.040700912475586,0.2,-0.04070298324659234,0.7569708824157715,5.2471885984142626,0.9523253440856934,0.05219205
49,602112,82.52,47.15189264,7268,82,0.0003,480,-13.503366098801296,0.4602783203125,2.357142925262451,0.2,-0.04391092116226598,0.7531752586364746,5.021468860904376,0.9556068181991577,0.0530847
50,614400,83.35,49.768146890000004,7262,84,0.0003,490,-13.41643629670143,0.48435872395833335,2.1797878742218018,0.2,-0.04290725592970072,0.7475709915161133,4.662898419300715,0.956988513469696,0.058403175
51,626688,85.0,50.29510577,7263,86,0.0003,500,-13.332035839557648,0.47797037760416666,2.4377431869506836,0.2,-0.04172885383692725,0.7427125573158264,5.449675010641416,0.9557132124900818,0.057100732
52,638976,87.06,50.967940760000005,7267,87,0.0003,510,-13.24416424036026,0.48505859375,2.1559786796569824,0.2,-0.04187065262037019,0.7378339767456055,4.650423998137315,0.9602258801460266,0.057239126
53,651264,88.09,53.196829750000006,7270,89,0.0003,520,-13.138088581959407,0.48050130208333336,1.8968220949172974,0.2,-0.04269216073735151,0.7320800423622131,4.940914752582709,0.961107611656189,0.05438062
54,663552,88.02,53.87603642,7266,91,0.0003,530,-13.063712642590206,0.46046549479166665,2.4446022510528564,0.2,-0.04430690381559543,0.7280046343803406,5.564129978915056,0.9573502540588379,0.051339794
55,675840,86.88,51.23100884999999,7259,93,0.0003,540,-12.994914706548055,0.4548421223958333,3.038975715637207,0.2,-0.04303448028125179,0.7240687012672424,6.64947879910469,0.9543516039848328,0.047638085
56,688128,87.05,52.872286169999995,7258,94,0.0003,550,-12.917154943943023,0.49908854166666666,2.378458023071289,0.2,-0.04084534947614884,0.7208127379417419,5.660803946355979,0.9539496302604675,0.06777794
57,700416,83.4,50.15043234000001,7254,96,0.0003,560,-12.864160726467768,0.4977945963541667,2.287093162536621,0.2,-0.0412464845959524,0.7174615859985352,5.4504567176103595,0.960807740688324,0.05897042
58,712704,87.94,55.32205139999999,7249,98,0.0003,570,-12.795201861858368,0.5006429036458333,1.4207229614257812,0.2,-0.0418391950064688,0.7131125926971436,5.450971902410189,0.9604814052581787,0.06087464
59,724992,83.69,52.25454958000001,7248,100,0.0003,580,-12.720551097393036,0.5144124348958333,1.7289386987686157,0.2,-0.041366306857768605,0.7092740535736084,5.176833709081014,0.9618760347366333,0.061956186
60,737280,89.13,55.321529950000006,7251,101,0.0003,590,-12.645821992556254,0.51025390625,1.503289818763733,0.2,-0.042927849767147565,0.7043540477752686,5.019962759812673,0.9623740315437317,0.06437016
61,749568,86.3,55.33878310000001,7254,103,0.0003,600,-12.574694897731145,0.52177734375,2.7088112831115723,0.2,-0.04132305252715014,0.7008140683174133,4.689738140503565,0.9648890495300293,0.06318402
62,761856,87.3,55.91684184,7253,105,0.0003,610,-12.476397238175075,0.5221354166666666,2.1076996326446533,0.2,-0.04137543994002044,0.69544917345047,4.904220075905323,0.9634628295898438,0.07020548
63,774144,89.41,59.13924883,7248,106,0.0003,620,-12.413853484392167,0.5142171223958333,2.80550217628479,0.2,-0.042959428861892475,0.6927416324615479,5.006105304757754,0.9640747308731079,0.066109024
64,786432,88.59,57.020693310000006,7241,108,0.0003,630,-12.327705995241802,0.49883626302083334,1.8560725450515747,0.2,-0.04372019026583682,0.6878982186317444,5.457916518052419,0.9657325148582458,0.061259095
65,798720,90.8,59.17788357000001,7241,110,0.0003,640,-12.261448311805726,0.500244140625,2.579307794570923,0.2,-0.04312041665786334,0.6839823722839355,5.238779442509015,0.9663477540016174,0.06882418
66,811008,87.91,58.64022873999999,7241,112,0.0003,650,-12.173939253886541,0.46102701822916664,3.412625789642334,0.2,-0.044509275081024195,0.6793899536132812,6.978662652770678,0.9574207067489624,0.054307446
67,823296,87.1,55.43578563,7238,113,0.0003,660,-12.095764925082525,0.5333170572916667,2.098978042602539,0.2,-0.04403930076999434,0.6760258078575134,5.462971324721972,0.9647532105445862,0.07455224
68,835584,92.58,60.30397388,7237,115,0.0003,670,-12.062146989504496,0.5385009765625,1.5831242799758911,0.2,-0.042901603180992724,0.6745832562446594,4.826806670924028,0.9663429260253906,0.07788863
69,847872,93.96,61.30378714000001,7234,117,0.0003,680,-12.005769491195679,0.5239339192708333,2.7926158905029297,0.2,-0.043495338652671,0.6712732315063477,5.270036026338736,0.9668300151824951,0.06690959
70,860160,92.36,60.50507857,7231,118,0.0003,690,-11.906997207800547,0.5177571614583333,2.845600128173828,0.2,-0.04391441036714241,0.665917694568634,5.541604421039422,0.9649912118911743,0.07193772
71,872448,94.6,61.36737184,7227,120,0.0003,700,-11.83093759616216,0.5197428385416667,3.402902126312256,0.2,-0.043806782230482594,0.6619974970817566,5.671378732224306,0.9645976424217224,0.070636734
72,884736,98.86,64.12989911000001,7225,122,0.0003,710,-11.755956381559372,0.5203450520833334,2.3338866233825684,0.2,-0.043308433609005687,0.6582634449005127,5.655961501101653,0.9655860662460327,0.06460531
73,897024,96.44,64.51164885,7219,124,0.0003,720,-11.670651654402414,0.5156005859375,2.9006402492523193,0.2,-0.04449004777416121,0.6543567180633545,6.360001947979132,0.963810920715332,0.06710821
74,909312,94.21,64.39851367,7217,125,0.0003,730,-11.601013326644898,0.5347981770833333,2.6913840770721436,0.2,-0.04295197903896527,0.650727391242981,5.630021941165129,0.9674181342124939,0.06627574
75,921600,97.63,63.93804028999999,7219,127,0.0003,740,-11.537668671210607,0.54140625,3.03825044631958,0.2,-0.042071409965865315,0.6476403474807739,6.379966300725937,0.9669245481491089,0.070912816
76,933888,95.16,65.38200599,7214,129,0.0003,750,-11.464333067337671,0.5400960286458333,2.0086147785186768,0.2,-0.04570159343711566,0.6434093117713928,5.393167877197266,0.9676571488380432,0.0729528
77,946176,101.51,66.39928068,7206,131,0.0003,760,-11.38886279463768,0.5381510416666667,2.3713510036468506,0.2,-0.04464959112131813,0.6392946243286133,5.995932646095753,0.9682860374450684,0.076721214
78,958464,97.71,65.44971008,7209,132,0.0003,770,-11.325174681345622,0.5521484375,2.455070972442627,0.2,-0.04339826528545624,0.6359325647354126,5.899291675289472,0.9662709832191467,0.07708115
79,970752,99.52,67.16299614999998,7210,134,0.0003,780,-11.285975325107575,0.5664225260416667,1.9412835836410522,0.2,-0.040027014958225964,0.6339169144630432,5.467134704192479,0.969562292098999,0.08048305
80,983040,93.84,65.36498817,7209,136,0.0003,790,-11.247238439321517,0.5306070963541667,3.699773073196411,0.2,-0.04534948546012553,0.6325859427452087,6.757768470048904,0.9644958972930908,0.06751496
81,995328,95.56,65.4556297,7206,138,0.0003,800,-11.190124358733495,0.55166015625,2.4514739513397217,0.2,-0.04217397602187702,0.6291280388832092,6.055770753820737,0.9668662548065186,0.07639572
82,1007616,103.85,73.26785907,7202,139,0.0003,810,-11.111829833189647,0.5513102213541666,3.0653154850006104,0.2,-0.04256593967923739,0.6257283091545105,6.063946197926998,0.9674170613288879,0.07689252
83,1019904,99.2,69.66783027,7203,141,0.0003,820,-11.070856773853302,0.5295166015625,3.1067845821380615,0.2,-0.04489068049588241,0.6235517859458923,7.006417458256085,0.9653009176254272,0.07334761
84,1032192,101.25,71.28634315000001,7206,143,0.0003,830,-10.99006173213323,0.5460123697916667,3.7006676197052,0.2,-0.04396506993992565,0.6183858513832092,6.712824228405952,0.9682804942131042,0.07197745
85,1044480,106.98,75.30546384,7208,144,0.0003,840,-10.910235808293026,0.5577555338541667,2.644730806350708,0.2,-0.042753888248989826,0.6154389381408691,6.300578271349271,0.9698143601417542,0.081227355
86,1056768,106.3,72.602712,7211,146,0.0003,850,-10.877218222618103,0.5652994791666667,2.619912624359131,0.2,-0.04146535979525652,0.6139608025550842,5.961704729994138,0.9707555174827576,0.08090418
87,1069056,103.56,70.19620239,7213,148,0.0003,860,-10.831793717543285,0.5388346354166667,3.4160900115966797,0.2,-0.043865215567348056,0.6113868355751038,6.7886196911334995,0.9669778347015381,0.07515009
88,1081344,104.38,70.85819947,7209,149,0.0003,870,-10.774994963407517,0.5797932942708334,2.3204398155212402,0.2,-0.04044274737971136,0.6088799834251404,5.701283287008604,0.9698957204818726,0.086705
89,1093632,105.86,73.93087557000001,7206,151,0.0003,880,-10.7515349706014,0.5813151041666667,1.9423645734786987,0.2,-0.0402509089729089,0.6084491610527039,5.335090594490369,0.9683818817138672,0.08839667
90,1105920,104.04,73.86569856,7208,153,0.0003,890,-10.702946013212204,0.5697021484375,1.850669503211975,0.2,-0.043860039321589286,0.6057402491569519,5.7276328181227045,0.9681392312049866,0.089980505
91,1118208,107.52,75.6156932,7209,155,0.0003,900,-10.639256719748179,0.5563802083333333,3.612290382385254,0.2,-0.041757935217659296,0.6030156016349792,5.948316630224387,0.9702825546264648,0.08364117
92,1130496,108.45,72.97621905999999,7211,156,0.0003,910,-10.584010291099549,0.5801920572916667,3.1351230144500732,0.2,-0.041982145042857154,0.6004242897033691,5.5190686975916226,0.9709101915359497,0.08750842
93,1142784,110.68,75.88027521999999,7213,158,0.0003,920,-10.53555098970731,0.5587809244791667,2.7515523433685303,0.2,-0.04273319537557351,0.5978893637657166,5.730711076656977,0.9703954458236694,0.08427796
94,1155072,108.73,77.01125415,7214,160,0.0003,930,-10.478040830294292,0.5571614583333333,3.563323974609375,0.2,-0.042381396634543,0.5960032343864441,6.113286211589972,0.9681085348129272,0.083955966
95,1167360,111.19,76.38850687999998,7209,161,0.0003,940,-10.421187231938044,0.5828938802083333,1.9672034978866577,0.2,-0.04340943009883631,0.5934494733810425,5.451595088839531,0.971816897392273,0.09233118
96,1179648,107.29,76.71561314,7210,163,0.0003,950,-10.355421608686447,0.5546061197916666,3.040858268737793,0.2,-0.04409933529071471,0.589824914932251,6.258686573306719,0.9701523184776306,0.083087884
97,1191936,113.48,81.88918158,7211,165,0.0003,960,-10.300487609704335,0.5341715494791667,2.101022958755493,0.2,-0.04498272146496068,0.587928056716919,6.942803340156873,0.9694183468818665,0.07168741
98,1204224,111.86,77.04750389,7208,167,0.0003,970,-10.230638162295024,0.5563395182291667,2.4978818893432617,0.2,-0.04123797464029243,0.5841369032859802,6.845644525686899,0.9718664884567261,0.084370434
99,1216512,112.99,79.7202028,7209,168,0.0003,980,-10.17704545458158,0.5636637369791667,3.266963005065918,0.2,-0.042107875306586114,0.5820955634117126,6.82348711291949,0.9680527448654175,0.08661816
100,1228800,123.63,85.34376756,7208,170,0.0003,990,-10.118152723709743,0.5863525390625,3.1750969886779785,0.2,-0.04003862208725574,0.5796056389808655,6.754066182176272,0.9699574708938599,0.09625689
101,1241088,113.82,81.74739794999999,7209,172,0.0003,1000,-10.066944396495819,0.5715087890625,2.6515564918518066,0.2,-0.04490572930371854,0.5773112773895264,7.360609209537506,0.9668810963630676,0.08672812
102,1253376,116.59,85.62919974,7210,173,0.0003,1010,-10.006876873970032,0.5764485677083333,2.8298776149749756,0.2,-0.03964540927069417,0.5741187930107117,7.182625909646352,0.9677842855453491,0.09639603
103,1265664,115.77,84.00756027,7212,175,0.0003,1020,-9.952570390701293,0.5943440755208333,2.366603136062622,0.2,-0.039604547088189675,0.5720208287239075,6.934057930111885,0.9705795645713806,0.09914944
104,1277952,109.74,81.28944364,7214,177,0.0003,1030,-9.882682847976685,0.5983968098958333,3.308354139328003,0.2,-0.039479412585690925,0.568027675151825,6.775972734391689,0.971317708492279,0.09587014
105,1290240,112.61,79.1320032,7216,178,0.0003,1040,-9.808891234795253,0.6028889973958333,2.7515511512756348,0.2,-0.04118425279787819,0.5654049515724182,6.169941707452138,0.9739845395088196,0.102666534
106,1302528,123.54,91.22378135999999,7216,180,0.0003,1050,-9.755946868658066,0.622998046875,2.156820058822632,0.2,-0.0358380444192638,0.5635652542114258,5.329596177736918,0.9730468988418579,0.115000196
107,1314816,118.88,87.94952675000002,7218,182,0.0003,1060,-9.70400861899058,0.5627115885416667,2.637026071548462,0.2,-0.04290157853320124,0.5610570311546326,7.284610548615456,0.9711161255836487,0.087633245
108,1327104,119.55,88.65015250999998,7220,183,0.0003,1070,-9.634653975566229,0.5630452473958333,3.730288028717041,0.2,-0.042848866904872315,0.5585176348686218,7.244095438718796,0.9701370596885681,0.089446165
109,1339392,125.78,92.43166107,7222,185,0.0003,1080,-9.598661673069,0.5722086588541667,3.3462295532226562,0.2,-0.04213151895188882,0.5576882362365723,7.393481801946958,0.9704924821853638,0.093355
110,1351680,123.97,93.30297571999998,7223,187,0.0003,1090,-9.54547647833824,0.6018717447916667,2.8798491954803467,0.2,-0.03840024372184416,0.5549376010894775,6.503046936293443,0.9754285216331482,0.10267401
111,1363968,128.15,91.40661126,7225,188,0.0003,1100,-9.502785025040309,0.5769856770833334,3.602487802505493,0.2,-0.04055322516748371,0.5524182319641113,6.952142291267713,0.9735069274902344,0.09478206
112,1376256,135.62,102.15019543,7227,190,0.0003,1110,-9.438037606080373,0.5631673177083333,3.884432077407837,0.2,-0.0437265198265474,0.5494866371154785,8.346679866313934,0.9705826640129089,0.08454376
113,1388544,136.83,104.05243345999999,7226,192,0.0003,1120,-9.384428157409031,0.5784505208333334,3.2112491130828857,0.2,-0.038064092153702704,0.5471609234809875,8.556683120131492,0.9712347984313965,0.093194604
114,1400832,136.95,103.90814938,7228,193,0.0003,1130,-9.350456170241038,0.584033203125,2.813584566116333,0.2,-0.04137459729196659,0.5457985401153564,8.172825289765994,0.9721280932426453,0.09579366
115,1413120,135.96,99.15233919,7230,195,0.0003,1140,-9.291312877337138,0.577490234375,3.609889030456543,0.2,-0.03868346589733847,0.5429230332374573,8.410255498687427,0.9714460372924805,0.107495874
116,1425408,134.97,94.88332625000002,7232,197,0.0003,1150,-9.23178498148918,0.6321695963541667,3.2819161415100098,0.2,-0.03661905023521588,0.5403339862823486,6.642994724710783,0.9733737111091614,0.11170715
117,1437696,142.73,102.17296869,7233,198,0.0003,1160,-9.181985261042913,0.6499186197916667,2.3151745796203613,0.2,-0.03256009991406851,0.5384578108787537,5.589302988350392,0.975266695022583,0.123043634
118,1449984,144.3,108.43445192000001,7235,200,0.0003,1170,-9.132931391398111,0.5991617838541666,3.241363048553467,0.2,-0.039561023913362685,0.536337673664093,8.087166450421016,0.9685977697372437,0.09424568
119,1462272,141.09,105.98765293000001,7236,202,0.0003,1180,-9.103842769066492,0.5571533203125,3.8639750480651855,0.2,-0.04119793064989305,0.5345242619514465,10.121341666579246,0.9631649255752563,0.086290814
120,1474560,143.94,112.68951962999998,7237,203,0.0003,1190,-9.029781923691433,0.6037027994791667,3.494166135787964,0.2,-0.04187900834949687,0.5305678844451904,7.911996883153916,0.9690406322479248,0.1132
121,1486848,148.44,111.34250297999999,7237,205,0.0003,1200,-8.96835094889005,0.5934488932291667,2.994389772415161,0.2,-0.041264201222899526,0.5286000370979309,9.5057609607776,0.9703560471534729,0.097765036
122,1499136,152.78,120.60717950999997,7238,207,0.0003,1210,-8.920682845513026,0.5816243489583334,4.157784938812256,0.2,-0.04130426949316946,0.5270987153053284,10.333415728807449,0.9680470824241638,0.091129534
123,1511424,162.13,124.21221516,7239,208,0.0003,1220,-8.868044326702753,0.6161539713541667,3.221628427505493,0.2,-0.0409861816369812,0.5248162150382996,8.245425529281299,0.9737858176231384,0.12410933
124,1523712,152.61,113.44451174000001,7238,210,0.0003,1230,-8.829845096667608,0.5755289713541667,4.09633731842041,0.2,-0.04215476790947529,0.5231799483299255,11.061739097038904,0.9705619812011719,0.090887874
125,1536000,150.23,118.76269538999999,7238,212,0.0003,1240,-8.792008145650227,0.5895100911458333,5.15812349319458,0.2,-0.040565163094045904,0.5205301642417908,9.566844895482063,0.9730896949768066,0.10332498
126,1548288,166.74,131.96438548,7239,213,0.0003,1250,-8.737679958343506,0.5883870442708333,5.350754261016846,0.2,-0.04136383137568676,0.5186169147491455,10.56557288467884,0.971360445022583,0.10350294
127,1560576,191.47,145.73725011,7240,215,0.0003,1260,-8.665315588315329,0.5814697265625,3.7779500484466553,0.2,-0.04066214901880206,0.514537513256073,11.476969955364863,0.969093382358551,0.09297552
128,1572864,218.59,163.83610259,7242,217,0.0003,1270,-8.601571394999821,0.5996744791666667,3.829742908477783,0.2,-0.040064119753272585,0.5124027132987976,9.954243936141332,0.9734345078468323,0.10314748
129,1585152,243.99,180.81344618,7243,218,0.0003,1280,-8.55494845310847,0.5518391927083334,4.752285003662109,0.2,-0.04180249652223817,0.5115082263946533,14.90509935816129,0.958428680896759,0.08697335
130,1597440,256.36,193.71840505999998,7244,220,0.0003,1290,-8.50493656595548,0.5702229817708333,6.430694580078125,0.2,-0.043011805204635795,0.5093116164207458,13.618208903074265,0.9659767150878906,0.08350111
131,1609728,237.8,182.53843533,7245,222,0.0003,1300,-8.452616659800212,0.5823160807291666,5.05959939956665,0.2,-0.04226938492211048,0.5071789622306824,15.666006588935852,0.9630203247070312,0.09087577
132,1622016,230.25,177.38198444999995,7243,223,0.0003,1310,-8.436957428852716,0.6203531901041667,5.95810079574585,0.2,-0.033415218145576846,0.5064089298248291,12.377188775936762,0.9720748662948608,0.11739903
133,1634304,260.64,203.42319122,7239,225,0.0003,1320,-8.387406975030899,0.5957845052083334,5.231820106506348,0.2,-0.038420192750830515,0.5041607022285461,14.581183840831121,0.9711639881134033,0.10949849
134,1646592,292.07,228.16077686999998,7237,227,0.0003,1330,-8.332573904593785,0.6070963541666666,6.338489055633545,0.2,-0.03744757046418575,0.5019530653953552,13.015204423666,0.972172737121582,0.11539475
135,1658880,312.54,236.83427066999997,7238,229,0.0003,1340,-8.295308369398118,0.6539713541666666,4.104444980621338,0.2,-0.02896587353316136,0.5000216364860535,9.770431151986122,0.971712589263916,0.13136984
136,1671168,335.64,254.62055630000003,7239,230,0.0003,1350,-8.221102392673492,0.6332438151041667,3.176164150238037,0.2,-0.035669200805326304,0.4969855844974518,11.034782102704048,0.9708114862442017,0.12849689
137,1683456,365.4,282.97891249,7240,232,0.0003,1360,-8.165941307942072,0.609521484375,4.8390116691589355,0.2,-0.036413206623789544,0.4945375919342041,12.648274168372154,0.9699020981788635,0.10817244
138,1695744,414.34,319.90823118000003,7241,234,0.0003,1370,-8.113630306720733,0.6392903645833333,4.455483436584473,0.2,-0.027292054360926462,0.4936380386352539,10.538219860196113,0.9699811339378357,0.10249871
139,1708032,452.6,333.4435101699999,7242,235,0.0003,1380,-8.097742436329524,0.6356526692708333,3.7874233722686768,0.2,-0.026027942578851555,0.4925249516963959,9.260603355864683,0.9706319570541382,0.1287952
140,1720320,434.21,319.25803449,7243,237,0.0003,1390,-8.04883809487025,0.6672200520833333,3.7316267490386963,0.2,-0.027343016146915033,0.4895317554473877,8.522188634673755,0.9732833504676819,0.13118006
141,1732608,450.47,332.84962858,7244,239,0.0003,1400,-7.980897710720698,0.6624837239583333,2.7707667350769043,0.2,-0.02935208508570213,0.4870838224887848,7.6933651059865955,0.9799566864967346,0.15068108
142,1744896,463.1,333.51032076999996,7243,240,0.0003,1410,-7.960534677902857,0.6828857421875,2.1049540042877197,0.2,-0.02266583413729677,0.48667559027671814,6.50002291748921,0.9774975776672363,0.15138082
143,1757184,510.83,376.08873336000005,7244,242,0.0003,1420,-7.956944193442663,0.6921305338541667,1.6250580549240112,0.2,-0.018317089454891782,0.4859286844730377,4.464039819935958,0.9838089942932129,0.18969834
144,1769472,568.15,416.59571527,7245,244,0.0003,1430,-7.920806479454041,0.64443359375,2.3944451808929443,0.2,-0.02138085583865177,0.4837559461593628,6.393180474638939,0.9814200401306152,0.105930865
145,1781760,623.16,464.14025301999993,7245,245,0.0003,1440,-7.887544751167297,0.6644287109375,2.1855063438415527,0.2,-0.021943234378219736,0.4831816852092743,5.930280777812004,0.9840957522392273,0.13643716
146,1794048,667.77,493.69775938,7247,247,0.0003,1450,-7.863928472002347,0.6879638671875,1.5077825784683228,0.2,-0.017196599698703116,0.4827527105808258,3.8523657977581025,0.9857137799263,0.1529126
147,1806336,699.36,518.63066739,7247,249,0.0003,1460,-7.837342632810275,0.6098551432291667,1.4707728624343872,0.2,-0.029735674270583937,0.4806622564792633,6.305867617328961,0.9809139370918274,0.10524958
148,1818624,690.33,519.98030479,7248,250,0.0003,1470,-7.82455828388532,0.6836832682291667,4.100442886352539,0.2,-0.018021989970778425,0.4806612432003021,5.170413541793823,0.9850959777832031,0.14566807
149,1830912,635.54,483.45920413000005,7249,252,0.0003,1480,-7.815386243661245,0.6357421875,1.6143319606781006,0.2,-0.02460510693587518,0.48067179322242737,6.253546079993248,0.9799705147743225,0.12821795
150,1843200,563.72,437.92434438000004,7248,254,0.0003,1490,-7.778543059031168,0.5947347005208333,3.0338501930236816,0.2,-0.031388830759290914,0.4792139530181885,7.660314533611139,0.9830688834190369,0.09425909
151,1855488,529.31,443.57375672,7248,255,0.0003,1500,-7.741788896918297,0.5155924479166667,6.885490894317627,0.2,-0.04244240882641558,0.477618545293808,14.871455989281337,0.9760375022888184,0.06735199
152,1867776,531.15,460.2976591699999,7249,257,0.0003,1510,-7.71323750714461,0.6493245442708333,2.805981397628784,0.2,-0.02571843517459153,0.4763909876346588,8.236616965631644,0.9794564247131348,0.13806985
153,1880064,556.09,473.55761206999995,7250,259,0.0003,1520,-7.660486054420471,0.7028076171875,1.7719554901123047,0.2,-0.022891311525017954,0.47368595004081726,4.363187256455421,0.9885832071304321,0.175404
154,1892352,618.01,529.24174753,7249,261,0.0003,1530,-7.675925846894582,0.7746500651041667,0.7158657312393188,0.2,0.012966548587428406,0.47437939047813416,2.0401032101362944,0.9925104975700378,0.23509674
155,1904640,640.11,530.53987053,7250,262,0.0003,1540,-7.664573588967324,0.6536214192708333,0.7406668066978455,0.2,-0.016242572514844747,0.47344622015953064,3.042649868627389,0.9874696731567383,0.12395894
156,1916928,674.93,542.9265302900001,7250,264,0.0003,1550,-7.654690324266752,0.5617838541666667,2.287670612335205,0.2,-0.028354507325517867,0.4731498658657074,5.514029021064441,0.9815545678138733,0.07180098
157,1929216,664.42,530.1835368100001,7251,266,0.0003,1560,-7.616148386398951,0.5798583984375,2.713489532470703,0.2,-0.02917774278515329,0.47094836831092834,7.664313061038653,0.9800014495849609,0.09328245
158,1941504,613.26,477.64770834,7252,267,0.0003,1570,-7.5792882909377415,0.574365234375,2.552133083343506,0.2,-0.034276466707039314,0.46940508484840393,7.171299656728904,0.9816740155220032,0.09017191
159,1953792,588.29,476.06879403000005,7253,269,0.0003,1580,-7.547458805640539,0.7070963541666667,1.1394305229187012,0.2,-0.013738603001305213,0.46838441491127014,3.4209699841837087,0.992071807384491,0.19035482
160,1966080,615.06,509.57884845,7254,271,0.0003,1590,-7.518928559621175,0.6481852213541667,1.5064741373062134,0.2,-0.022548359688274407,0.4666356146335602,3.7077138980229694,0.9869527220726013,0.11221481
161,1978368,612.75,528.72502702,7255,272,0.0003,1600,-7.463840192556381,0.593701171875,2.893568277359009,0.2,-0.029325588628610906,0.46555671095848083,6.6281974832216894,0.9850585460662842,0.08727648
162,1990656,632.96,551.78584585,7256,274,0.0003,1610,-7.421596469481786,0.6516845703125,1.598873496055603,0.2,-0.01910587785144647,0.46426498889923096,5.289735774199168,0.9879975914955139,0.13188021
163,2002944,641.07,561.0070030200001,7256,276,0.0003,1620,-7.402657039960226,0.609814453125,2.0617239475250244,0.2,-0.031664918476114204,0.4639233350753784,5.796447236835957,0.9796775579452515,0.13110834
164,2015232,616.96,529.73584597,7257,277,0.0003,1630,-7.393700170516968,0.7019856770833334,1.1635607481002808,0.2,-0.02160872422682587,0.46379637718200684,3.658128847926855,0.9896712303161621,0.1720305
165,2027520,620.9,549.98524306,7258,279,0.0003,1640,-7.370309471090635,0.6470052083333333,1.962194561958313,0.2,-0.025624047945893836,0.46244683861732483,5.114286373058955,0.989477813243866,0.13142298
166,2039808,664.32,592.46214573,7258,281,0.0003,1650,-7.32854367295901,0.7142415364583333,1.1913965940475464,0.2,-0.008610883884345336,0.4605801999568939,4.191644732157389,0.9819254875183105,0.1861291
167,2052096,600.45,539.1210639899999,7259,282,0.0003,1660,-7.308941494425138,0.6558837890625,2.1342525482177734,0.2,-0.01846643687070658,0.46029508113861084,4.0817284303406876,0.9894436597824097,0.12438297
168,2064384,556.74,514.5139407800001,7259,284,0.0003,1670,-7.281797275940577,0.6037841796875,2.481691360473633,0.2,-0.035715239588171244,0.4585452079772949,5.593494156002999,0.9907936453819275,0.102342986
169,2076672,562.94,531.5032620799999,7260,286,0.0003,1680,-7.2840299318234125,0.7279459635416666,1.2193057537078857,0.2,-0.011816515698834943,0.4592372477054596,3.1746915424863498,0.9952870011329651,0.19452949
170,2088960,538.47,505.40874132,7260,287,0.0003,1690,-7.258251582582791,0.5919189453125,3.3090085983276367,0.2,-0.02958037442585919,0.45782244205474854,6.19150558312734,0.9870404601097107,0.10401478
171,2101248,554.69,527.1776823800001,7261,289,0.0003,1700,-7.2109711041053135,0.6173990885416667,1.104913592338562,0.2,-0.028947949545302738,0.45667755603790283,5.055270327379306,0.9840371608734131,0.11829416
172,2113536,590.06,567.20908135,7261,291,0.0003,1710,-7.181928074359893,0.6405192057291667,1.8370352983474731,0.2,-0.01917912889330182,0.45561516284942627,4.704982799788316,0.9831634759902954,0.11894902
173,2125824,614.56,573.29461253,7262,292,0.0003,1720,-7.158481967449188,0.6872151692708334,2.194934129714966,0.2,-0.011998234607744962,0.45544543862342834,5.611330606291691,0.9855201244354248,0.16116346
174,2138112,648.93,594.7568214199999,7263,294,0.0003,1730,-7.139993683497111,0.6472737630208333,3.9276013374328613,0.2,-0.015515754052224414,0.45446935296058655,6.242685475945473,0.9868744611740112,0.12135419
175,2150400,648.21,588.81653307,7264,296,0.0003,1740,-7.09014467994372,0.6281168619791667,2.9380698204040527,0.2,-0.023729778283450288,0.4525550901889801,6.072565768162409,0.9878508448600769,0.11615608
176,2162688,637.61,577.0739121600001,7264,297,0.0003,1750,-7.04201413889726,0.6175618489583333,2.054166555404663,0.2,-0.02929374565089044,0.4504657983779907,5.921348709861437,0.978856086730957,0.12793119
177,2174976,664.04,600.2836765,7265,299,0.0003,1760,-7.018771057327588,0.68759765625,2.224669933319092,0.2,-0.013163020662614145,0.4504224359989166,4.892815372099479,0.9880334138870239,0.14952649
178,2187264,672.09,609.10469522,7264,301,0.0003,1770,-6.980121956268946,0.6552815755208333,3.4640307426452637,0.2,-0.017524074775671274,0.448464959859848,6.2742830832799275,0.9773856997489929,0.14185444
179,2199552,694.84,644.18814072,7265,302,0.0003,1780,-6.966615277528763,0.7642496744791667,2.2451817989349365,0.2,0.016702310299054564,0.448892742395401,4.018104170759519,0.9857653975486755,0.19826972
180,2211840,702.41,661.36560615,7265,304,0.0003,1790,-7.057903408010801,0.7608317057291667,1.2899584770202637,0.2,0.021093585360601234,0.45205774903297424,3.0151043862104414,0.9888969659805298,0.1935922
181,2224128,657.34,596.2371920700001,7266,306,0.0003,1800,-7.039050463835398,0.5590576171875,2.7487380504608154,0.2,-0.028471968282246962,0.4513062536716461,7.714285828669866,0.9825578927993774,0.06904403
182,2236416,651.75,592.9419756400001,7267,307,0.0003,1810,-6.993563134471575,0.64833984375,1.498422384262085,0.2,-0.026212962715362664,0.44910481572151184,5.2977391764521595,0.9888131618499756,0.14724693
183,2248704,633.73,590.46152161,7267,309,0.0003,1820,-6.952700154980024,0.6372965494791667,1.8047813177108765,0.2,-0.025311595362533506,0.4476783573627472,5.67240641961495,0.9901296496391296,0.11731169
184,2260992,589.33,538.55649426,7267,311,0.0003,1830,-6.910742258032163,0.6687337239583333,1.3080644607543945,0.2,-0.023261944104645712,0.4464825689792633,4.72529312123855,0.9891512989997864,0.15530922
185,2273280,593.07,539.3770610400001,7268,312,0.0003,1840,-6.89387063185374,0.629248046875,2.4638049602508545,0.2,-0.026469039854661484,0.44584211707115173,6.239387109875679,0.9844920635223389,0.11713836
186,2285568,608.03,559.38396039,7268,314,0.0003,1850,-6.871297725041708,0.7081298828125,1.0745272636413574,0.2,-0.010154173992001839,0.4438585340976715,3.862683478494485,0.9887072443962097,0.16956657
187,2297856,629.14,563.4086124800001,7268,316,0.0003,1860,-6.815468484163285,0.6683430989583333,2.4572508335113525,0.2,-0.020874016598099843,0.44227609038352966,4.753419631222884,0.9843171834945679,0.14965895
188,2310144,625.53,534.63556752,7269,317,0.0003,1870,-6.856406515836715,0.8101481119791667,0.8268550038337708,0.2,0.04613004195659111,0.44447168707847595,3.0153143485387166,0.9895100593566895,0.276243
189,2322432,664.63,587.2166433299999,7269,319,0.0003,1880,-6.854564197858175,0.64892578125,0.79628986120224,0.2,-0.021605136061164862,0.44406697154045105,3.599120822797219,0.9897128939628601,0.15357561
190,2334720,704.42,637.19223453,7270,321,0.0003,1890,-6.787743932008743,0.62578125,1.230396032333374,0.2,-0.027891137544065712,0.44049811363220215,2.9969918303191663,0.9795299172401428,0.1388429
191,2347008,706.55,635.73246496,7271,322,0.0003,1900,-6.746270930767059,0.6688720703125,0.9042792320251465,0.2,-0.022098723894062762,0.44019436836242676,3.053167911618948,0.990112841129303,0.15483512
192,2359296,699.22,640.4005811699999,7271,324,0.0003,1910,-6.7138979951540625,0.553271484375,2.502809762954712,0.2,-0.034666185755243835,0.4385238587856293,6.517336788276832,0.9859512448310852,0.083244205
193,2371584,709.3,677.1534054100001,7272,326,0.0003,1920,-6.682824712991715,0.671826171875,1.9385344982147217,0.2,-0.016054239684793477,0.4377215802669525,3.60338476896286,0.9901852011680603,0.15408601
194,2383872,716.51,680.9200258700001,7272,327,0.0003,1930,-6.649338574210803,0.6623616536458333,1.285645604133606,0.2,-0.01791312654095236,0.43628406524658203,4.6321412188311415,0.988206684589386,0.15007289
195,2396160,682.84,643.4580595499999,7273,329,0.0003,1940,-6.630255704124768,0.7081949869791667,0.903780460357666,0.2,-0.010224752610277695,0.43626824021339417,3.099570113172134,0.9877203702926636,0.17770551
196,2408448,672.84,627.96167617,7273,331,0.0003,1950,-6.609964791933695,0.6136067708333334,1.8674445152282715,0.2,-0.025588457236396304,0.43534669280052185,4.971375212073326,0.9867367148399353,0.10533064
197,2420736,687.11,646.0404501400001,7274,332,0.0003,1960,-6.587145578861237,0.6573323567708333,1.6244919300079346,0.2,-0.027681963084614836,0.4347085952758789,4.6207827746868135,0.9891645312309265,0.1514643
198,2433024,688.48,641.3519181699999,7274,334,0.0003,1970,-6.554196144143741,0.6877278645833333,1.4528770446777344,0.2,-0.017244949356730408,0.4328911304473877,3.577626858154933,0.9845760464668274,0.17579627
199,2445312,696.31,655.3209689700001,7275,336,0.0003,1980,-6.534890583157539,0.67646484375,1.1209734678268433,0.2,-0.016494674188046097,0.43262574076652527,3.8530649436016877,0.9847109913825989,0.17222835
200,2457600,703.65,654.16550258,7275,337,0.0003,1990,-6.511383147041003,0.7298258463541667,0.8649590611457825,0.2,-0.009862169610763279,0.4322395622730255,2.6053397787113983,0.9942793846130371,0.2386717
201,2469888,741.85,684.52901396,7276,339,0.0003,2000,-6.480090283354124,0.6614990234375,1.049107313156128,0.2,-0.018635808548424393,0.4304025173187256,2.8145143941044806,0.989843487739563,0.143611
202,2482176,760.39,695.3449964499999,7276,341,0.0003,2010,-6.465906811753909,0.7304280598958334,0.5326473712921143,0.2,-0.008556930589353822,0.4303000867366791,1.5926171479125817,0.9939362406730652,0.23622228
203,2494464,775.24,710.4753834699998,7277,342,0.0003,2020,-6.404387633005778,0.6810546875,1.1321182250976562,0.2,-0.020812159936758688,0.42850327491760254,2.531163531045119,0.9931073784828186,0.16307159
204,2506752,789.63,714.2423510000001,7277,344,0.0003,2030,-6.3848972618579865,0.624267578125,0.8419616222381592,0.2,-0.021245005654539757,0.4280971586704254,4.318246279656887,0.9831939339637756,0.099236876
205,2519040,763.65,675.951355,7278,346,0.0003,2040,-6.365915777285894,0.6592366536458333,1.2212733030319214,0.2,-0.02759322086009585,0.4273543655872345,2.7208851017057896,0.9916555285453796,0.14033742
206,2531328,777.03,703.7596136500001,7278,347,0.0003,2050,-6.3260366449753445,0.5877522786458333,1.6309208869934082,0.2,-0.027944757147148874,0.42512014508247375,4.739394155393044,0.9869878888130188,0.09482747
207,2543616,749.19,694.16304525,7279,349,0.0003,2060,-6.308874740203222,0.76220703125,1.0900431871414185,0.2,-0.002817628113552928,0.4249248802661896,1.9416809891661009,0.9902397990226746,0.2442265
208,2555904,721.12,684.51069627,7279,351,0.0003,2070,-6.272814491391182,0.5440022786458333,1.3104090690612793,0.2,-0.03358082818255449,0.4232570230960846,5.362824110686779,0.9871103167533875,0.07709233
209,2568192,701.65,672.05016469,7280,352,0.0003,2080,-6.236025509238243,0.5453125,2.0702059268951416,0.2,-0.028722569177625702,0.42197051644325256,7.945026548703511,0.9804945588111877,0.0704692
210,2580480,706.91,699.81150199,7280,354,0.0003,2090,-6.210707375407219,0.6839274088541667,2.119885206222534,0.2,-0.020630034489537746,0.42159509658813477,4.153082177788019,0.9919914603233337,0.15635437
211,2592768,713.91,722.5209352500002,7281,356,0.0003,2100,-6.194085155924161,0.6737141927083333,1.6239759922027588,0.2,-0.014686546909312407,0.42072221636772156,4.505796488374472,0.9859695434570312,0.12947255
212,2605056,683.49,677.3524746399999,7281,357,0.0003,2110,-6.183312516411146,0.6743001302083333,1.5866636037826538,0.2,-0.014048797796325138,0.42084386944770813,5.26400773525238,0.9842373132705688,0.14880209
213,2617344,684.57,673.62487138,7282,359,0.0003,2120,-6.173222364981969,0.6780517578125,1.9630215167999268,0.2,-0.01774531032569939,0.42012569308280945,5.919907326996326,0.9873673319816589,0.14403026
214,2629632,655.47,631.29018789,7280,361,0.0003,2130,-6.143244114518166,0.6927897135416666,1.7940422296524048,0.2,-0.019522155381855553,0.41960325837135315,5.565959972639878,0.9884322285652161,0.18626387
215,2641920,627.04,594.40618457,7280,362,0.0003,2140,-6.111299973726273,0.5782552083333333,4.109999179840088,0.2,-0.040635673363188594,0.4188236892223358,12.138243792454402,0.9736441969871521,0.0903937
216,2654208,613.65,568.00779548,7280,364,0.0003,2150,-6.105161207914352,0.7073160807291666,1.3323745727539062,0.2,-0.02104032802405224,0.4188852310180664,5.128021392722925,0.9880284667015076,0.23698623
217,2666496,621.81,577.2670886999999,7281,366,0.0003,2160,-6.058345219492912,0.642529296875,3.0189878940582275,0.2,-0.032179345282687184,0.4163036644458771,7.080355045199394,0.9843007922172546,0.1382388
218,2678784,597.74,556.52828708,7281,367,0.0003,2170,-6.021439450979233,0.6611246744791667,2.692781925201416,0.2,-0.02791410920472117,0.4157189428806305,8.532981949547926,0.9822817444801331,0.12646869
219,2691072,597.92,570.5541654000001,7281,369,0.0003,2180,-6.007171742121378,0.6853108723958333,1.960699200630188,0.2,-0.01943473857245408,0.41474732756614685,7.638410363594691,0.9847196340560913,0.15292063
220,2703360,585.14,555.7377805799999,7281,371,0.0003,2190,-5.9857755641142525,0.7169514973958333,2.3665060997009277,0.2,-0.009235218855125519,0.4139266014099121,7.504968365530173,0.9771724939346313,0.16481863
221,2715648,584.12,563.3493404799999,7282,372,0.0003,2200,-5.930196900169054,0.6750244140625,5.340272426605225,0.2,-0.020005580953632793,0.41198182106018066,9.616827702522277,0.9827690720558167,0.12267665
222,2727936,589.97,571.3210050600001,7282,374,0.0003,2210,-5.918331711490949,0.6912841796875,4.022497653961182,0.2,-0.01578062940000867,0.41196274757385254,8.335089915494125,0.9823064804077148,0.14766283
223,2740224,625.51,603.4379052300001,7282,376,0.0003,2220,-5.924770069122315,0.7979166666666667,1.2535877227783203,0.2,0.017699420863452057,0.41172289848327637,3.592537861565749,0.9876940250396729,0.2799362
224,2752512,636.91,614.41351863,7282,377,0.0003,2230,-5.885350345571836,0.6363362630208333,2.2635786533355713,0.2,-0.029809470130324676,0.41071033477783203,7.57810802112023,0.9856783151626587,0.12997602
225,2764800,650.14,647.8050955599999,7283,379,0.0003,2240,-5.920572727918625,0.9365641276041666,1.2399791479110718,0.2,0.18446067071636207,0.4150599241256714,3.1435318179428577,0.9877036213874817,2.5587428
226,2777088,672.55,670.69166967,7283,381,0.0003,2250,-6.007145209113757,0.5146565755208333,4.446815013885498,0.2,-0.032185991730269356,0.4142369031906128,18.383346010247866,0.9639440774917603,0.0512736
227,2789376,671.39,661.1541933100001,7284,382,0.0003,2260,-5.974234526356061,0.5651774088541667,4.298939228057861,0.2,-0.03811680143310999,0.4131797254085541,13.356189841032029,0.9651044607162476,0.091066204
228,2801664,669.81,661.1629634599999,7285,384,0.0003,2270,-5.958740583062172,0.672998046875,2.112435817718506,0.2,-0.02661355666059535,0.4124256670475006,6.283401548862457,0.9826194047927856,0.1635745
229,2813952,660.04,641.36564127,7285,386,0.0003,2280,-5.943679493665695,0.6957275390625,1.4407172203063965,0.2,-0.016783393512499363,0.41230568289756775,5.181925880412261,0.9826871752738953,0.20388752
230,2826240,646.79,603.3960118800001,7285,387,0.0003,2290,-5.935514190793038,0.6689860026041666,3.7464025020599365,0.2,-0.019308742817762927,0.41227617859840393,7.520544488728047,0.9824841618537903,0.13776422
231,2838528,676.27,637.7012773900001,7285,389,0.0003,2300,-5.934849741061528,0.7027180989583334,1.5223634243011475,0.2,-0.01672565576445777,0.4120492935180664,4.885652362803618,0.9862686991691589,0.15506826
232,2850816,667.65,624.9165286,7286,391,0.0003,2310,-5.910906452933947,0.6689697265625,4.36258602142334,0.2,-0.01377933099574875,0.4117344319820404,8.994193893671035,0.9673710465431213,0.16372576
233,2863104,600.7,558.10763024,7286,392,0.0003,2320,-5.885976282755534,0.6970540364583333,3.6996428966522217,0.2,-0.018155405953681716,0.4099273383617401,6.301220390200615,0.9853631258010864,0.20168746
234,2875392,629.95,589.57347439,7286,394,0.0003,2330,-5.845482960343361,0.5210367838541666,5.999448299407959,0.2,-0.0384395027164525,0.4085032045841217,20.684870398044588,0.9569486379623413,0.063141555
235,2887680,625.53,598.39065682,7287,396,0.0003,2340,-5.8393921265999476,0.6978190104166667,5.299941062927246,0.2,-0.01525754711862343,0.408454567193985,9.129159338275592,0.9777275323867798,0.19572215
236,2899968,622.28,604.78077318,7287,397,0.0003,2350,-5.9282535473505655,0.94697265625,2.9437255859375,0.2,0.20153686813234042,0.41462698578834534,5.378548368314902,0.9874633550643921,2.0363655
237,2912256,661.38,631.4878124999999,7288,399,0.0003,2360,-6.014168005188306,0.6777099609375,2.0067238807678223,0.2,-0.020088983797177207,0.41375890374183655,7.5216633806626,0.9776602387428284,0.176108
238,2924544,702.59,668.2610738100001,7287,401,0.0003,2370,-5.978267800807953,0.6440673828125,1.5520386695861816,0.2,-0.019472640382203584,0.4132205545902252,8.959251792232196,0.9778269529342651,0.1632117
239,2936832,753.43,719.29877635,7288,402,0.0003,2380,-5.976494670907656,0.6815022786458333,2.965125322341919,0.2,-0.02124846037477255,0.4139380156993866,8.076450935502846,0.9688374996185303,0.17881699
240,2949120,771.43,734.9391277499999,7288,404,0.0003,2390,-5.983971057335536,0.7182373046875,5.773305892944336,0.2,0.006608061493898277,0.41380202770233154,9.53568082700173,0.964598536491394,0.14760123
241,2961408,798.38,761.0287726600003,7289,406,0.0003,2400,-5.974294324715932,0.6322916666666667,4.165550708770752,0.2,-0.0239430237042446,0.41270753741264343,10.050292723377545,0.9702579379081726,0.111209095
242,2973696,792.14,750.5325461499998,7288,407,0.0003,2410,-5.952948099374771,0.7261311848958333,2.852811813354492,0.2,-0.0061727006376410525,0.41269299387931824,7.161327989896138,0.9749207496643066,0.24918185
243,2985984,776.85,742.64916375,7289,409,0.0003,2420,-5.935076562563578,0.5774495442708333,5.456982135772705,0.2,-0.033751234046455164,0.4114842414855957,15.00462251206239,0.9660178422927856,0.08688585
244,2998272,783.44,751.64155509,7289,411,0.0003,2430,-5.923812499642372,0.7482177734375,2.1634910106658936,0.2,0.016760927989768484,0.4110531508922577,7.836553880075614,0.9755923748016357,0.19277877
245,3010560,767.43,742.8988045999997,7289,412,0.0003,2440,-5.888826829195023,0.6951416015625,2.0580852031707764,0.2,-0.01627201525164613,0.4100058078765869,6.74008321762085,0.9809715151786804,0.17632835
