time/time_elapsed,time/iterations,rollout/ep_rew_mean,rollout/ep_len_mean,time/fps,time/total_timesteps,train/n_updates,train/std,train/clip_range,train/policy_gradient_loss,train/learning_rate,train/entropy_loss,train/loss,train/approx_kl,train/value_loss,train/clip_fraction,train/explained_variance
1,1,-2.6064474200000003,61.53,11586,12288,,,,,,,,,,,
2,2,-3.7656426,61.31,9007,24576,10,0.9948630332946777,0.2,-0.019632260395640817,0.0003,-16.98095196088155,1.5696874856948853,0.015006269,3.3629628375172613,0.1864990234375,-0.047406911849975586
4,3,-2.5489242099999996,61.62,8437,36864,20,0.987587034702301,0.2,-0.022730430810770485,0.0003,-16.899389521280924,1.5344239473342896,0.016392859,3.1061012243231136,0.19148763020833334,0.12934714555740356
6,4,-2.77705154,62.35,8136,49152,30,0.9802969098091125,0.2,-0.025381096015432075,0.0003,-16.804082906246187,1.603956937789917,0.017037021,3.369619047145049,0.210986328125,0.1753501296043396
7,5,-1.1629029000000002,63.33,7974,61440,40,0.9767764210700989,0.2,-0.026314585468693016,0.0003,-16.76128815015157,1.4529445171356201,0.018277526,3.136365025738875,0.22974446614583333,0.23388570547103882
9,6,-1.6606961900000001,64.89,7881,73728,50,0.9727122187614441,0.2,-0.02660492441985601,0.0003,-16.70541268189748,1.5577458143234253,0.019932944,3.2967165594299632,0.23868815104166666,0.2907797694206238
10,7,-1.0995050300000002,62.37,7825,86016,60,0.9673654437065125,0.2,-0.029276714826119134,0.0003,-16.63901468515396,1.4194942712783813,0.022193298,3.1971712773044905,0.25738932291666666,0.334933340549469
12,8,0.19295035999999974,62.97,7784,98304,70,0.9624061584472656,0.2,-0.03018349446138018,0.0003,-16.570406424999238,1.141710877418518,0.02399741,2.78456051448981,0.28338216145833334,0.3948749899864197
14,9,0.8629726699999999,62.7,7753,110592,80,0.9550864696502686,0.2,-0.03195654302059362,0.0003,-16.493075720469157,1.113333821296692,0.024063125,2.6548414051532747,0.2852701822916667,0.4988863468170166
15,10,0.8823366500000002,62.8,7730,122880,90,0.9510200619697571,0.2,-0.033547782065579665,0.0003,-16.42762871980667,1.1823334693908691,0.02369207,2.4136892216900985,0.29295247395833335,0.5636748671531677
17,11,2.20541196,63.22,7698,135168,100,0.9440919756889343,0.2,-0.03474859484122135,0.0003,-16.347080250581104,0.9574365615844727,0.025942812,2.4467622518539427,0.30596516927083334,0.5760746002197266
19,12,2.32314772,62.15,7652,147456,110,0.9383885264396667,0.2,-0.0331388271258523,0.0003,-16.271827232837676,0.9116523265838623,0.026592242,2.147350819905599,0.31319986979166664,0.6553052663803101
20,13,1.03689442,62.3,7646,159744,120,0.9318666458129883,0.2,-0.03419240792766989,0.0003,-16.186004674434663,0.9762250781059265,0.02786089,2.11036948983868,0.331640625,0.6923842430114746
22,14,3.00871142,61.81,7621,172032,130,0.9254717826843262,0.2,-0.03556303861259948,0.0003,-16.10029809077581,0.7791123390197754,0.02849216,2.056928483893474,0.3291422526041667,0.7027140855789185
24,15,2.6811882700000003,62.45,7617,184320,140,0.9197835922241211,0.2,-0.03693631428274481,0.0003,-16.020937287807463,0.7095175385475159,0.030447617,1.9198102243244648,0.33499348958333336,0.7221364974975586
25,16,4.803277860000001,64.46,7614,196608,150,0.9130436778068542,0.2,-0.03674072265130235,0.0003,-15.929587680101395,0.8237218260765076,0.030663798,2.0121671872834366,0.34706217447916665,0.744470477104187
27,17,4.38904132,63.7,7610,208896,160,0.9071448445320129,0.2,-0.037533179255842694,0.0003,-15.845244880517324,0.9388303756713867,0.031581167,2.0807805389165877,0.34860026041666664,0.7710223197937012
29,18,4.356741850000001,62.43,7610,221184,170,0.904170036315918,0.2,-0.036037158688607934,0.0003,-15.79315615693728,0.7399348020553589,0.03232855,2.070520602663358,0.3519205729166667,0.794944167137146
30,19,5.60704188,64.22,7609,233472,180,0.8983508944511414,0.2,-0.03806449804105796,0.0003,-15.724933820962907,0.7887774109840393,0.031909198,2.1075078854958216,0.36329752604166665,0.7884106636047363
32,20,6.585463520000001,64.88,7605,245760,190,0.8903432488441467,0.2,-0.03995181057640972,0.0003,-15.616248818238576,1.0136890411376953,0.033002567,2.1483102915187677,0.3699462890625,0.7956230640411377
33,21,7.166016779999999,63.9,7618,258048,200,0.8846136927604675,0.2,-0.03811211477401591,0.0003,-15.526009255688956,0.9240609407424927,0.046316378,2.1764043442922154,0.3743053550808314,0.8110685348510742
35,22,7.4543817,64.17,7656,270336,208,0.8780859112739563,0.2,-0.029027306620009873,0.0003,-15.441433761974812,0.9993367791175842,0.03620208,2.181826901157813,0.361721027696793,0.8317092657089233
36,23,7.567594890000001,66.95,7660,282624,218,0.8715623021125793,0.2,-0.037169689086832755,0.0003,-15.340473937988282,0.8460249900817871,0.0361893,2.0556514048058054,0.3875169836956522,0.8302475810050964
38,24,7.93817319,64.32,7655,294912,228,0.864457368850708,0.2,-0.03904646049292448,0.0003,-15.235429126024247,1.0923261642456055,0.035388514,2.507253543287516,0.37179361979166664,0.8186111450195312
39,25,7.255972870000001,65.33,7734,307200,232,0.8602402210235596,0.2,-0.008963086575367093,0.0003,-15.173471369774512,1.0345568656921387,0.034193095,2.164376635177463,0.3488306781045752,0.831629753112793
41,26,9.292520439999999,65.46,7754,319488,240,0.8541167378425598,0.2,-0.03529204781669633,0.0003,-15.081248065045006,1.0947836637496948,0.036656287,2.137236755458932,0.37799136513157894,0.856698215007782
42,27,9.80161708,63.38,7854,331776,242,0.8521175980567932,0.2,0.013219051528722048,0.0003,-15.04269920349121,0.9925938844680786,0.043288708,2.125249044895172,0.317890625,0.8485845923423767
43,28,9.61498976,65.22,7857,344064,252,0.8459665179252625,0.2,-0.037539531223578934,0.0003,-14.961311661153346,0.7864364385604858,0.042020924,2.2280434798535116,0.3814984158986175,0.8561079502105713
45,29,9.768546749999999,65.29,7904,356352,257,0.8418405055999756,0.2,-0.01911221989057172,0.0003,-14.892580479006224,0.8736769556999207,0.036432803,2.1108698241318327,0.3721815664556962,0.8686093688011169
46,30,10.557915079999997,66.3,7921,368640,265,0.8364928364753723,0.2,-0.031758203147062694,0.0003,-14.807920330378856,0.996428370475769,0.03927888,2.1505494428282024,0.39662114845938373,0.8657718896865845
47,31,11.024684829999998,67.28,7996,380928,267,0.8333914279937744,0.2,0.0032522489879435548,0.0003,-14.760612259308497,1.1466619968414307,0.028990759,2.208222735673189,0.3506673177083333,0.8714016675949097
48,32,12.185675419999997,67.68,8036,393216,272,0.8279955387115479,0.2,-0.021501533990086807,0.0003,-14.684726120537794,1.173616886138916,0.032008264,2.3346622917941424,0.36254576359832635,0.8717414736747742
50,33,11.277388580000002,66.26,8066,405504,278,0.8243110179901123,0.2,-0.023959056474268436,0.0003,-14.606513065296214,0.8435664772987366,0.034455337,2.1675360656919933,0.38149610805860806,0.8832179307937622
51,34,12.40226314,65.97,8095,417792,284,0.8189195990562439,0.2,-0.022101093428820717,0.0003,-14.535476239031347,1.201932668685913,0.036478497,2.3667465577254423,0.375331805019305,0.8762173652648926
52,35,15.926367889999996,68.05,8144,430080,288,0.8141239285469055,0.2,-0.011830796318827197,0.0003,-14.462030339241029,1.0512021780014038,0.039098393,2.2121653772890566,0.3732177734375,0.8957481980323792
54,36,13.288849790000002,66.29,8178,442368,293,0.8089513778686523,0.2,-0.018815409528957515,0.0003,-14.376160638374195,1.1800107955932617,0.03711936,2.227453643815559,0.38159608004385964,0.9037518501281738
55,37,13.217429130000005,65.84,8248,454656,294,0.8083202242851257,0.2,0.015384574352604588,0.0003,-14.341613955614044,1.3967539072036743,0.02561931,2.7456298281506792,0.32983993902439024,0.8956101536750793
56,38,14.675855450000002,66.23,8288,466944,298,0.8029220700263977,0.2,-0.013542113923985096,0.0003,-14.279625288645427,0.8606165647506714,0.031466026,2.3631175047821467,0.379296875,0.9016565084457397
57,39,15.642362320000002,67.11,8329,479232,302,0.8021292090415955,0.2,-0.010541726807188132,0.0003,-14.23214551503073,0.8457504510879517,0.035277225,2.1911603041037826,0.38201721556886226,0.9139551520347595
58,40,16.086193490000003,65.27,8337,491520,309,0.7961940765380859,0.2,-0.0319374711252749,0.0003,-14.160968018741142,0.8378640413284302,0.03624908,2.503318217469425,0.3878024961890244,0.9122336506843567
60,41,18.588403530000004,69.96,8395,503808,311,0.7946141362190247,0.2,0.00846218240645821,0.0003,-14.114931137835393,0.9371007084846497,0.03400955,2.1736893126221952,0.3280609631147541,0.9227738976478577
61,42,16.36756779,67.03,8426,516096,316,0.7904413342475891,0.2,-0.01627551993534801,0.0003,-14.061638435131401,1.1009585857391357,0.039507218,2.541936217225748,0.361972557106599,0.9156851172447205
62,43,19.110895369999998,72.33,8455,528384,321,0.7868881225585938,0.2,-0.014900202518473044,0.0003,-13.990952506507796,1.3225761651992798,0.038567595,2.507556017526646,0.3766712306701031,0.9129067063331604
63,44,17.3159816,67.98,8463,540672,327,0.7828874588012695,0.2,-0.02280458049841428,0.0003,-13.932906180504231,1.173368215560913,0.036943346,2.9221515850334314,0.37921023832684825,0.9176800847053528
65,45,18.641637000000003,67.01,8474,552960,333,0.7785558104515076,0.2,-0.024856132200204203,0.0003,-13.85902407135762,1.1262154579162598,0.03491911,2.7617624905747427,0.3704335387323944,0.9122578501701355
66,46,20.208374459999998,69.41,8526,565248,334,0.7770266532897949,0.2,0.014206152399192038,0.0003,-13.819430952486785,1.441721796989441,0.029946618,2.418244237485139,0.34994904891304346,0.9293639659881592
67,47,19.73538894,66.65,8576,577536,336,0.7762983441352844,0.2,0.014217660689324724,0.0003,-13.794370931737562,1.6524460315704346,0.037575014,2.9722875707289753,0.3472732843137255,0.9294971823692322
68,48,21.148196889999998,67.99,8631,589824,337,0.7758359909057617,0.2,0.013894742199530205,0.0003,-13.78440793355306,1.156090497970581,0.024716062,2.461957494417826,0.3051215277777778,0.9388402104377747
69,49,22.169150349999995,71.99,8643,602112,343,0.7717950344085693,0.2,-0.021494582414955356,0.0003,-13.73063342507315,0.7838830947875977,0.03687926,2.3974299421712355,0.3923461446360153,0.9346189498901367
71,50,22.80395645,71.15,8649,614400,350,0.7677947878837585,0.2,-0.02626529805438251,0.0003,-13.66752208333437,1.4413527250289917,0.036377076,3.497449303970856,0.3616470025510204,0.9180963635444641
72,51,21.693237049999997,70.26,8678,626688,353,0.7665648460388184,0.2,-0.005182102519837726,0.0003,-13.629535688294304,1.6046454906463623,0.03091087,3.30204582048787,0.3580186631944444,0.9266572594642639
73,52,21.811784449999994,67.05,8714,638976,355,0.7641382217407227,0.2,0.00530952526317848,0.0003,-13.595378047817356,1.3865127563476562,0.031019637,2.9284769152546977,0.36182177197802196,0.9311149716377258
74,53,22.562874569999998,67.1,8761,651264,356,0.7626567482948303,0.2,0.009319096040944087,0.0003,-13.562610757761988,1.5034269094467163,0.024748372,2.7992937564849854,0.3112877155172414,0.9426498413085938
75,54,23.048133189999998,68.41,8804,663552,357,0.7615025639533997,0.2,0.01563131510733794,0.0003,-13.538814618037296,1.8978087902069092,0.030516952,3.037261431033795,0.3600761217948718,0.9407262206077576
76,55,22.50007842,66.66,8809,675840,363,0.756894052028656,0.2,-0.02393251704134363,0.0003,-13.48121741129737,1.281092643737793,0.038110536,2.726027677000201,0.3951523851590106,0.9407709836959839
77,56,23.888419429999995,68.29,8844,688128,364,0.7558765411376953,0.2,0.019420542368074743,0.0003,-13.439972272733362,1.631850242614746,0.029785592,2.9863612477372334,0.36509146341463417,0.9443632960319519
78,57,23.949960870000005,70.27,8881,700416,366,0.7552223205566406,0.2,0.010781197002091045,0.0003,-13.423646535192217,1.4444527626037598,0.03866874,3.2079233271735057,0.32882254464285715,0.9410581588745117
79,58,23.315070670000004,69.57,8909,712704,369,0.7522568702697754,0.2,-0.0010087012257105831,0.0003,-13.391248571461645,1.3968058824539185,0.036575496,3.03616431458243,0.3653353987068966,0.9422070980072021
81,59,21.792408399999996,65.79,8946,724992,370,0.7511082291603088,0.2,0.018154149855229448,0.0003,-13.362676863974713,1.9909495115280151,0.025540648,3.406133844497356,0.32488364361702127,0.9380590319633484
82,60,25.213265279999995,67.99,8984,737280,371,0.749843418598175,0.2,0.017057130436619952,0.0003,-13.340489625930786,1.475407361984253,0.02681042,2.7601049542427063,0.3326822916666667,0.9473015666007996
83,61,26.019925419999996,70.75,9019,749568,372,0.7478933334350586,0.2,0.016910427492921768,0.0003,-13.313061216603154,1.595968246459961,0.026716324,2.9073803424835205,0.33415421195652173,0.9455060362815857
84,62,25.953457020000005,68.45,9040,761856,375,0.745762050151825,0.2,-0.002672171749657503,0.0003,-13.270869043138292,1.320574402809143,0.029712472,3.0869234067422373,0.36435185185185187,0.9484394788742065
85,63,25.658383559999997,67.09,9065,774144,378,0.7437379956245422,0.2,0.003563920729884914,0.0003,-13.24355141321818,0.9983412027359009,0.038094256,2.984533606791029,0.37136182598039214,0.9498767256736755
86,64,23.841522060000003,62.38,9086,786432,381,0.7404537796974182,0.2,-0.003930439891734423,0.0003,-13.195036334845856,1.4059776067733765,0.03355332,2.9209394109158118,0.37708730916030536,0.9542695879936218
87,65,24.072121370000005,64.37,9121,798720,382,0.7396534085273743,0.2,0.014073346291358273,0.0003,-13.16368907292684,1.3640168905258179,0.029936163,2.764639941851298,0.35325520833333335,0.9556238055229187
88,66,25.093167610000002,65.8,9142,811008,385,0.7361006736755371,0.2,0.0034130704391873994,0.0003,-13.123224371570652,1.0103644132614136,0.03820257,2.369682216038138,0.4005561440677966,0.9584305882453918
89,67,26.775183519999995,68.16,9176,823296,386,0.7356953620910645,0.2,0.01617685550202926,0.0003,-13.09423728216262,1.5519778728485107,0.028021535,2.586012437230065,0.3392857142857143,0.9598314762115479
90,68,27.61793507,68.72,9209,835584,387,0.7352579236030579,0.2,0.013423923770652005,0.0003,-13.087282632526598,1.8887113332748413,0.027341686,3.1330574688158537,0.32257401315789475,0.9515427947044373
91,69,27.23173663,68.12,9237,847872,389,0.734403133392334,0.2,0.014915154213085771,0.0003,-13.073899536132812,1.4880599975585938,0.043235485,3.221005849838257,0.347421875,0.9523323774337769
93,70,25.8046423,66.31,9239,860160,395,0.7304341793060303,0.2,-0.01678367188409427,0.0003,-13.0257459484801,1.486549735069275,0.038592733,3.1737766922736657,0.38370535714285714,0.9492661952972412
94,71,25.813509720000003,66.25,9267,872448,396,0.7298660278320312,0.2,0.017588395226214613,0.0003,-12.995082310267858,1.1264039278030396,0.027663082,2.6660609585898265,0.32979910714285715,0.9577644467353821
95,72,28.81748952,73.18,9294,884736,398,0.7286303639411926,0.2,0.016520131094267174,0.0003,-12.973767591982472,1.985962152481079,0.04578832,2.9287183674014345,0.364078443877551,0.9569472074508667
96,73,25.53969848,65.47,9320,897024,400,0.7281222343444824,0.2,0.015380462798518393,0.0003,-12.963677262360195,0.9285454154014587,0.038118724,2.8292652323560894,0.3503832547169811,0.9572741389274597
97,74,26.618800750000002,65.89,9348,909312,401,0.7279254794120789,0.2,0.015614639923331283,0.0003,-12.95318839663551,1.4239652156829834,0.02379829,2.595034644717262,0.2931547619047619,0.9622551798820496
98,75,25.997970319999993,66.37,9372,921600,403,0.7272679805755615,0.2,0.016450596888227247,0.0003,-12.943945132769072,1.3925623893737793,0.041955903,2.3977227165148807,0.3799579326923077,0.9614797830581665
99,76,28.07339102,71.12,9391,933888,405,0.7252509593963623,0.2,0.008883597694777994,0.0003,-12.919719255098732,1.2195873260498047,0.034278885,2.5762180218132595,0.3680275537634409,0.959138035774231
100,77,25.986910099999996,67.77,9415,946176,407,0.7245191931724548,0.2,0.014467653754514222,0.0003,-12.895739274866441,1.5653791427612305,0.042834472,3.4693804394965078,0.32858455882352944,0.9526622295379639
101,78,26.436455300000002,65.69,9432,958464,410,0.7219582200050354,0.2,0.004657641392051508,0.0003,-12.86537253856659,1.07327139377594,0.034906216,2.8726134917565753,0.37841796875,0.9542098641395569
102,79,28.78020446,69.24,9459,970752,411,0.7217321395874023,0.2,0.011483372294936667,0.0003,-12.84476900100708,1.499426245689392,0.02302794,2.7736389962109653,0.2863991477272727,0.9588760733604431
103,80,28.15972712,67.94,9480,983040,412,0.721307098865509,0.2,0.01033412552039538,0.0003,-12.838052545275007,1.4509316682815552,0.021438463,3.1268902165549144,0.2670200892857143,0.9561902284622192
104,81,29.199836399999995,72.24,9502,995328,413,0.7202699184417725,0.2,0.013092490362136491,0.0003,-12.825329780578613,1.7860571146011353,0.025707874,2.791176361697061,0.31556919642857145,0.9590493440628052
105,82,27.316000470000002,69.81,9513,1007616,417,0.7179315090179443,0.2,-0.003557944988521437,0.0003,-12.793454189300537,1.1708736419677734,0.036648717,3.465126438140869,0.365,0.9543972015380859
106,83,29.155069940000004,69.06,9537,1019904,418,0.7168199419975281,0.2,0.01694899357314552,0.0003,-12.764791057955835,2.0682477951049805,0.024901668,3.5901921026168333,0.3068296370967742,0.9558942317962646
107,84,27.113186380000002,67.58,9558,1032192,420,0.7156877517700195,0.2,0.017015151318390757,0.0003,-12.740639122164978,1.7651394605636597,0.046394825,3.172288266979918,0.3594547193877551,0.9602366089820862
109,85,27.7203361,70.12,9579,1044480,422,0.715419590473175,0.2,0.013931218990866018,0.0003,-12.730721181752731,0.929313063621521,0.045109108,2.9087758502181695,0.36989795918367346,0.9605677127838135
110,86,28.46702084,68.9,9603,1056768,423,0.7154946327209473,0.2,0.019904088130907008,0.0003,-12.725818232486123,1.7114980220794678,0.026960226,2.9778293559425757,0.3238075657894737,0.9595586657524109
111,87,28.65164258,67.95,9626,1069056,424,0.714900016784668,0.2,0.01041595958910572,0.0003,-12.719911058743795,1.439366102218628,0.02506811,3.5850532551606498,0.3103841145833333,0.9551160931587219
112,88,30.220262709999997,67.85,9644,1081344,426,0.7135642170906067,0.2,0.016155742623500134,0.0003,-12.699819799055133,1.1476985216140747,0.038180422,3.175991597928499,0.3695860745614035,0.9581000208854675
113,89,29.650840910000007,70.0,9666,1093632,427,0.7129982113838196,0.2,0.014320273573199907,0.0003,-12.685504701402452,1.3094879388809204,0.024600755,3.1189925405714245,0.2897135416666667,0.9616485834121704
114,90,30.016055809999997,70.18,9686,1105920,428,0.7126697897911072,0.2,0.0135711891237985,0.0003,-12.67565376108343,1.7016950845718384,0.025612451,3.4047140208157627,0.3046875,0.9606651067733765
115,91,29.644451219999997,70.16,9706,1118208,429,0.7120559811592102,0.2,0.015558278697426431,0.0003,-12.66696947813034,1.5851846933364868,0.025316363,3.836439736187458,0.3251953125,0.9582428932189941
116,92,28.75640808,67.37,9723,1130496,430,0.7112131118774414,0.2,0.020760806842840145,0.0003,-12.652854215531121,1.3417742252349854,0.029211769,3.0300043537503196,0.3502604166666667,0.9654495120048523
117,93,28.751442000000008,69.24,9742,1142784,431,0.7108244895935059,0.2,0.01148926669266075,0.0003,-12.641640567779541,1.3408591747283936,0.02145384,3.104143810272217,0.2763671875,0.9647955894470215
118,94,29.4258429,70.08,9750,1155072,433,0.7097474932670593,0.2,0.004025347307167445,0.0003,-12.624825499030981,1.7728809118270874,0.029179271,3.585313199611192,0.35884831460674155,0.9573591351509094
119,95,32.67879311000001,72.75,9762,1167360,436,0.7089707255363464,0.2,0.0037875022110529246,0.0003,-12.602481307983398,1.3957698345184326,0.04133797,3.2617756390571593,0.3801953125,0.9600831270217896
120,96,33.88010489,74.34,9764,1179648,438,0.7075998783111572,0.2,0.007191653175351138,0.0003,-12.584120530348558,2.0264360904693604,0.031816807,3.4339338632730336,0.35997596153846156,0.963560163974762
121,97,31.90689425,72.07,9772,1191936,439,0.7069950699806213,0.2,0.018180758830764004,0.0003,-12.568391104002256,2.055074453353882,0.023137111,3.91893779264914,0.29434121621621623,0.9607431888580322
122,98,29.096619709999995,70.27,9790,1204224,440,0.7057564854621887,0.2,0.014670156727411917,0.0003,-12.549039595467704,1.452850103378296,0.026886804,3.422034011568342,0.33816964285714285,0.9625838994979858
124,99,32.55605715,72.01,9806,1216512,441,0.7048178315162659,0.2,0.0151885075122118,0.0003,-12.532504806518554,1.8823808431625366,0.024696454,4.188559331893921,0.30015625,0.9586148858070374
125,100,32.63680848999999,72.7,9821,1228800,442,0.7040114402770996,0.2,0.019105846054791924,0.0003,-12.516023112881568,1.8394497632980347,0.029049141,3.5119252666350333,0.3371975806451613,0.9680899977684021
126,101,33.793270549999995,75.57,9804,1241088,445,0.7023897171020508,0.2,0.0005036462752594928,0.0003,-12.490461696277965,1.7709589004516602,0.031015823,3.4736571568102876,0.3632166838842975,0.9661308526992798
127,102,33.31958452000001,72.96,9815,1253376,446,0.701542317867279,0.2,0.01229960773140192,0.0003,-12.471619415283204,1.7473745346069336,0.02228548,3.13328809261322,0.2825,0.9695315361022949
128,103,32.09453849000001,73.09,9814,1265664,451,0.6996724605560303,0.2,-0.0071556536707705655,0.0003,-12.437654146688239,1.53499174118042,0.036090996,3.617561283450441,0.37490085659898476,0.964134156703949
129,104,34.53242984,74.38,9833,1277952,452,0.6992154717445374,0.2,0.009867413116520956,0.0003,-12.422441382157174,1.957177996635437,0.020723864,3.5536570235302576,0.26973684210526316,0.9661785960197449
130,105,34.35619883999999,73.19,9849,1290240,453,0.6987815499305725,0.2,0.015619252249598503,0.0003,-12.4123382295881,1.8557324409484863,0.023693444,3.284558779852731,0.29787946428571427,0.969650149345398
132,106,34.21301484000001,72.76,9867,1302528,454,0.698237955570221,0.2,0.014334279811009765,0.0003,-12.40601634979248,1.432631015777588,0.02259358,4.443997490406036,0.297265625,0.961279034614563
133,107,35.09067423999999,73.48,9880,1314816,455,0.6967639327049255,0.2,0.018669768733988432,0.0003,-12.38465742631392,1.45351243019104,0.027625876,3.209410721605474,0.33433948863636365,0.9701482057571411
134,108,32.08817336,69.39,9893,1327104,457,0.6956624388694763,0.2,0.01824521166937692,0.0003,-12.361475107621173,1.6808362007141113,0.055431273,3.6544640112896354,0.3346619897959184,0.967536985874176
135,109,34.03579119,72.48,9911,1339392,458,0.6954719424247742,0.2,0.01643427117201297,0.0003,-12.350905335467795,1.7764312028884888,0.02134073,3.199906639430834,0.28464673913043476,0.9724198579788208
136,110,33.58967995,72.7,9915,1351680,462,0.6925023198127747,0.2,-0.0025605108331594813,0.0003,-12.310471917453565,1.303098201751709,0.03730301,2.963622537098433,0.38237561677631576,0.9706340432167053
137,111,33.73341853,72.51,9928,1363968,463,0.6916255354881287,0.2,0.009117189480142819,0.0003,-12.285441166645771,1.5134003162384033,0.023957392,4.147944347278492,0.31313344594594594,0.9646105170249939
138,112,35.82106682,76.44,9941,1376256,464,0.6911561489105225,0.2,0.02000736027956009,0.0003,-12.273509902954101,1.6552536487579346,0.022643311,3.378241949081421,0.28203125,0.9700965285301208
139,113,36.865925260000004,75.85,9954,1388544,465,0.690222978591919,0.2,0.013380671505075999,0.0003,-12.262264251708984,1.1780524253845215,0.02648296,3.3217387321667795,0.32371794871794873,0.969228208065033
140,114,34.311671309999994,72.99,9970,1400832,466,0.6898930668830872,0.2,0.010889508516380661,0.0003,-12.251767208701686,1.5374211072921753,0.023535848,3.124789275621113,0.2894736842105263,0.9728181958198547
141,115,36.91100019,77.5,9983,1413120,467,0.68802410364151,0.2,0.01779071419218252,0.0003,-12.229678375776423,2.0946385860443115,0.029797526,3.1726475066916886,0.3620094476744186,0.9723941683769226
142,116,33.451728710000005,71.63,9996,1425408,468,0.68772953748703,0.2,0.010172143027686128,0.0003,-12.213790335306307,1.3587106466293335,0.025103573,3.5630616560214903,0.32602896341463417,0.9705528616905212
143,117,36.439564569999995,74.7,10009,1437696,469,0.6867043375968933,0.2,0.019306054131153064,0.0003,-12.199258340371621,1.6487808227539062,0.030689813,2.922889806128837,0.36222550675675674,0.9727725386619568
144,118,33.98693139,71.71,10024,1449984,470,0.686583936214447,0.2,0.020050594966639492,0.0003,-12.187604735879336,1.5603382587432861,0.026655063,3.017097262775197,0.31755514705882354,0.9732571244239807
145,119,34.26472999,73.73,10038,1462272,471,0.6868847012519836,0.2,0.01628717184387918,0.0003,-12.18771901623956,1.2831695079803467,0.025319649,2.6596775465998155,0.3102101293103448,0.9757606387138367
146,120,35.27903414,73.62,10051,1474560,472,0.6864354014396667,0.2,0.017170104464249953,0.0003,-12.18665646144322,1.4593449831008911,0.02684936,2.8682792970112394,0.3392857142857143,0.9730713963508606
147,121,37.124372480000005,77.45,10064,1486848,473,0.6853952407836914,0.2,0.013473745493683964,0.0003,-12.169364124536514,1.042040228843689,0.028297605,2.8351720310747623,0.3525390625,0.9753848910331726
148,122,35.106363189999996,74.91,10077,1499136,474,0.6847965717315674,0.2,0.016673821432050318,0.0003,-12.151500344276428,2.103529930114746,0.027850304,3.7243846476078035,0.34345703125,0.970543622970581
149,123,33.119795599999996,70.41,10090,1511424,475,0.6845845580101013,0.2,0.01172324552732919,0.0003,-12.145351886749268,1.5891807079315186,0.024199886,3.6700180655434016,0.3162202380952381,0.9688616991043091
150,124,37.078785950000004,75.61,10100,1523712,476,0.6831181645393372,0.2,0.017995749275238875,0.0003,-12.127575159072876,1.0130391120910645,0.028331107,2.8874144852161407,0.3422037760416667,0.9696580767631531
152,125,32.40369176,69.5,10102,1536000,480,0.6813220381736755,0.2,0.0002913250062226152,0.0003,-12.093111617433513,1.41754949092865,0.036624145,3.1371835301990156,0.38434624233128833,0.970489501953125
153,126,37.47714629000001,76.23,10115,1548288,481,0.6805830597877502,0.2,0.010937204600001376,0.0003,-12.07121721903483,1.1436500549316406,0.026162127,2.754490065574646,0.31302083333333336,0.9745039939880371
154,127,34.40070382,72.12,10123,1560576,482,0.6794576644897461,0.2,0.015894157667866067,0.0003,-12.056310789925712,1.6332074403762817,0.026810927,3.393971800804138,0.3392857142857143,0.9712591767311096
155,128,37.55751655,76.57,10135,1572864,483,0.6787159442901611,0.2,0.013322945936427763,0.0003,-12.03860338528951,1.363202452659607,0.022798268,2.617293337980906,0.2976888020833333,0.9768595099449158
156,129,36.199618179999995,75.49,10145,1585152,484,0.6782446503639221,0.2,0.013340260907027283,0.0003,-12.028344304938065,1.5603634119033813,0.023834417,3.2156525411103902,0.3059210526315789,0.9760345220565796
157,130,35.91241632,73.65,10154,1597440,486,0.6774413585662842,0.2,0.015934149469888092,0.0003,-12.012492161171108,2.303192377090454,0.044696346,3.9611224380193972,0.3588388480392157,0.9689998626708984
158,131,32.15449213,68.52,10167,1609728,487,0.6771425604820251,0.2,0.013782925065606832,0.0003,-12.002067375183106,1.0414305925369263,0.02388722,2.846572415033976,0.29583333333333334,0.9760986566543579
159,132,34.83553146,70.99,10180,1622016,488,0.6768926978111267,0.2,0.01527656770000855,0.0003,-11.996818913353813,1.1488885879516602,0.020811304,2.381462812423706,0.2619357638888889,0.977936327457428
160,133,35.56799464,71.87,10192,1634304,489,0.6764187812805176,0.2,0.017223722480524045,0.0003,-11.990529353802021,1.2963528633117676,0.025436273,2.538945367703071,0.3234675480769231,0.9771419763565063
161,134,36.304281110000005,72.46,10203,1646592,490,0.6761240363121033,0.2,0.01667448627547576,0.0003,-11.982951531043419,1.5702282190322876,0.026553873,2.7367226160489597,0.30649038461538464,0.9776341319084167
162,135,33.55059228,70.77,10213,1658880,491,0.6756096482276917,0.2,0.013692242196864553,0.0003,-11.97515438221119,1.072187066078186,0.026372693,2.7393528708705195,0.32002314814814814,0.9772162437438965
163,136,33.2021534,69.71,10221,1671168,492,0.6751291155815125,0.2,0.01359355787280947,0.0003,-11.96647185087204,1.2628889083862305,0.030218568,2.537166379392147,0.3388671875,0.9737772345542908
164,137,34.34305554,70.99,10229,1683456,493,0.6748602390289307,0.2,0.015951561799738556,0.0003,-11.958606779575348,0.9281109571456909,0.022112593,2.0904770642518997,0.2744140625,0.979282557964325
165,138,32.10067471,68.81,10237,1695744,494,0.6747087836265564,0.2,0.012894371635324899,0.0003,-11.953299794878278,1.9982364177703857,0.02376284,3.585249185562134,0.3000372023809524,0.9707503914833069
166,139,35.44559694,71.74,10245,1708032,495,0.6746361255645752,0.2,0.015514164896947997,0.0003,-11.951923960731143,1.9199081659317017,0.024875125,2.9435215564001176,0.30357142857142855,0.9744836688041687
167,140,37.074733710000004,73.87,10251,1720320,496,0.6744475364685059,0.2,0.017921160766854884,0.0003,-11.949158668518066,1.43397855758667,0.027504016,3.1516424417495728,0.3201171875,0.9723401069641113
168,141,38.351166119999995,75.31,10261,1732608,497,0.6738263964653015,0.2,0.014101245775818824,0.0003,-11.943979606628417,1.675001621246338,0.02736168,3.324725656509399,0.329375,0.9723939299583435
169,142,33.78588407,70.95,10271,1744896,498,0.673547089099884,0.2,0.018174684505952013,0.0003,-11.933074474334717,1.6660972833633423,0.028926872,3.523855144327337,0.3544034090909091,0.9723222851753235
170,143,36.45752138,73.76,10281,1757184,499,0.6729771494865417,0.2,0.017309088316379173,0.0003,-11.929632822672525,1.4224854707717896,0.023525765,2.945395173448505,0.2958096590909091,0.9732486009597778
171,144,37.27124633,73.44,10293,1769472,500,0.6726131439208984,0.2,0.01910554226487875,0.0003,-11.917797803878784,1.0766470432281494,0.028557941,2.727072298526764,0.316796875,0.9773902297019958
172,145,38.37366206,75.1,10302,1781760,501,0.6722082495689392,0.2,0.018485907563253454,0.0003,-11.911738345497533,1.955189824104309,0.028648298,3.1192852446907446,0.349609375,0.9762718081474304
173,146,37.26051528,74.4,10312,1794048,502,0.6716449856758118,0.2,0.01561898518449221,0.0003,-11.899794774177748,1.4855066537857056,0.027363509,3.0324017512492643,0.34425080128205127,0.9767534136772156
175,147,39.04705517,76.67,10321,1806336,503,0.6709430813789368,0.2,0.014257937990899744,0.0003,-11.888600152114343,1.1796132326126099,0.029129054,2.5862774725618034,0.35008081896551724,0.9792451858520508
176,148,35.77558775,74.0,10330,1818624,505,0.6699547171592712,0.2,0.015741722943375305,0.0003,-11.871357703695493,2.1402387619018555,0.04743411,3.2081577048009757,0.3424744897959184,0.9745920896530151
177,149,40.33871280999999,78.38,10339,1830912,506,0.6697151064872742,0.2,0.0139401260424744,0.0003,-11.858766642483799,1.6121383905410767,0.024809808,2.62500644272024,0.2977627840909091,0.9791550636291504
178,150,37.0557728,73.63,10348,1843200,507,0.6695796847343445,0.2,0.01527720667535248,0.0003,-11.855678925147423,1.7641764879226685,0.02632855,3.7315755012707834,0.33353365384615385,0.9737735986709595
179,151,39.93715439,78.31,10358,1855488,508,0.669193685054779,0.2,0.013205106700620344,0.0003,-11.849693698267783,1.838945984840393,0.023017632,3.23544075412135,0.3050655241935484,0.9762720465660095
180,152,41.25696911,80.39,10366,1867776,510,0.6683570742607117,0.2,0.01209370537300504,0.0003,-11.835087376256142,1.4992681741714478,0.036196034,3.1822027890912947,0.36428931451612906,0.9778609871864319
181,153,39.763752520000004,77.36,10375,1880064,511,0.6676120758056641,0.2,0.016348991596273014,0.0003,-11.824179758344378,1.6018671989440918,0.02332891,4.080067457471575,0.29966517857142855,0.9717960357666016
182,154,40.64880649,77.8,10382,1892352,513,0.6665070056915283,0.2,0.012859942849415044,0.0003,-11.804956928888958,1.4756791591644287,0.034953907,3.241007955869039,0.34915364583333336,0.9770664572715759
183,155,38.867101919999996,76.1,10389,1904640,514,0.6659477353096008,0.2,0.014662133205044819,0.0003,-11.788343906402588,1.8465827703475952,0.025580043,3.7666519252877486,0.3157894736842105,0.9758688807487488
184,156,37.137273189999995,75.46,10399,1916928,515,0.6656191945075989,0.2,0.012755249813199043,0.0003,-11.778357569376627,1.4526681900024414,0.021997703,3.0371809879938763,0.28229166666666666,0.9792491793632507
185,157,35.54791205000001,78.53,10408,1929216,516,0.6651417016983032,0.2,0.02145957131870091,0.0003,-11.768306001027424,1.1360760927200317,0.025995297,2.5650495290756226,0.32890625,0.9792545437812805
186,158,36.22461219,74.6,10416,1941504,517,0.6647735238075256,0.2,0.01175754947368713,0.0003,-11.760409186868106,2.0410642623901367,0.026954906,3.9806405726601097,0.33903952205882354,0.9679995775222778
187,159,41.98123069000001,78.47,10424,1953792,518,0.6639716029167175,0.2,0.012523554228736382,0.0003,-11.748065195585552,1.9976528882980347,0.028167116,3.4527357502987512,0.3431332236842105,0.9734090566635132
188,160,39.892324980000005,77.68,10425,1966080,519,0.6635003089904785,0.2,0.013601738710476215,0.0003,-11.732922775800837,1.4571012258529663,0.025710288,2.900854362997898,0.3215843023255814,0.9781827926635742
189,161,36.73945001,72.59,10431,1978368,521,0.6623384356498718,0.2,0.007035502073461119,0.0003,-11.718493111525909,1.5087305307388306,0.03148913,3.5945276308663283,0.34508504746835444,0.9740678071975708
190,162,38.5045441,77.53,10437,1990656,523,0.6607046723365784,0.2,0.00849789089535351,0.0003,-11.689926940125304,1.365211844444275,0.03518689,2.772133898425412,0.37672483766233766,0.9786244630813599
191,163,40.07679415,76.37,10447,2002944,524,0.6606346964836121,0.2,0.0027760846617942057,0.0003,-11.672276496887207,1.4397140741348267,0.018858792,2.839359790086746,0.22916666666666666,0.9778839349746704
192,164,39.57675149,77.33,10456,2015232,525,0.660495936870575,0.2,0.012857216633046452,0.0003,-11.668151606684146,1.5048341751098633,0.025647614,3.0298262782718823,0.31640625,0.9772021174430847
193,165,42.574966090000004,80.32,10460,2027520,527,0.6600289344787598,0.2,0.012247218174467745,0.0003,-11.657485911720677,1.559520959854126,0.036822896,3.083797891934713,0.3495065789473684,0.9767529368400574
194,166,43.067686880000004,80.84,10466,2039808,528,0.6596059799194336,0.2,0.012889849487692118,0.0003,-11.647965997457504,1.0893529653549194,0.025171675,3.121085502207279,0.318359375,0.9805286526679993
195,167,40.31752823,77.01,10472,2052096,529,0.6590359807014465,0.2,0.01836148602887988,0.0003,-11.636438118784051,1.562266230583191,0.02677537,2.961430609226227,0.33100328947368424,0.98151034116745
197,168,40.34877779,77.51,10477,2064384,530,0.6583830714225769,0.2,0.014642789757446102,0.0003,-11.625105422476064,1.9665840864181519,0.027728772,4.01419734954834,0.34383491847826086,0.9748900532722473
198,169,36.360955399999995,73.73,10479,2076672,532,0.6572588682174683,0.2,0.008135846018558369,0.0003,-11.609900164604188,1.8728241920471191,0.030701358,3.794825169444084,0.354443359375,0.9753328561782837
199,170,40.31581462,77.9,10487,2088960,533,0.6569681763648987,0.2,0.0143403854413793,0.0003,-11.597362288113299,1.3402601480484009,0.024405371,3.089217309294076,0.30064655172413796,0.977156400680542
200,171,42.64405714,81.68,10494,2101248,534,0.6567139625549316,0.2,0.006861842037843806,0.0003,-11.591963154929024,1.4003475904464722,0.022257557,3.343866756984166,0.29129464285714285,0.9785547256469727
201,172,39.164196909999994,77.03,10499,2113536,536,0.6562774777412415,0.2,0.014810194252241476,0.0003,-11.587053149354224,2.1919121742248535,0.034444217,4.176575791602041,0.3212316176470588,0.9722010493278503
202,173,38.324073209999995,75.79,10506,2125824,537,0.6552838683128357,0.2,0.0144644139689349,0.0003,-11.57340176900228,1.7741011381149292,0.024599591,3.205750434171586,0.31631324404761907,0.9763733148574829
203,174,39.82195459,76.68,10514,2138112,538,0.6552891731262207,0.2,0.019349676057962433,0.0003,-11.567155361175537,0.7702338099479675,0.027067129,2.9011282409940446,0.3306361607142857,0.9780656695365906
204,175,40.88468257,78.47,10522,2150400,539,0.6552289724349976,0.2,0.012706034816801548,0.0003,-11.563418579101562,1.5182969570159912,0.027791424,2.7232863473892213,0.325,0.9769768118858337
205,176,40.97449141999999,79.06,10529,2162688,540,0.6543305516242981,0.2,0.018156217259549818,0.0003,-11.553994777590729,1.62749183177948,0.02734016,3.007980407670487,0.34120639534883723,0.9785489439964294
206,177,42.24234605000001,81.98,10533,2174976,542,0.6534140110015869,0.2,0.009016560233684013,0.0003,-11.534862248793893,1.8607736825942993,0.035866708,3.133613938870637,0.3910495923913043,0.9784188270568848
207,178,41.31151631999999,80.0,10538,2187264,544,0.6525610089302063,0.2,0.013236345375873267,0.0003,-11.521792729695639,2.6613259315490723,0.033902705,4.0923078589969215,0.3757440476190476,0.974176824092865
208,179,44.70134204,84.49,10545,2199552,545,0.6520158648490906,0.2,0.013916790086243833,0.0003,-11.506085736410958,1.2183640003204346,0.025145924,2.9551972576550076,0.318359375,0.9795259237289429
209,180,38.5456142,76.22,10551,2211840,546,0.6516205668449402,0.2,0.017695813783970865,0.0003,-11.495042552118717,1.9341257810592651,0.027570564,4.341128059055494,0.33882472826086957,0.973535418510437
210,181,41.01160222000001,79.83,10557,2224128,547,0.6510922312736511,0.2,0.01926439973924841,0.0003,-11.48499537876674,1.2381221055984497,0.027937425,3.2435782636914934,0.33883928571428573,0.9775106906890869
211,182,39.15253800000001,75.17,10565,2236416,548,0.6508285403251648,0.2,0.006136727483513264,0.0003,-11.477014614985539,2.5978472232818604,0.025262333,4.6648159852394695,0.3161057692307692,0.9727489352226257
212,183,42.07541374,79.07,10572,2248704,549,0.6508209705352783,0.2,0.0034966237413195465,0.0003,-11.474691831148588,1.6946693658828735,0.020253124,3.0064163208007812,0.25991586538461536,0.9788166284561157
213,184,40.43263519,76.13,10580,2260992,550,0.6505372524261475,0.2,0.01317314047455078,0.0003,-11.471042996361142,1.8492399454116821,0.025503024,3.726712953476679,0.31733630952380953,0.976645827293396
214,185,39.58573847,74.92,10588,2273280,551,0.6503467559814453,0.2,0.021638111497920293,0.0003,-11.466090055612417,1.542605996131897,0.023163782,2.480596038011404,0.27103365384615385,0.9836902618408203
215,186,41.755668969999995,80.29,10596,2285568,552,0.6499533653259277,0.2,0.0202873146259471,0.0003,-11.45863201743678,1.9927676916122437,0.032207355,3.0376797098862496,0.37664473684210525,0.9797599911689758
216,187,46.695236879999996,86.68,10602,2297856,553,0.6491498351097107,0.2,0.01906041919644321,0.0003,-11.449466305394326,1.5586187839508057,0.029869419,2.599211485155167,0.3503024193548387,0.9807693958282471
217,188,42.56638031000001,81.59,10608,2310144,554,0.6488217711448669,0.2,0.01588569106260205,0.0003,-11.435471057891846,1.5490440130233765,0.026053714,3.50205458613003,0.326171875,0.9773903489112854
218,189,40.865213880000006,79.0,10613,2322432,555,0.6486477255821228,0.2,0.01407837088185328,0.0003,-11.432912579289189,1.5532152652740479,0.026830448,2.856830367335567,0.34085648148148145,0.9811458587646484
219,190,41.818145910000005,80.44,10621,2334720,556,0.6483176350593567,0.2,0.01120340021756979,0.0003,-11.425826953007626,2.0320045948028564,0.019500852,3.327626320031973,0.24669471153846154,0.978323757648468
220,191,43.00630529,79.92,10627,2347008,557,0.6480289697647095,0.2,0.017462076430785515,0.0003,-11.417798746199836,2.7007699012756348,0.02993789,3.9490058478854952,0.3658854166666667,0.9752949476242065
221,192,42.72577039000001,79.64,10632,2359296,559,0.6476442217826843,0.2,0.016343793945805152,0.0003,-11.406812959787796,1.382904291152954,0.04768464,2.6280055386679515,0.36288265306122447,0.9821197986602783
222,193,40.02145932,77.63,10640,2371584,560,0.64741450548172,0.2,0.014884652076836894,0.0003,-11.40486161849078,1.6570065021514893,0.023213316,2.776869528433856,0.29113051470588236,0.9813901782035828
223,194,45.89010475,83.67,10647,2383872,561,0.6472249627113342,0.2,0.018642334482417658,0.0003,-11.399145713219276,1.9257748126983643,0.02425346,2.905780627177312,0.2956730769230769,0.9788796305656433
224,195,37.65355274,73.83,10653,2396160,562,0.6466310620307922,0.2,0.019332651155335563,0.0003,-11.390776852199009,1.8694984912872314,0.030589454,3.4739487716129847,0.3734375,0.9801084995269775
225,196,41.46837552,78.53,10660,2408448,563,0.6463066935539246,0.2,0.014095231066816129,0.0003,-11.3849091896644,1.1684163808822632,0.025330763,2.3329977072202244,0.30318509615384615,0.9847838282585144
226,197,42.2150709,78.9,10667,2420736,564,0.6460768580436707,0.2,0.016055131087168342,0.0003,-11.378371374947685,1.6295359134674072,0.028079066,3.2229481084006175,0.33482142857142855,0.9798891544342041
227,198,42.36437422,81.45,10673,2433024,565,0.6459383368492126,0.2,-0.0011494931920121114,0.0003,-11.37595017751058,1.9706264734268188,0.019639026,2.8497905333836875,0.203125,0.9828606843948364
228,199,41.13679022,76.96,10678,2445312,566,0.6457341313362122,0.2,0.017011361564264485,0.0003,-11.371516177528783,1.6869022846221924,0.023483453,3.8339073783472966,0.29276315789473684,0.9744839668273926
229,200,41.649570940000004,79.01,10685,2457600,567,0.6459828019142151,0.2,0.007372875449558099,0.0003,-11.3722562789917,1.4955435991287231,0.01707802,2.697643693288167,0.21197916666666666,0.9819692373275757
230,201,42.57491042999999,79.86,10692,2469888,568,0.6460338234901428,0.2,0.012835730036551302,0.0003,-11.374903158708053,1.913407564163208,0.021793948,3.1483272422443735,0.2634943181818182,0.9810531139373779
232,202,43.24475084999999,80.25,10698,2482176,569,0.6457225680351257,0.2,0.013364046473394741,0.0003,-11.372006329623135,1.762188196182251,0.022212671,2.968908439983021,0.28160511363636365,0.9820238947868347
233,203,41.25045833,77.59,10704,2494464,570,0.6447159647941589,0.2,0.01383854752226222,0.0003,-11.358910345262096,1.338280200958252,0.025643984,2.976415749519102,0.3181703629032258,0.9826982021331787
234,204,44.06607631999999,80.54,10711,2506752,571,0.6442959904670715,0.2,0.014438030154754719,0.0003,-11.343978325525919,1.547629475593567,0.023687571,2.715274860461553,0.2740885416666667,0.984184741973877
235,205,42.9237619,79.61,10717,2519040,572,0.6437259316444397,0.2,0.014438832016742748,0.0003,-11.332501701686693,2.380380630493164,0.026981484,3.20241379737854,0.3344089673913043,0.9807987809181213
236,206,40.36740584,76.4,10724,2531328,573,0.6435887813568115,0.2,0.01760841132555571,0.0003,-11.327864752875435,1.4039742946624756,0.024298096,2.663576689031389,0.2944878472222222,0.9840633273124695
237,207,45.28993198,84.0,10730,2543616,574,0.6433725953102112,0.2,0.015544970949681906,0.0003,-11.322301791264461,1.2415416240692139,0.031830333,3.3638199659494252,0.38040865384615385,0.9798723459243774
238,208,43.0174423,78.92,10733,2555904,576,0.6435654163360596,0.2,0.009053766072611324,0.0003,-11.324071034789085,1.7582646608352661,0.035022862,3.6567501574754715,0.37078857421875,0.9764029383659363
239,209,41.16416526999999,76.48,10740,2568192,577,0.6434872150421143,0.2,0.009844442387111485,0.0003,-11.322696924209595,2.104179859161377,0.021381352,3.3134540796279905,0.26015625,0.9824991226196289
240,210,42.25549205,77.42,10745,2580480,578,0.6429989337921143,0.2,0.017032902182212897,0.0003,-11.316168812343053,1.5059566497802734,0.031549763,3.4706926754542757,0.36707589285714287,0.9777956008911133
241,211,41.73668178999999,76.0,10751,2592768,579,0.6428371667861938,0.2,0.013744908118886607,0.0003,-11.310562633332752,2.285090923309326,0.027331779,3.1366139820643832,0.3372395833333333,0.9803816676139832
242,212,43.02802455999999,79.42,10758,2605056,580,0.6425594687461853,0.2,0.012213102298910204,0.0003,-11.306246259938115,1.6714590787887573,0.023307547,2.4920322480409043,0.2985733695652174,0.982952356338501
243,213,43.00380108,79.15,10763,2617344,581,0.6423746943473816,0.2,0.018766750710020805,0.0003,-11.300117821528994,1.8965717554092407,0.030158766,3.290516096970131,0.3565463362068966,0.9822083711624146
244,214,41.62749334,76.44,10770,2629632,582,0.6421831250190735,0.2,0.014961195278114505,0.0003,-11.295948164803642,1.230340600013733,0.027051529,3.013719013759068,0.3041294642857143,0.9836745858192444
245,215,43.53537027,79.48,10771,2641920,583,0.6414675116539001,0.2,0.015083546384370752,0.0003,-11.287091187068395,1.3082900047302246,0.0260316,3.013941832951137,0.33217075892857145,0.9798521995544434
246,216,40.93441167,75.99,10774,2654208,584,0.6412978172302246,0.2,0.012665471760556102,0.0003,-11.279267038617816,1.7600822448730469,0.019777346,3.565052560397557,0.24246651785714285,0.9800716638565063
247,217,42.47587533999999,79.01,10778,2666496,585,0.6412243247032166,0.2,0.013768189845399724,0.0003,-11.276783148447672,1.2651941776275635,0.023571996,2.5377279387580023,0.2977430555555556,0.9840954542160034
248,218,45.298511639999994,81.39,10777,2678784,586,0.641082763671875,0.2,0.01549235321855282,0.0003,-11.275606491986442,1.1588249206542969,0.024385093,3.312587457544663,0.2927389705882353,0.9789050221443176
249,219,45.991872859999994,83.91,10779,2691072,587,0.6405289769172668,0.2,0.016675419130478986,0.0003,-11.269683480262756,1.9293781518936157,0.028000336,3.062507815659046,0.3447265625,0.9819526672363281
250,220,44.85816353999999,81.08,10783,2703360,588,0.6398714184761047,0.2,0.01720318784255807,0.0003,-11.256855918139946,1.9196981191635132,0.027804907,3.8739083336620794,0.3485137195121951,0.9787808060646057
251,221,42.35350223999999,80.32,10779,2715648,589,0.639599621295929,0.2,0.015396409247431063,0.0003,-11.246696133767404,2.1969141960144043,0.027311726,3.849685799690985,0.3363155241935484,0.9797478318214417
253,222,49.30920546999999,87.1,10775,2727936,590,0.638923168182373,0.2,0.012710831103552329,0.0003,-11.236280993411416,2.7872843742370605,0.028631376,4.338679269740456,0.3405633223684211,0.9767259359359741
254,223,45.80801278999999,83.51,10773,2740224,593,0.6382050514221191,0.2,0.007702684355021085,0.0003,-11.221206080238774,2.1415319442749023,0.037793078,5.025322844397347,0.36206515330188677,0.9728809595108032
255,224,43.288390840000005,79.88,10775,2752512,595,0.6375671029090881,0.2,0.01046647214724754,0.0003,-11.20449214715224,2.4537832736968994,0.040079303,4.952275679661677,0.32369290865384615,0.974353551864624
256,225,42.3953872,80.98,10779,2764800,596,0.6377378106117249,0.2,0.014844472457965215,0.0003,-11.200379912058512,2.510533571243286,0.027360393,3.1341875473658245,0.334765625,0.9825915098190308
257,226,44.92232970999999,82.88,10781,2777088,597,0.6373721957206726,0.2,0.013607766779680406,0.0003,-11.19461699455015,2.435943841934204,0.027442675,4.859155270361131,0.3321572580645161,0.9712970852851868
258,227,45.34369528,83.81,10781,2789376,598,0.637309730052948,0.2,0.016457898175700546,0.0003,-11.190692556665299,1.9810024499893188,0.029046105,3.845009519698772,0.3490691489361702,0.9790717363357544
259,228,43.000455540000004,80.13,10779,2801664,599,0.6373283267021179,0.2,0.014150089712749267,0.0003,-11.18954901859678,1.7718865871429443,0.026185624,3.647943085637586,0.3263739224137931,0.9794551134109497
261,229,45.411191269999996,82.66,10779,2813952,601,0.6367098689079285,0.2,0.012706116043652097,0.0003,-11.180619700749714,1.4478068351745605,0.034982514,4.248711812496185,0.3509765625,0.9747622609138489
262,230,43.277344940000006,77.55,10781,2826240,603,0.6359117031097412,0.2,0.015646454654634,0.0003,-11.165974864959717,2.1735386848449707,0.041286144,4.28550127029419,0.344140625,0.9732134938240051
263,231,46.30269606000001,82.56,10785,2838528,604,0.6356385946273804,0.2,0.01604117837268859,0.0003,-11.155029714107513,2.0390329360961914,0.022808706,3.4502788484096527,0.283203125,0.9795329570770264
264,232,43.94166144999999,80.07,10788,2850816,605,0.6353411674499512,0.2,0.015835511907935144,0.0003,-11.147432823181152,1.6435644626617432,0.028958295,3.307576856613159,0.35171875,0.9813784956932068
265,233,40.96202565000001,79.0,10791,2863104,606,0.6353010535240173,0.2,0.010598417293901244,0.0003,-11.143601417541504,1.5586787462234497,0.027220214,3.337767004966736,0.3180338541666667,0.979918897151947
266,234,42.71121545000001,79.89,10792,2875392,608,0.6353017687797546,0.2,0.014986171245069827,0.0003,-11.139703685954466,1.7192397117614746,0.042216923,3.3012207867735524,0.3587129237288136,0.9754518866539001
267,235,43.45023545999999,81.29,10794,2887680,609,0.635181188583374,0.2,0.01826441935263574,0.0003,-11.137738752365113,1.6660137176513672,0.029665668,3.661731684207916,0.348046875,0.9768927097320557
268,236,51.45109699999999,91.53,10799,2899968,610,0.6350693106651306,0.2,0.013413085860924589,0.0003,-11.135479715135363,2.0088021755218506,0.025756871,4.858153210745917,0.2994791666666667,0.974312961101532
269,237,45.45744922,84.16,10799,2912256,612,0.6343491077423096,0.2,0.010371866662843296,0.0003,-11.125512251487145,2.075376033782959,0.03896868,5.3404885071974535,0.31204927884615385,0.9725382328033447
270,238,47.23048245,85.97,10796,2924544,613,0.6343134641647339,0.2,0.010081689851358534,0.0003,-11.120240116119385,2.3555569648742676,0.018115006,5.126074874401093,0.2265625,0.9739294648170471
272,239,47.50382656,85.43,10793,2936832,615,0.6343126893043518,0.2,0.011425734605067052,0.0003,-11.116873990572415,3.101280450820923,0.032220557,5.158180871376625,0.3375,0.9727512001991272
273,240,47.248016709999995,86.23,10792,2949120,616,0.6341493725776672,0.2,0.011766944802366197,0.0003,-11.117316389083863,2.562579870223999,0.020298785,4.607226836681366,0.2607421875,0.9759359955787659
274,241,42.77289797,80.81,10794,2961408,617,0.6337723135948181,0.2,0.010810920439491218,0.0003,-11.110849944027988,3.2847208976745605,0.023901828,4.494518464261835,0.2975852272727273,0.9768131375312805
275,242,43.985634680000004,82.27,10798,2973696,618,0.633645236492157,0.2,0.011569879276471006,0.0003,-11.104628403981527,1.5573265552520752,0.026645407,3.7772006856070623,0.3187934027777778,0.9771542549133301
276,243,51.10393735,89.35,10795,2985984,619,0.6334540843963623,0.2,0.016254805475473404,0.0003,-11.100599403381347,2.1714634895324707,0.02942246,4.02932523727417,0.358125,0.9777634143829346
277,244,48.20440626,87.49,10794,2998272,620,0.6333798766136169,0.2,0.014233906598140797,0.0003,-11.09525277879503,2.2526185512542725,0.026186356,4.9036020040512085,0.3248697916666667,0.976372241973877
278,245,48.75391779,88.85,10794,3010560,621,0.6334534883499146,0.2,0.017160236719064415,0.0003,-11.09638185934587,2.231142520904541,0.028409733,4.434608925472606,0.34810014204545453,0.9786866307258606
